"id","prompt_responsavel","categoria","nome","descricao","estado"
"P01-RF-001","P01","RF","","Orquestrar P03 → P04 → P05 → P06 → P07, carregando P02 como biblioteca comum. Executar uma etapa por solicitação, verificar dependências e registrar o próximo passo; não avançar automaticamente.","validado_piloto"
"P01-RF-002","P01","RF","","Manter registro de continuidade e matriz de rastreabilidade atualizados a cada etapa, com decisões, arquivos, testes, evidências, commits e pendências; distinguir conclusão local de sincronização remota.","validado_piloto"
"P01-RNF-001","P01","RNF","","Preservar trabalho existente; pedir decisão somente quando impedir uma ação dependente, continuar atividades independentes e declarar suposições. Revisão dos prompts não inicia implementação.","validado_piloto"
"P02-RF-001","P02","RF","","Usar IDs globais exclusivos Pnn-RF/RNF/MOD/FUN/TST-nnn; cada item tem um único prompt responsável. Referenciar requisitos compartilhados sem recodificá-los. Não reutilizar IDs excluídos; cadastrar novos itens antes de implementá-los.","validado_piloto"
"P02-RF-002","P02","RF","","Centralizar escrita validada com publicação atômica de manifestos, intermediários e saídas; temporário no diretório de destino; verificar êxito da operação e preservar versão válida na falha. Documentar limitações de rename/substituição no Windows/OneDrive.","validado_piloto"
"P02-RF-003","P02","RF","","Gerar hashes de conteúdo e assinaturas determinísticas de parâmetros relevantes e versão explícita da transformação; registrar algoritmo, normalização e critérios de equivalência.","validado_piloto"
"P02-RF-004","P02","RF","","Disponibilizar comando único de testes e seleção por etapa; dados pequenos simulados, relógio/rede controláveis e testes unitários sem rede nem credenciais. Separar integração real e verificações manuais.","validado_piloto"
"P02-RF-005","P02","RF","","Atualizar README desde a primeira etapa: objetivo, escopo, pré-requisitos, dependências, estrutura, fontes, configuração, execução RStudio, saídas, regras, rastreabilidade, retomada, parâmetros, testes, limitações, problemas comuns e melhorias futuras.","validado_piloto"
"P02-RF-006","P02","RF","","Aplicar usar_checkpoints=TRUE, atualizar_downloads=FALSE, forcar_reprocessamento=FALSE. Checkpoints controlam somente intermediários; manifestos sempre persistem. Forçar prevalece e refaz download/consolidação selecionados. Atualizar consulta a fonte, inicialmente por download completo. Conteúdo idêntico permite reaproveitar intermediários salvo força. Preservar unidades fora da seleção.","validado_piloto"
"P02-RNF-001","P02","RNF","","Protótipo didático em R/RStudio, com funções simples e dependências justificadas. CI Windows/Linux e fixação renv autorizadas neste incremento; outros fundos e GUI continuam fora do escopo.","validado_piloto"
"P02-RNF-002","P02","RNF","","Cada módulo, função pública/auxiliar nomeada e entrada terá comentário com ID, responsável, finalidade, requisitos, entradas/saídas e efeitos. Lambdas puras curtas internas herdam ID e contexto da função, sem módulo independente; registrar decisões/limitações.","validado_piloto"
"P02-RNF-003","P02","RNF","","Não inventar URLs, esquemas, resultados, downloads, verificações, commits ou identificação de pessoas. Referenciar documentação oficial e distinguir evidência observada, histórico, inferência e simulação.","validado_piloto"
"P02-RNF-004","P02","RNF","","Guardar segredos necessários em .env; versionar apenas .env.example fictício. Reutilizar autenticação gerenciada, sem copiar tokens; CVM pública sem credenciais. Ignorar dados, saídas, checkpoints, logs, temporários, .R-library e .Rproj.user; nunca publicar caminhos pessoais ou valores sensíveis.","validado_piloto"
"P02-RNF-005","P02","RNF","","Ao concluir etapa: revisar diferenças, executar verificações pertinentes, selecionar apenas alterações do projeto, conferir segredos, commit pequeno Conventional Commits e push; confirmar hash local/remoto. Sem commits vazios, push forçado, descarte ou reescrita. Falha remota preserva commit e permite trabalho local; execução rotineira dos dados não faz commit/push.","validado_piloto"
"P02-RNF-006","P02","RNF","","Processar por origem e persistir progresso, sem carregar todo o histórico obrigatoriamente na memória. Não fixar meta de desempenho sem medição; demonstrar consumo viável no período curto e documentar limites.","validado_piloto"
"P03-RF-001","P03","RF","","Documentar recursos e verificações sugeridas: R, RStudio, UTF-8, pacotes, pasta, permissões e executáveis. Não realizar diagnóstico nem exigir resultados.","validado_documental"
"P03-RF-002","P03","RF","","Explicar criação futura do projeto, pastas e documentos a partir dos prompts, preservação de arquivos e caminhos relativos. Não gerar ou executar scripts de preparação como entrega obrigatória.","validado_documental"
"P03-RF-003","P03","RF","","Explicar conta própria, identidade Git, repositório GitHub, remoto, visibilidade e autenticação oficial. Não solicitar credenciais na conversa nem efetuar login/publicação como preparação do leitor.","validado_documental"
"P03-RNF-001","P03","RNF","","Não instalar recursos, alterar configuração global, criar VM ou contornar políticas de acesso. Se a futura instalação exigir administrador, orientar solicitação ao responsável ou alternativa oficialmente suportada.","validado_documental"
"P03-RNF-002","P03","RNF","","Separar instruções, revisão documental e evidência histórica. Roteiro entregue não significa ambiente instalado, testado ou reprodução independente comprovada.","validado_documental"
"P04-RF-001","P04","RF","","Dataset inicial fixado: informes mensais de FIDCs da CVM. Consultar catálogo, DADOS, HIST e dicionário; registrar acesso, política de atualização, organização temporal, recursos reais e cobertura conhecida. Definir seleção por disponibilidade oficial e período solicitado.","validado_piloto"
"P04-RF-002","P04","RF","","Configurar FIDC, datas inclusivas, tabelas e caminhos. CSV/RDS temporais obrigatórios; gerar_flat=TRUE por padrão e FALSE para temporais/cedentes com aceite próprio. exportar_parquet=FALSE por padrão, extensão opcional.","validado_piloto"
"P04-RF-003","P04","RF","","Inventariar tabelas I a IX, X e subdivisões descritas no dicionário oficial, incluindo X_1, X_1_1 e X_2 a X_7; confirmar membros reais nos informes quando autorizado. Registrar implementadas, obrigatórias, opcionais e fora do escopo. Não presumir presença de CSV pela presença de metadado. Ausência esperada por versão não é falha; ausência obrigatória produz incompletude.","validado_piloto"
"P04-RF-004","P04","RF","","Planejar unidades de download por ZIP mensal/anual e unidades de transformação por membro CSV/tabela/origem. Arquivo anual abrangente é preservado integralmente e filtrado por data na consolidação; evitar duplicar competência por sobreposição de fontes. Mudança histórica de layout exige mapa versionado.","validado_piloto"
"P04-RF-005","P04","RF","","Definir contrato de esquema: nomes originais/canônicos, tipos, separador, encoding, decimais, datas, unidades monetárias/percentuais, identificadores fundo/classe, granularidade e chaves confirmadas por tabela. Distinguir propriedades declaradas no dicionário de propriedades verificadas nos CSVs. Descrição/domínio vazios, encoding CSV, escala percentual, chaves e cardinalidades não confirmados permanecem pendentes; não fabricar aliases ou semântica.","validado_piloto"
"P04-RNF-001","P04","RNF","","Implementar somente os comandos e requisitos dos prompts atuais. Consultar as fontes oficiais previstas nos prompts para validar disponibilidade e layout dos dados. Manter origem e versão de cada decisão de esquema.","validado_piloto"
"P05-RF-001","P05","RF","","Baixar seleção para temporário junto ao destino, validar HTTP, tamanho, hash, integridade ZIP e membros esperados antes de publicar original. Não concluir por mera existência de arquivo.","validado_piloto"
"P05-RF-002","P05","RF","","Aplicar tentativas limitadas documentadas para timeout, erros transitórios e limites de requisição quando aplicáveis; distinguir indisponível, falha técnica e acesso negado. Não insistir em indisponibilidade definitiva; não executar espera real nos testes.","validado_piloto"
"P05-RF-003","P05","RF","","Manifesto persistente por download: unidade, dataset, referência, URL, caminho, tamanho, hash, status, motivo, HTTP quando houver, tentativas, início e fim. Estados pendente/em processamento/concluído/falhou/indisponível, persistidos antes e depois dos efeitos. Reavaliar em processamento ao reiniciar.","validado_piloto"
"P05-RF-004","P05","RF","","Reutilizar originais concluídos e validados; refazer somente ausentes, parciais ou corrompidos segundo P02-RF-006. Atualização falha preserva original válido anterior e não o declara atualizado.","validado_piloto"
"P05-RF-005","P05","RF","","Extrair ZIP em área temporária segregada por unidade, validar nomes e contenção na pasta destino, membros e hashes; publicar extração válida com manifesto e limpar apenas temporários da unidade. Prevenir sobrescrita de arquivos homônimos de ZIPs distintos.","validado_piloto"
"P05-RF-006","P05","RF","","Exibir início, progresso, reutilização, reprocessamento, falhas e resumo por estado. Registrar unidades faltantes e versão local anterior usada ou disponível; download com faltas não é sucesso integral.","validado_piloto"
"P05-RNF-001","P05","RNF","","Retomada independente da sessão R e arquivos temporários nunca considerados concluídos. Preservar originais e unidades fora da seleção; invocar utilitários P02 sem duplicar suas regras.","validado_piloto"
"P06-RF-001","P06","RF","","Ler identificadores como texto preservando zeros e valor original. Converter datas/valores pelo contrato, preservar nomes originais e detectar colisões após normalização; erro de conversão gera diagnóstico com origem, não NA silencioso. Validar vazio e esquema incompatível.","validado_piloto"
"P06-RF-002","P06","RF","","Concatenar por tabela apenas origens selecionadas e filtrar linhas pelo período inclusivo. Preservar identificador de ZIP/membro/linha, referência, fundo e classe separados; derivar unidade informacional pelo mapa versionado, registrando fonte e conflitos. Não confundir fundo com classe.","validado_piloto"
"P06-RF-003","P06","RF","","Tratar duplicidades sem presumir chave nem descartar registro legítimo. Linha integral repetida só é removida sob política documentada com contagem e auditoria; conflito de mesma chave é preservado/relatado ou resolvido por regra oficial verificada. Maior completude e última ordem de leitura não comprovam reapresentação mais recente.","validado_piloto"
"P06-RF-004","P06","RF","","Consolidar tabelas compatíveis somente após verificar unicidade na chave exata do join, cardinalidade, órfãos e colisões de campos. Tabela I como âncora apenas com justificativa de cobertura; registros existentes só no complemento devem ser detectados e preservados em saída/relatório. VIII mantém temporal separado e integra o flat por pivot de todos os detalhes antes de join 1:1, sem multiplicar valores.","validado_piloto"
"P06-RF-005","P06","RF","","Produzir intermediário separado validado por unidade. Manifesto: unidade, estado, hash da entrada, assinatura de parâmetros, versão da transformação, caminho/hash do intermediário, linhas e validação. Retomada revalida em processamento e invalida somente afetados, sem novo download por mudança só na transformação.","validado_piloto"
"P06-RF-006","P06","RF","","Montar saídas determinísticas a partir do conjunto atual de intermediários válidos, sem append a saídas antigas; garantir equivalência completa/retomada e idempotência. Saídas RDS e CSV obrigatório; documentar tabelas individuais, consolidado e relatórios auxiliares.","validado_piloto"
"P06-RF-007","P06","RF","","Gerar tabela longa de cedentes a partir dos grupos confirmados de NI/percentual com mesmo índice. Preservar linha, índice, colunas e valores originais, fundo/classe e data. Ausência de percentual é registrada; confirmar escala antes de converter. Não assumir que lista de cedentes seja exaustiva nem que percentuais devam somar 100 sem regra oficial.","validado_piloto"
"P06-RF-008","P06","RF","","Distinguir formato CPF/CNPJ de validade dos dígitos e identidade cadastral. Completar zeros só como hipótese configurável, preservando NI original, candidatos e motivo; ambos válidos implica ambiguidade sem seleção. Inferência não prova titularidade; repetição não sobrescreve histórico. Entrada não numérica é preservada e não convertida em dígitos artificiais.","validado_piloto"
"P06-RF-009","P06","RF","","Permitir saída parcial validada com flag incompleto e lista de unidades/tabelas faltantes; não atende aceite local. Nenhuma unidade válida preserva última geração concluída, registra tentativa falha separadamente e não anuncia sucesso atual. Atualização falha deve permanecer visível no resumo final.","validado_piloto"
"P06-RNF-001","P06","RNF","","Operações de leitura/transformação não dependem de objetos globais, setwd, rm(list=ls()), View ou dependências não previstas nos prompts. Ao carregar funções não executar downloads/ETL nem alterar ambiente do usuário; scripts de entrada invocam funções explicitamente.","validado_piloto"
"P06-RNF-002","P06","RNF","","Não aplicar validador numérico a identificadores alfanuméricos desconhecidos. Preservar e sinalizar formato não suportado; evoluir suporte apenas após confirmação oficial. Mascaras são apresentação, chave usa representação textual documentada.","validado_piloto"
"P07-RF-001","P07","RF","","Demonstrar execução real pequena de seleção/download/extração/leitura/consolidação, interrupção e retomada em novo processo R; executar suíte completa e integração separada, registrando comandos e evidências por ID.","validado_piloto"
"P07-RF-002","P07","RF","","Concluir README e relatório de aceite local/completo, inventário de entregas, limitações e melhorias futuras. Aceite local exige dados reais completos do escopo, retomada sem perda/duplicação, testes aprovados e exclusões Git; completo exige código/documentação sincronizados com commit remoto confirmado.","validado_piloto"
"P07-RF-003","P07","RF","","Verificar .env simulado sem expor valores, exclusões Git, autenticação/remoto/URL/hash após push. Simular falha de push em ambiente isolado local, sem alterar remotos reais; assegurar preservação do commit e tentativa posterior sem duplicá-lo.","validado_piloto"
"P07-RNF-001","P07","RNF","","Não declarar conclusão integral com obrigação pendente, resultado parcial, testes não executados ou bloqueio de sincronização. Testes de aceite avaliam entregas observadas e rastreabilidade, não apenas existência de arquivos.","validado_piloto"
"P01-MOD-001","P01","MOD","scripts/p01_executar.R","scripts/p01_executar.R","validado_piloto"
"P02-MOD-001","P02","MOD","scripts/p02_utilitarios.R","scripts/p02_utilitarios.R","validado_piloto"
"P03-MOD-001","P03","MOD","scripts/p03_verificar_ambiente.R","Escopo anterior, preservado como histórico opcional. scripts/p03_verificar_ambiente.R","historico"
"P04-MOD-001","P04","MOD","scripts/p04_configuracao_fidc.R","scripts/p04_configuracao_fidc.R","validado_piloto"
"P05-MOD-001","P05","MOD","scripts/p05_download_fidc.R","scripts/p05_download_fidc.R","validado_piloto"
"P06-MOD-001","P06","MOD","scripts/p06_consolidacao_fidc.R","scripts/p06_consolidacao_fidc.R","validado_piloto"
"P07-MOD-001","P07","MOD","scripts/p07_aceite.R","scripts/p07_aceite.R","validado_piloto"
"P01-FUN-001","P01","FUN","executar_etapa","Recebe etapa/configuração; valida dependências, chama módulo responsável e devolve resumo; sem publicação Git na execução rotineira.","validado_piloto"
"P02-FUN-001","P02","FUN","gravar_validado_atomico","Recebe objeto/caminho/validador; publica validado ou preserva anterior; retorna caminho/hash e estado.","validado_piloto"
"P02-FUN-002","P02","FUN","calcular_hash_assinatura","Recebe arquivo ou parâmetros canonizados e versão; retorna hash e metadados determinísticos.","validado_piloto"
"P02-FUN-003","P02","FUN","resolver_politica_execucao","Recebe três booleanos; devolve baixar/atualizar/refazer/reutilizar, sem efeitos.","validado_piloto"
"P02-FUN-004","P02","FUN","validar_rastreabilidade","Recebe catálogo/ligacoes; identifica IDs duplicados, referências ausentes, funções sem comentários e requisitos sem teste.","validado_piloto"
"P03-FUN-001","P03","FUN","verificar_ambiente","Escopo anterior, preservado como histórico opcional. Recebe raiz e dependências escolhidas; retorna observações e pendências sem imprimir credenciais.","historico"
"P03-FUN-002","P03","FUN","preparar_projeto","Escopo anterior, preservado como histórico opcional. Recebe raiz/plano; cria somente ausentes e devolve mudanças verificáveis, preservando arquivos.","historico"
"P04-FUN-001","P04","FUN","validar_configuracao","Recebe config; retorna config tipada ou mensagem específica de erro.","validado_piloto"
"P04-FUN-002","P04","FUN","inventariar_recursos_fidc","Recebe páginas/dicionário oficial; retorna recursos, disponibilidade, tabela/esquema e evidência.","validado_piloto"
"P04-FUN-003","P04","FUN","selecionar_unidades_fidc","Recebe config/inventário; devolve plano único de ZIPs e membros com cobertura temporal.","validado_piloto"
"P05-FUN-001","P05","FUN","baixar_unidade_fidc","Recebe unidade/política/transporte injetável; atualiza manifesto e devolve original validado ou falha distinta.","validado_piloto"
"P05-FUN-002","P05","FUN","retomar_downloads_fidc","Recebe seleção/manifesto persistido; revalida arquivos, aplica política e resume estados.","validado_piloto"
"P05-FUN-003","P05","FUN","extrair_zip_fidc","Recebe ZIP validado/destino; devolve membros segregados e manifesto com hashes.","validado_piloto"
"P06-FUN-001","P06","FUN","ler_padronizar_fidc","Recebe membro/contrato; retorna dados tipados e diagnósticos com origem.","validado_piloto"
"P06-FUN-002","P06","FUN","auditar_chaves_fidc","Recebe tabela/chaves/regras; retorna multiplicidades, conflitos e trilha sem descarte presumido.","validado_piloto"
"P06-FUN-003","P06","FUN","consolidar_tabelas_fidc","Recebe tabelas válidas e regras; devolve consolidado compatível, saídas separadas e órfãos/conflitos.","validado_piloto"
"P06-FUN-004","P06","FUN","retomar_consolidacao_fidc","Recebe seleção/config/manifestos; reutiliza ou processa unidades e monta saída atual.","validado_piloto"
"P06-FUN-005","P06","FUN","extrair_cedentes_fidc","Recebe tabela I padronizada e mapa; retorna tabela longa sem perder índice/origem/NI.","validado_piloto"
"P06-FUN-006","P06","FUN","avaliar_identificador_cedente","Recebe NI original/opção zeros; retorna formato, DV, candidatos e motivo, sem confirmar identidade.","validado_piloto"
"P07-FUN-001","P07","FUN","executar_aceite","Recebe plano de demonstração/matriz; executa verificações autorizadas e retorna evidências e critérios satisfeitos.","validado_piloto"
"P07-FUN-002","P07","FUN","gerar_relatorio_aceite","Recebe evidências; retorna aceite local/completo separados, pendências e documentação final.","validado_piloto"
"P01-TST-001","P01","TST","","Plano respeita dependências; etapa 6 solicitada sem entradas validadas retorna pendência, sem executar etapa 7.","validado_piloto"
"P01-TST-002","P01","TST","","Revisão de continuidade: requisito pendente e push não confirmado continuam pendentes; edição não descarta arquivo preexistente.","validado_piloto"
"P02-TST-001","P02","TST","","Escrita interrompida ou validador falho não publica temporário nem destrói versão válida; plataforma sem substituição atômica informa limitação.","validado_piloto"
"P02-TST-002","P02","TST","","Conteúdo/parâmetros iguais em ordem distinta geram assinatura igual; alteração relevante ou versão gera assinatura diferente.","validado_piloto"
"P02-TST-003","P02","TST","","Oito combinações dos booleanos: checkpoints FALSE não força download; atualizar consulta; forçar refaz ambos; unidades externas preservadas.","validado_piloto"
"P02-TST-004","P02","TST","","Duplicar ID, remover referência e função sem requisito/comentário produz diagnóstico; catálogo íntegro passa.","validado_piloto"
"P02-TST-005","P02","TST","","Runner seleciona etapa e suíte completa; testes unitários passam sem rede/credenciais e sem esperas reais.","validado_piloto"
"P02-TST-006","P02","TST","","Revisar README e código para simplicidade, dependências justificadas, fontes, classificação de evidências e processamento por unidade; conferir todos os tópicos exigidos.","validado_piloto"
"P02-TST-007","P02","TST","","Revisar diff/index Git e logs: exclusões e .env.example correto, ausência de segredos, commits pertinentes; rotina de dados não chama Git.","validado_piloto"
"P03-TST-001","P03","TST","","Escopo anterior, preservado como histórico opcional. Dependência ausente e RStudio inacessível são pendências; carregar pacote instalado é verificação distinta; locale inválido informa problema.","historico"
"P03-TST-002","P03","TST","","Escopo anterior, preservado como histórico opcional. Preparação em pasta temporária com arquivos existentes preserva bytes, não reinstala recursos válidos nem altera ambiente global.","historico"
"P03-TST-003","P03","TST","","Escopo anterior, preservado como histórico opcional. Remoto parametrizado próprio em HTTPS/SSH, divergência, referência ausente e entradas inválidas; sessão e visibilidade preservadas sem efeitos.","historico"
"P04-TST-001","P04","TST","","Aceitar FIDC e datas válidas; rejeitar dataset/tabela não implementados, datas malformadas, intervalo invertido e caminho inválido.","validado_piloto"
"P04-TST-002","P04","TST","","Inventário simulado anual/mensal: seleção inclui unidades necessárias sem duplicar sobreposição; intervalo em ano histórico não produz meses fictícios.","validado_piloto"
"P04-TST-003","P04","TST","","Mapa de layout diferencia I/VIII/X, aliases de classe e períodos; campo ou membro desconhecido vira pendência; não presume encoding/percentual.","validado_piloto"
"P04-TST-004","P04","TST","","Conferir catálogo/listagens/dicionário oficial e registrar URLs, acesso e arquivos realmente disponíveis para duas unidades.","validado_piloto"
"P05-TST-001","P05","TST","","Resposta simulada ZIP válido gera manifesto coerente/concluído; HTML com HTTP 200, ZIP inválido e arquivo vazio não são publicados.","validado_piloto"
"P05-TST-002","P05","TST","","Timeout/5xx transitório têm tentativas limitadas; 404 definitivo vira indisponível; 403 não vira ausência de dados; motivo/HTTP registrados.","validado_piloto"
"P05-TST-003","P05","TST","","Interromper após iniciar; nova sessão lê manifesto e refaz só parcial/ausente/corrompido; válido reutilizado sem requisição.","validado_piloto"
"P05-TST-004","P05","TST","","Atualização falha preserva original; conteúdo igual permite checkpoint e forçar refaz. Resumo distingue atualização falha e saída parcial.","validado_piloto"
"P05-TST-005","P05","TST","","Dois ZIPs com mesmo basename permanecem segregados; membro ../, caminho absoluto ou extração incompleta é rejeitado sem escrita externa.","validado_piloto"
"P05-TST-006","P05","TST","","Download real de duas unidades pequenas selecionadas, ZIP íntegro e extração verificável; execução de rede separada dos unitários.","validado_piloto"
"P06-TST-001","P06","TST","","Acentos, zeros, decimal por contrato, datas, vazio, esquema incompatível e colisão de nomes: comparar dados/diagnósticos esperados.","validado_piloto"
"P06-TST-002","P06","TST","","Filtrar limites inclusivos e distinguir dois fundos/classes/meses/origens; fallback não preenche classe com fundo sem flag; NI textual mantido.","validado_piloto"
"P06-TST-003","P06","TST","","Repetição integral e conflito de chave têm trilha; linhas legítimas não são eliminadas por completude ou ordem de leitura.","validado_piloto"
"P06-TST-004","P06","TST","","Join com múltiplos VIII não multiplica PL; duplicidade na chave real impede join; órfãos e campos conflitantes ficam relatados/preservados.","validado_piloto"
"P06-TST-005","P06","TST","","Interromper após primeira unidade, abrir novo processo R e retomar; alterar entrada/parâmetro/versão invalida só afetados e não baixa original válido.","validado_piloto"
"P06-TST-006","P06","TST","","Completa versus retomada versus repetida: mesma seleção, ordem, linhas/valores; excluir unidade da seleção não deixa linhas antigas; CSV/RDS coerentes.","validado_piloto"
"P06-TST-007","P06","TST","","Dois cedentes/índices, percentual ausente e escala configurada: tabela longa esperada com originais e origem; sem soma presumida ou perda de repetição.","validado_piloto"
"P06-TST-008","P06","TST","","NI válido, DV inválido, sequências repetidas, zeros ausentes, ambos candidatos válidos, vazio e alfanumérico: distinguir formato/DV/ambiguidade, preservar original e repetir sem reescrever histórico.","validado_piloto"
"P06-TST-009","P06","TST","","Uma unidade faltante gera incompleto/lista; zero unidades válidas não retorna saída antiga; source dos módulos não executa ETL nem altera globais.","validado_piloto"
"P07-TST-001","P07","TST","","Piloto real completo, interrupção e retomada em processo novo, todas tabelas do escopo e conjunto de testes por etapa e comuns aprovados.","validado_piloto"
"P07-TST-002","P07","TST","","Fixture .env e git check-ignore/index: segredos/dados/checkpoints excluídos e exemplo fictício incluído; sem imprimir valores.","validado_piloto"
"P07-TST-003","P07","TST","","Remoto bare local isolado: simular falha de push, confirmar commit preservado, corrigir causa e tentar mesmo commit; não criar remoto real.","validado_piloto"
"P07-TST-004","P07","TST","","Aceite não aprova se teste obrigatório falhou/não executado, resultado parcial ou push pendente; README contém instruções verificadas e limitações.","validado_piloto"
"P07-TST-005","P07","TST","","Confirmar URL/remoto/autenticação e hash local/remoto após push realmente autorizado no fluxo de desenvolvimento.","validado_piloto"
"P03-FUN-003","P03","FUN","verificar_repositorio","Escopo anterior, preservado como histórico opcional. Avalia observações Git/GitHub contra repositorio_esperado explícito, sem conta fixa; ausência é pendência e formato inválido é erro; preserva sessão/visibilidade sem efeitos.","historico"
"P02-MOD-002","P02","MOD","scripts/p02_testar.R","Runner simples sem rede, com selecao por etapa e somente suites implementadas.","validado_piloto"
"P03-RF-004","P03","RF","","Orientar preparação desde ambiente limpo com somente os sete prompts, fontes oficiais e ordem de uso de R, RStudio, Git e Codex, sem código ou guia preexistente obrigatório.","validado_documental"
"P02-RNF-007","P02","RNF","","Mini projeto didático da Especialização em Engenharia de Software com IA Generativa: aplicar IA em todo o ciclo com revisão e decisões humanas; registrar contribuição, comandos e evidências. Explicar práticas de requisitos, incrementos, contratos, testes, revisão e versionamento sem alegar técnicas ou etapas não executadas.","validado_piloto"
"P03-TST-004","P03","TST","","Cancelado por mudança de escopo em 01/10/2026. Não é pendência. Partir de computador ou VM independente sem ferramentas ou código, fornecer somente os sete prompts, instalar/configurar ferramentas, gerar projeto e registros com IA, executar preparação e testes P03, revisar exclusões e publicar em repositório próprio. Registrar decisões, versões e evidências; ausência de validação mantém reprodução limpa pendente.","cancelado"
"P01-RF-003","P01","RF","","Na primeira reprodução, partir somente dos sete prompts atuais, sem presumir ferramentas, código, projeto ou registros. Criar artefatos de continuidade e rastreabilidade a partir dos contratos dos prompts; usar artefatos prévios somente após geração e verificação no ambiente do próprio leitor.","validado_piloto"
"P02-RNF-008","P02","RNF","","Nomear scripts próprios com pNN_nome_da_funcao.ext pelo prompt responsável e testes com test-pNN-finalidade.R; documentar dependências e preservar IDs. Ao renomear, atualizar chamadas, wrappers, testes, comandos, catálogo e matriz e validar a execução existente; não implementar etapas futuras apenas para nomear scripts.","validado_piloto"
"P02-TST-008","P02","TST","","Nomenclatura, destinos de chamadas e execução local das suítes existentes após renomeação.","validado_piloto"
"P01-RF-004","P01","RF","","No fechamento de cada incremento, manter o mapa didático do ciclo de desenvolvimento baseado no SWEBOK, relacionado a prompts, IDs, artefatos, IA/revisão humana, evidências e estados; atualizar documento e RETOMADA quando houver mudança, sem iniciar fases futuras para preencher o mapa.","validado_piloto"
"P02-RNF-009","P02","RNF","","Gerar e manter documentacao/ciclo_desenvolvimento_swebok.md com etapas enumeradas e explicadas e aplicação ao projeto. Distinguir áreas SWEBOK da adaptação didática, citar edição/fontes oficiais e separar estados e provas; documento é saída dos sete prompts, não pré-requisito nem prova de conclusão integral.","validado_piloto"
"P02-TST-009","P02","TST","","Revisão documental do mapa do ciclo SWEBOK e integração aos sete prompts, sem confundir planejamento com execução.","validado_piloto"
"P01-RF-005","P01","RF","","Incorporar novos pedidos e decisões do usuário aos requisitos dos prompts responsáveis antes da implementação dependente; cadastrar IDs quando necessário, preservar IDs, atualizar rastreabilidade e registrar preferências/decisões e limites de autorização. Manter referências e arquitetura coerentes com as mudanças.","validado_piloto"
"P02-RNF-010","P02","RNF","","Manter documentacao/arquitetura.md com somente um DFD, fluxos nomeados, depósitos, transformações, limites e relação com P01-P07. Conferir contra os scripts; revisão textual não equivale a renderização.","validado_piloto"
"P02-TST-010","P02","TST","","Revisão documental da arquitetura, diagramas, chamadas e incorporação de pedidos aos requisitos.","validado_piloto"
"P03-RF-005","P03","RF","","Entregar roteiro documental com passos, finalidade, pré-requisitos, alternativas sem administrador e limitações. Aceitar por revisão de completude e coerência; não testar sua execução.","validado_documental"
"P03-TST-005","P03","TST","","Revisão documental do roteiro de preparação, RF-001 a RF-005 e RNF-001/002, sem testar a execução.","validado_documental"
"P03-RF-006","P03","RF","","Cancelado por mudança de escopo em 01/10/2026. Não é pendência. Se a validação P03-TST-004 usar VM Windows limpa, verificar primeiro recursos, ferramenta de virtualização, permissões e mídia oficial. Registrar a infraestrutura como pré-requisito separado; só criar/iniciar a VM quando esses itens e o ambiente estiverem definidos. Não alterar recursos do host, reiniciar, instalar hipervisor ou copiar código/credenciais do autor implicitamente. VM criada não comprova teste P03 executado.","cancelado"
"P03-MOD-002","P03","MOD","prompts/AMBIENTE_DO_ZERO.md","Roteiro documental de preparação, sem execução ou teste.","validado_documental"
"P02-FUN-005","P02","FUN","carregar_pipeline","Carrega módulos P02/P04/P05/P06/P07 em ambiente isolado, sem executar etapas.","validado_piloto"
"P02-FUN-006","P02","FUN","validar_destino","Verifica contenção de caminhos e impede escrita fora da raiz ou por links.","validado_piloto"
"P05-FUN-004","P05","FUN","validar_zip_fidc","Verifica ZIP, caminhos, membros, leitura integral e limites antes de publicar.","validado_piloto"
"P05-FUN-005","P05","FUN","transportar_http","Transporte HTTP controlável para testes, com timeout e estado HTTP.","validado_piloto"
"P06-FUN-007","P06","FUN","validar_dv_ni","Valida dígitos de CPF/CNPJ numéricos sem confirmar titularidade.","validado_piloto"
"P06-RF-010","P06","RF","","Gerar CSV temporal por leiaute inf_mensal_fidc_tab_ID.csv, abrangendo I–X e subdivisões disponíveis selecionadas; filtrar competência e preservar arquivo_origem, ZIP e linha. CSV passa a entrega obrigatória, além de RDS.","validado_piloto"
"P06-RF-011","P06","RF","","No modo completo padrão, gerar flat CSV/RDS por CNPJ/competência, com todas as origens e detalhes em posições independentes por leiaute, sem agregação ou produto cartesiano. O modo temporal explícito dispensa somente o flat e tem aceite específico.","validado_piloto"
"P06-TST-010","P06","TST","","Consolidado de todos os leiautes preserva múltiplos registros em colunas, mantém órfãos/origens, não multiplica valores e é determinístico.","validado_piloto"
"P01-FUN-002","P01","FUN","executar_pipeline_etapa","Executa uma etapa explícita P04 a P07, valida entradas persistidas e devolve resultado; não inicia a etapa seguinte nem chama Git.","validado_piloto"
"P02-RF-007","P02","RF","","Fixar R e dependencias com renv.lock e biblioteca local, registrar ambiente e executar CI Windows/Linux com fixtures sem rede CVM ou credenciais.","validado_local_ci_configurada"
"P02-MOD-003","P02","MOD","scripts/p02_dependencias.R","Fixar R e dependencias com renv.lock e biblioteca local, registrar ambiente e executar CI Windows/Linux com fixtures sem rede CVM ou credenciais.","validado_local"
"P02-FUN-009","P02","FUN","assinatura_codigo","Fixar R e dependencias com renv.lock e biblioteca local, registrar ambiente e executar CI Windows/Linux com fixtures sem rede CVM ou credenciais.","validado_local"
"P02-FUN-010","P02","FUN","registrar_ambiente","Fixar R e dependencias com renv.lock e biblioteca local, registrar ambiente e executar CI Windows/Linux com fixtures sem rede CVM ou credenciais.","validado_local"
"P02-FUN-011","P02","FUN","gerenciar_dependencias","Fixar R e dependencias com renv.lock e biblioteca local, registrar ambiente e executar CI Windows/Linux com fixtures sem rede CVM ou credenciais.","validado_local"
"P02-TST-011","P02","TST","","Fixar R e dependencias com renv.lock e biblioteca local, registrar ambiente e executar CI Windows/Linux com fixtures sem rede CVM ou credenciais.","validado_local"
"P02-RF-008","P02","RF","","Recuperar rollback validado, preservar arquivos corrompidos e falhas de escrita, sem anunciar sucesso anterior; conservar limites de rename no Windows/OneDrive.","validado_local"
"P02-FUN-007","P02","FUN","recuperar_rollback","Recuperar rollback validado, preservar arquivos corrompidos e falhas de escrita, sem anunciar sucesso anterior; conservar limites de rename no Windows/OneDrive.","validado_local"
"P02-FUN-008","P02","FUN","ler_rds_recuperavel","Recuperar rollback validado, preservar arquivos corrompidos e falhas de escrita, sem anunciar sucesso anterior; conservar limites de rename no Windows/OneDrive.","validado_local"
"P02-TST-012","P02","TST","","Recuperar rollback validado, preservar arquivos corrompidos e falhas de escrita, sem anunciar sucesso anterior; conservar limites de rename no Windows/OneDrive.","validado_local"
"P04-RF-006","P04","RF","","Configurar gerar_flat=TRUE por padrao, FALSE para temporais/cedentes; exportar_parquet=FALSE por padrao. Modos compoem assinatura e criterios de aceite.","validado_local"
"P06-RF-012","P06","RF","","Produzir relatorio estruturado por tabela/competencia com esquema, multiplicidades, repeticoes, identificadores e conversoes. Preservar originais, diagnosticar falhas antes de interromper e nao confirmar unidades sem fonte oficial.","validado_local"
"P06-FUN-008","P06","FUN","relatar_qualidade_fidc","Produzir relatorio estruturado por tabela/competencia com esquema, multiplicidades, repeticoes, identificadores e conversoes. Preservar originais, diagnosticar falhas antes de interromper e nao confirmar unidades sem fonte oficial.","validado_local"
"P06-TST-011","P06","TST","","Produzir relatorio estruturado por tabela/competencia com esquema, multiplicidades, repeticoes, identificadores e conversoes. Preservar originais, diagnosticar falhas antes de interromper e nao confirmar unidades sem fonte oficial.","validado_local"
"P06-RF-013","P06","RF","","Medir tempo, bytes e memoria com metodo explicito; concatenar partes uma vez por tabela; permitir modo sem flat mantendo o padrao; avaliar Parquet opcional sem dependencia obrigatoria.","validado_local"
"P06-MOD-002","P06","MOD","scripts/p06_medir.R","Medir tempo, bytes e memoria com metodo explicito; concatenar partes uma vez por tabela; permitir modo sem flat mantendo o padrao; avaliar Parquet opcional sem dependencia obrigatoria.","validado_local"
"P06-FUN-009","P06","FUN","medir_pipeline","Medir tempo, bytes e memoria com metodo explicito; concatenar partes uma vez por tabela; permitir modo sem flat mantendo o padrao; avaliar Parquet opcional sem dependencia obrigatoria.","validado_local"
"P06-FUN-010","P06","FUN","exportar_parquet_fidc","Medir tempo, bytes e memoria com metodo explicito; concatenar partes uma vez por tabela; permitir modo sem flat mantendo o padrao; avaliar Parquet opcional sem dependencia obrigatoria.","validado_local"
"P06-TST-012","P06","TST","","Medir tempo, bytes e memoria com metodo explicito; concatenar partes uma vez por tabela; permitir modo sem flat mantendo o padrao; avaliar Parquet opcional sem dependencia obrigatoria.","validado_local"
"P07-RF-004","P07","RF","","Gerar e validar evidencias de testes/retomada vinculadas a configuracao completa, assinatura da geracao e hash do codigo/testes/lockfile. Executar retomada em processo novo e comparar hashes; booleanos manuais nao aprovam o aceite operacional.","validado_local"
"P07-MOD-002","P07","MOD","scripts/p07_evidencias.R","Gerar e validar evidencias de testes/retomada vinculadas a configuracao completa, assinatura da geracao e hash do codigo/testes/lockfile. Executar retomada em processo novo e comparar hashes; booleanos manuais nao aprovam o aceite operacional.","validado_local"
"P07-FUN-003","P07","FUN","produzir_evidencias_aceite","Gerar e validar evidencias de testes/retomada vinculadas a configuracao completa, assinatura da geracao e hash do codigo/testes/lockfile. Executar retomada em processo novo e comparar hashes; booleanos manuais nao aprovam o aceite operacional.","validado_local"
"P07-FUN-004","P07","FUN","validar_evidencias_aceite","Gerar e validar evidencias de testes/retomada vinculadas a configuracao completa, assinatura da geracao e hash do codigo/testes/lockfile. Executar retomada em processo novo e comparar hashes; booleanos manuais nao aprovam o aceite operacional.","validado_local"
"P07-TST-006","P07","TST","","Gerar e validar evidencias de testes/retomada vinculadas a configuracao completa, assinatura da geracao e hash do codigo/testes/lockfile. Executar retomada em processo novo e comparar hashes; booleanos manuais nao aprovam o aceite operacional.","validado_local"
"P02-FUN-012","P02","FUN","assinatura_transformacao","Hash seletivo da lógica relevante.","validado_local_robustez"
"P02-FUN-013","P02","FUN","registrar_tentativa","Tentativa auditável por etapa com fim e motivo.","validado_local_robustez"
"P02-RF-009","P02","RF","Vínculos e tentativas","Plano, downloads, lógica, contratos e geração vinculados; tentativas por etapa e preservação da última geração concluída.","validado_local_robustez"
"P02-TST-013","P02","TST","Estados e invalidação","Regressões locais de estados, assinaturas e preservação.","validado_local_robustez"
"P04-FUN-004","P04","FUN","assinar_plano_fidc","Canonizar e assinar plano.","validado_local_robustez"
"P04-FUN-005","P04","FUN","validar_downloads_plano","Validar entradas contra plano atual em chamadas diretas.","validado_local_robustez"
"P04-TST-005","P04","TST","Completude do plano","Expandir período, reordenar, duplicar, omitir e migrar entradas; mensal/anual.","validado_local_robustez"
"P06-RF-014","P06","RF","Proveniência e invalidação","Vínculo direto, invalidação seletiva e preservação de geração anterior.","validado_local_robustez"
"P06-TST-013","P06","TST","Invalidação seletiva","Mapa por tabela, lógica e mudanças documentais.","validado_local_robustez"
"P07-RF-005","P07","RF","Demonstração isolada","Processos novos, checkpoint persistido, políticas distintas e executor injetável sem recursão.","validado_local_robustez"
"P07-RF-006","P07","RF","Aceite temporal e completude","Identidade, datas, esquemas CSV/RDS e plano em ambos modos; seleção vazia pendente.","validado_local_robustez"
"P07-TST-007","P07","TST","Aceite temporal","Rejeitar chaves, datas, esquemas e proveniência incompatíveis.","validado_local_robustez"
"P07-TST-008","P07","TST","Políticas e isolamento","16 combinações e produtor em processos R separados sem alterar execução normal.","validado_local_robustez"
"P04-RF-007","P04","RF","Vínculo do plano","Cobertura e assinatura determinística sem sobreposição; migração conservadora.","validado_local_robustez"
"P07-RF-007","P07","RF","Resumo mensal PL","Soma, extremos, quartis tipo 7 e CV amostral por data completa DT_COMPTC, sem agrupar datas pelo mês, sem alterar datasets.","validado_local_robustez"
"P07-MOD-003","P07","MOD","scripts/p07_resumo_pl.R","Resumo reprodutível de PL da tabela IV.","validado_local_robustez"
"P07-FUN-005","P07","FUN","resumir_pl_mensal","Estatísticas por data completa DT_COMPTC, sem agrupar datas pelo mês, com chaves únicas e casos sem PL/CV indefinido.","validado_local_robustez"
"P07-FUN-006","P07","FUN","atualizar_resumo_pl","Validar geração recente e acrescentar estatísticas preservando soma publicada.","validado_local_robustez"
"P07-TST-009","P07","TST","Resumo PL","Quantis, CV amostral, ausentes, média zero e prevenção de soma duplicada.","validado_local_robustez"

"P08-RF-001","P08","RF","","Validar configuração, geração P06 concluída, cobertura, assinatura e hashes de I/IV.","validado_local"
"P08-RF-002","P08","RF","","Calcular estatísticas por competência e contagens de fundos/classes e administradores com vínculo CNPJ/data.","validado_local"
"P08-RF-003","P08","RF","","Winsorizar por data e calcular top 25 por administrador e trimestre, com percentual no PL total e limites explícitos.","validado_local"
"P08-RF-004","P08","RF","","Gerar CSVs completos, RDS assinado, relatório e página; tabelas exibem Q4 dos cinco anos completos mais recentes sem rolagem horizontal.","validado_local"
"P08-RNF-001","P08","RNF","","Documentar fonte, método, unidade desconhecida, cobertura e limites; adaptar tabelas do Pages a telas estreitas sem rolagem horizontal.","validado_local"
"P08-MOD-001","P08","MOD","scripts/p08_resumo_dados.R","Estatísticas consolidadas após P06.","validado_local"
"P08-FUN-001","P08","FUN","gerar_resumo_dados_fidc","Validar geração e produzir estatísticas por competência e ranking por administrador/trimestre.","validado_local"
"P08-FUN-002","P08","FUN","scripts/p08_documentar_resumo.R","Renderizar documentação estatística dinâmica e acessível.","validado_local"
"P08-TST-001","P08","TST","Estatísticas consolidadas","Planejado; sem suíte automatizada executada nesta atualização.","planejado_pendente_execucao"
