"requisito_id","prompt_responsavel","modulo_id","funcoes_ids","teste_id","tipo_teste","estado","arquivo_real","evidencia","commit"
"P01-RF-001","P01","P01-MOD-001","P01-FUN-001","P01-TST-001","unitario","validado_piloto","scripts/p01_executar.R","Suíte 22 casos/210 verificações; piloto completo e retomada; alcance por ID em registro_testes.csv e P07_ACEITE_ENTREGA.md.","6e91ee098695175f2468a08a372aa2e4fadc1715"
"P01-RF-002","P01","P01-MOD-001","P01-FUN-001","P01-TST-002","revisao","validado_piloto","scripts/p01_executar.R","Suíte 22 casos/210 verificações; piloto completo e retomada; alcance por ID em registro_testes.csv e P07_ACEITE_ENTREGA.md.","6e91ee098695175f2468a08a372aa2e4fadc1715"
"P01-RNF-001","P01","P01-MOD-001","","P01-TST-002","revisao","validado_piloto","scripts/p01_executar.R","Suíte 22 casos/210 verificações; piloto completo e retomada; alcance por ID em registro_testes.csv e P07_ACEITE_ENTREGA.md.","6e91ee098695175f2468a08a372aa2e4fadc1715"
"P02-RF-001","P02","P02-MOD-001","P02-FUN-004","P02-TST-004","unitario","validado_piloto","scripts/p02_utilitarios.R","Suíte 22 casos/210 verificações; piloto completo e retomada; alcance por ID em registro_testes.csv e P07_ACEITE_ENTREGA.md.","6e91ee098695175f2468a08a372aa2e4fadc1715"
"P02-RF-002","P02","P02-MOD-001","P02-FUN-001","P02-TST-001","unitario","validado_piloto","scripts/p02_utilitarios.R","Suíte 22 casos/210 verificações; piloto completo e retomada; alcance por ID em registro_testes.csv e P07_ACEITE_ENTREGA.md.","6e91ee098695175f2468a08a372aa2e4fadc1715"
"P02-RF-003","P02","P02-MOD-001","P02-FUN-002","P02-TST-002","unitario","validado_piloto","scripts/p02_utilitarios.R","Suíte 22 casos/210 verificações; piloto completo e retomada; alcance por ID em registro_testes.csv e P07_ACEITE_ENTREGA.md.","6e91ee098695175f2468a08a372aa2e4fadc1715"
"P02-RF-004","P02","P02-MOD-002","","P02-TST-005","integracao_local","validado_piloto","scripts/p02_testar.R","Suíte 22 casos/210 verificações; piloto completo e retomada; alcance por ID em registro_testes.csv e P07_ACEITE_ENTREGA.md.","6e91ee098695175f2468a08a372aa2e4fadc1715"
"P02-RF-005","P02","P02-MOD-001","","P02-TST-006","revisao","validado_piloto","scripts/p02_utilitarios.R","Suíte 22 casos/210 verificações; piloto completo e retomada; alcance por ID em registro_testes.csv e P07_ACEITE_ENTREGA.md.","6e91ee098695175f2468a08a372aa2e4fadc1715"
"P02-RF-006","P02","P02-MOD-001","P02-FUN-003","P02-TST-003","unitario","validado_piloto","scripts/p02_utilitarios.R","Suíte 22 casos/210 verificações; piloto completo e retomada; alcance por ID em registro_testes.csv e P07_ACEITE_ENTREGA.md.","6e91ee098695175f2468a08a372aa2e4fadc1715"
"P02-RNF-001","P02","P02-MOD-001","","P02-TST-006","revisao","validado_piloto","scripts/p02_utilitarios.R","Suíte 22 casos/210 verificações; piloto completo e retomada; alcance por ID em registro_testes.csv e P07_ACEITE_ENTREGA.md.","6e91ee098695175f2468a08a372aa2e4fadc1715"
"P02-RNF-002","P02","P02-MOD-001","P02-FUN-004","P02-TST-004","unitario","validado_piloto","scripts/p02_utilitarios.R","Suíte 22 casos/210 verificações; piloto completo e retomada; alcance por ID em registro_testes.csv e P07_ACEITE_ENTREGA.md.","6e91ee098695175f2468a08a372aa2e4fadc1715"
"P02-RNF-003","P02","P02-MOD-001","","P02-TST-006","revisao","validado_piloto","scripts/p02_utilitarios.R","Suíte 22 casos/210 verificações; piloto completo e retomada; alcance por ID em registro_testes.csv e P07_ACEITE_ENTREGA.md.","6e91ee098695175f2468a08a372aa2e4fadc1715"
"P02-RNF-004","P02","P02-MOD-001","","P02-TST-007","integracao_local","validado_piloto","scripts/p02_utilitarios.R","Suíte 22 casos/210 verificações; piloto completo e retomada; alcance por ID em registro_testes.csv e P07_ACEITE_ENTREGA.md.","6e91ee098695175f2468a08a372aa2e4fadc1715"
"P02-RNF-005","P02","P02-MOD-001","","P02-TST-007","integracao_local","validado_piloto","scripts/p02_utilitarios.R","Push origin main concluído; HEAD local/remoto iguais e árvore limpa; código no commit 6e91ee0. Fechamento documental publicado separadamente.","6e91ee098695175f2468a08a372aa2e4fadc1715"
"P02-RNF-006","P02","P02-MOD-001","","P02-TST-006","revisao","validado_piloto","scripts/p02_utilitarios.R","Suíte 22 casos/210 verificações; piloto completo e retomada; alcance por ID em registro_testes.csv e P07_ACEITE_ENTREGA.md.","6e91ee098695175f2468a08a372aa2e4fadc1715"
"P03-RF-001","P03","P03-MOD-001","P03-FUN-001","P03-TST-001","unitario","historico","scripts/p03_verificar_ambiente.R","Evidência do contrato anterior, não aprova requisito documental revisado. RETOMADA.md; registro_testes.csv; console fornecido pelo usuario; consulta GitHub autorizada","6a8de17a6b779312f3dcc6ddf771eb02b30aa443"
"P03-RF-002","P03","P03-MOD-001","P03-FUN-002","P03-TST-002","unitario","historico","scripts/p03_preparar_projeto.R","Evidência do contrato anterior, não aprova requisito documental revisado. RETOMADA.md; registro_testes.csv; console fornecido pelo usuario; consulta GitHub autorizada","6a8de17a6b779312f3dcc6ddf771eb02b30aa443"
"P03-RF-003","P03","P03-MOD-001","P03-FUN-003","P03-TST-003","integracao_local","historico","scripts/p03_verificar_ambiente.R","Evidência do contrato anterior, não aprova requisito documental revisado. P03-TST-003 ampliado: referência explícita conta/projeto, HTTPS/SSH, divergências, ausências e entradas inválidas. Suite P03: 43 verificações; completa: 89. Sem rede/autenticação real; reprodução limpa independente segue pendente.",""
"P03-RNF-001","P03","P03-MOD-001","P03-FUN-002","P03-TST-002","unitario","historico","scripts/p03_preparar_projeto.R","Evidência do contrato anterior, não aprova requisito documental revisado. RETOMADA.md; registro_testes.csv; console fornecido pelo usuario; consulta GitHub autorizada","6a8de17a6b779312f3dcc6ddf771eb02b30aa443"
"P03-RNF-002","P03","P03-MOD-001","P03-FUN-001","P03-TST-001","unitario","historico","scripts/p03_verificar_ambiente.R","Evidência do contrato anterior, não aprova requisito documental revisado. RETOMADA.md; registro_testes.csv; console fornecido pelo usuario; consulta GitHub autorizada","6a8de17a6b779312f3dcc6ddf771eb02b30aa443"
"P04-RF-001","P04","P04-MOD-001","P04-FUN-002","P04-TST-004","integracao_rede","validado_piloto","P04_LEITURA_DICIONARIO_CVM.md; P04_CAMPOS_DECLARADOS_DICIONARIO.csv","Suíte 22 casos/210 verificações; piloto completo e retomada; alcance por ID em registro_testes.csv e P07_ACEITE_ENTREGA.md.","6e91ee098695175f2468a08a372aa2e4fadc1715"
"P04-RF-002","P04","P04-MOD-001","P04-FUN-001","P04-TST-001","unitario","validado_piloto","P04_LEITURA_DICIONARIO_CVM.md; P04_CAMPOS_DECLARADOS_DICIONARIO.csv","Suíte 22 casos/210 verificações; piloto completo e retomada; alcance por ID em registro_testes.csv e P07_ACEITE_ENTREGA.md.","6e91ee098695175f2468a08a372aa2e4fadc1715"
"P04-RF-003","P04","P04-MOD-001","P04-FUN-002","P04-TST-003","unitario","validado_piloto","P04_LEITURA_DICIONARIO_CVM.md; P04_CAMPOS_DECLARADOS_DICIONARIO.csv","Suíte 22 casos/210 verificações; piloto completo e retomada; alcance por ID em registro_testes.csv e P07_ACEITE_ENTREGA.md.","6e91ee098695175f2468a08a372aa2e4fadc1715"
"P04-RF-004","P04","P04-MOD-001","P04-FUN-003","P04-TST-002","unitario","validado_piloto","scripts/p04_configuracao_fidc.R","Suíte 22 casos/210 verificações; piloto completo e retomada; alcance por ID em registro_testes.csv e P07_ACEITE_ENTREGA.md.","6e91ee098695175f2468a08a372aa2e4fadc1715"
"P04-RF-005","P04","P04-MOD-001","P04-FUN-002","P04-TST-003","unitario","validado_piloto","P04_LEITURA_DICIONARIO_CVM.md; P04_CAMPOS_DECLARADOS_DICIONARIO.csv","Suíte 22 casos/210 verificações; piloto completo e retomada; alcance por ID em registro_testes.csv e P07_ACEITE_ENTREGA.md.","6e91ee098695175f2468a08a372aa2e4fadc1715"
"P04-RNF-001","P04","P04-MOD-001","P04-FUN-002","P04-TST-003","unitario","validado_piloto","P04_LEITURA_DICIONARIO_CVM.md; P04_CAMPOS_DECLARADOS_DICIONARIO.csv","Suíte 22 casos/210 verificações; piloto completo e retomada; alcance por ID em registro_testes.csv e P07_ACEITE_ENTREGA.md.","6e91ee098695175f2468a08a372aa2e4fadc1715"
"P05-RF-001","P05","P05-MOD-001","P05-FUN-001","P05-TST-001","unitario","validado_piloto","scripts/p05_download_fidc.R","Suíte 22 casos/210 verificações; piloto completo e retomada; alcance por ID em registro_testes.csv e P07_ACEITE_ENTREGA.md.","6e91ee098695175f2468a08a372aa2e4fadc1715"
"P05-RF-001","P05","P05-MOD-001","P05-FUN-001","P05-TST-006","integracao_rede","validado_piloto","scripts/p05_download_fidc.R","Suíte 22 casos/210 verificações; piloto completo e retomada; alcance por ID em registro_testes.csv e P07_ACEITE_ENTREGA.md.","6e91ee098695175f2468a08a372aa2e4fadc1715"
"P05-RF-002","P05","P05-MOD-001","P05-FUN-001","P05-TST-002","unitario","validado_piloto","scripts/p05_download_fidc.R","Suíte 22 casos/210 verificações; piloto completo e retomada; alcance por ID em registro_testes.csv e P07_ACEITE_ENTREGA.md.","6e91ee098695175f2468a08a372aa2e4fadc1715"
"P05-RF-003","P05","P05-MOD-001","P05-FUN-001","P05-TST-001","unitario","validado_piloto","scripts/p05_download_fidc.R","Suíte 22 casos/210 verificações; piloto completo e retomada; alcance por ID em registro_testes.csv e P07_ACEITE_ENTREGA.md.","6e91ee098695175f2468a08a372aa2e4fadc1715"
"P05-RF-004","P05","P05-MOD-001","P05-FUN-002","P05-TST-003","integracao_local","validado_piloto","scripts/p05_download_fidc.R","Suíte 22 casos/210 verificações; piloto completo e retomada; alcance por ID em registro_testes.csv e P07_ACEITE_ENTREGA.md.","6e91ee098695175f2468a08a372aa2e4fadc1715"
"P05-RF-004","P05","P05-MOD-001","P05-FUN-002","P05-TST-004","unitario","validado_piloto","scripts/p05_download_fidc.R","Suíte 22 casos/210 verificações; piloto completo e retomada; alcance por ID em registro_testes.csv e P07_ACEITE_ENTREGA.md.","6e91ee098695175f2468a08a372aa2e4fadc1715"
"P05-RF-005","P05","P05-MOD-001","P05-FUN-003","P05-TST-005","unitario","validado_piloto","scripts/p05_download_fidc.R","Suíte 22 casos/210 verificações; piloto completo e retomada; alcance por ID em registro_testes.csv e P07_ACEITE_ENTREGA.md.","6e91ee098695175f2468a08a372aa2e4fadc1715"
"P05-RF-005","P05","P05-MOD-001","P05-FUN-003","P05-TST-006","integracao_rede","validado_piloto","scripts/p05_download_fidc.R","Suíte 22 casos/210 verificações; piloto completo e retomada; alcance por ID em registro_testes.csv e P07_ACEITE_ENTREGA.md.","6e91ee098695175f2468a08a372aa2e4fadc1715"
"P05-RF-006","P05","P05-MOD-001","P05-FUN-002","P05-TST-004","unitario","validado_piloto","scripts/p05_download_fidc.R","Suíte 22 casos/210 verificações; piloto completo e retomada; alcance por ID em registro_testes.csv e P07_ACEITE_ENTREGA.md.","6e91ee098695175f2468a08a372aa2e4fadc1715"
"P05-RNF-001","P05","P05-MOD-001","P05-FUN-002","P05-TST-003","integracao_local","validado_piloto","scripts/p05_download_fidc.R","Suíte 22 casos/210 verificações; piloto completo e retomada; alcance por ID em registro_testes.csv e P07_ACEITE_ENTREGA.md.","6e91ee098695175f2468a08a372aa2e4fadc1715"
"P06-RF-001","P06","P06-MOD-001","P06-FUN-001","P06-TST-001","unitario","validado_piloto","scripts/p06_consolidacao_fidc.R","Suíte 22 casos/210 verificações; piloto completo e retomada; alcance por ID em registro_testes.csv e P07_ACEITE_ENTREGA.md.","6e91ee098695175f2468a08a372aa2e4fadc1715"
"P06-RF-002","P06","P06-MOD-001","P06-FUN-001","P06-TST-002","unitario","validado_piloto","scripts/p06_consolidacao_fidc.R","Suíte 22 casos/210 verificações; piloto completo e retomada; alcance por ID em registro_testes.csv e P07_ACEITE_ENTREGA.md.","6e91ee098695175f2468a08a372aa2e4fadc1715"
"P06-RF-003","P06","P06-MOD-001","P06-FUN-002","P06-TST-003","unitario","validado_piloto","scripts/p06_consolidacao_fidc.R","Suíte 22 casos/210 verificações; piloto completo e retomada; alcance por ID em registro_testes.csv e P07_ACEITE_ENTREGA.md.","6e91ee098695175f2468a08a372aa2e4fadc1715"
"P06-RF-004","P06","P06-MOD-001","P06-FUN-003","P06-TST-004","unitario","validado_piloto","scripts/p06_consolidacao_fidc.R","Suíte 22 casos/210 verificações; piloto completo e retomada; alcance por ID em registro_testes.csv e P07_ACEITE_ENTREGA.md.","6e91ee098695175f2468a08a372aa2e4fadc1715"
"P06-RF-005","P06","P06-MOD-001","P06-FUN-004","P06-TST-005","integracao_local","validado_piloto","scripts/p06_consolidacao_fidc.R","Suíte 22 casos/210 verificações; piloto completo e retomada; alcance por ID em registro_testes.csv e P07_ACEITE_ENTREGA.md.","6e91ee098695175f2468a08a372aa2e4fadc1715"
"P06-RF-006","P06","P06-MOD-001","P06-FUN-004","P06-TST-006","unitario","validado_piloto","scripts/p06_consolidacao_fidc.R","Suíte 22 casos/210 verificações; piloto completo e retomada; alcance por ID em registro_testes.csv e P07_ACEITE_ENTREGA.md.","6e91ee098695175f2468a08a372aa2e4fadc1715"
"P06-RF-007","P06","P06-MOD-001","P06-FUN-005","P06-TST-007","unitario","validado_piloto","scripts/p06_consolidacao_fidc.R","Suíte 22 casos/210 verificações; piloto completo e retomada; alcance por ID em registro_testes.csv e P07_ACEITE_ENTREGA.md.","6e91ee098695175f2468a08a372aa2e4fadc1715"
"P06-RF-008","P06","P06-MOD-001","P06-FUN-006","P06-TST-008","unitario","validado_piloto","scripts/p06_consolidacao_fidc.R","Suíte 22 casos/210 verificações; piloto completo e retomada; alcance por ID em registro_testes.csv e P07_ACEITE_ENTREGA.md.","6e91ee098695175f2468a08a372aa2e4fadc1715"
"P06-RF-009","P06","P06-MOD-001","P06-FUN-004","P06-TST-009","unitario","validado_piloto","scripts/p06_consolidacao_fidc.R","Suíte 22 casos/210 verificações; piloto completo e retomada; alcance por ID em registro_testes.csv e P07_ACEITE_ENTREGA.md.","6e91ee098695175f2468a08a372aa2e4fadc1715"
"P06-RNF-001","P06","P06-MOD-001","P06-FUN-004","P06-TST-009","unitario","validado_piloto","scripts/p06_consolidacao_fidc.R","Suíte 22 casos/210 verificações; piloto completo e retomada; alcance por ID em registro_testes.csv e P07_ACEITE_ENTREGA.md.","6e91ee098695175f2468a08a372aa2e4fadc1715"
"P06-RNF-002","P06","P06-MOD-001","P06-FUN-001 P06-FUN-006","P06-TST-001","unitario","validado_piloto","scripts/p06_consolidacao_fidc.R","Suíte 22 casos/210 verificações; piloto completo e retomada; alcance por ID em registro_testes.csv e P07_ACEITE_ENTREGA.md.","6e91ee098695175f2468a08a372aa2e4fadc1715"
"P06-RNF-002","P06","P06-MOD-001","P06-FUN-001 P06-FUN-006","P06-TST-008","unitario","validado_piloto","scripts/p06_consolidacao_fidc.R","Suíte 22 casos/210 verificações; piloto completo e retomada; alcance por ID em registro_testes.csv e P07_ACEITE_ENTREGA.md.","6e91ee098695175f2468a08a372aa2e4fadc1715"
"P07-RF-001","P07","P07-MOD-001","P07-FUN-001","P07-TST-001","aceite","validado_piloto","scripts/p07_aceite.R","Suíte 22 casos/210 verificações; piloto completo e retomada; alcance por ID em registro_testes.csv e P07_ACEITE_ENTREGA.md.","6e91ee098695175f2468a08a372aa2e4fadc1715"
"P07-RF-002","P07","P07-MOD-001","P07-FUN-002","P07-TST-004","aceite","validado_piloto","scripts/p07_aceite.R","Suíte 22 casos/210 verificações; piloto completo e retomada; alcance por ID em registro_testes.csv e P07_ACEITE_ENTREGA.md.","6e91ee098695175f2468a08a372aa2e4fadc1715"
"P07-RF-003","P07","P07-MOD-001","P07-FUN-001","P07-TST-002","integracao_local","validado_piloto","scripts/p07_aceite.R","Suíte 22 casos/210 verificações; piloto completo e retomada; alcance por ID em registro_testes.csv e P07_ACEITE_ENTREGA.md.","6e91ee098695175f2468a08a372aa2e4fadc1715"
"P07-RF-003","P07","P07-MOD-001","P07-FUN-001","P07-TST-003","integracao_local","validado_piloto","scripts/p07_aceite.R","Suíte 22 casos/210 verificações; piloto completo e retomada; alcance por ID em registro_testes.csv e P07_ACEITE_ENTREGA.md.","6e91ee098695175f2468a08a372aa2e4fadc1715"
"P07-RF-003","P07","P07-MOD-001","P07-FUN-001","P07-TST-005","integracao_rede","validado_piloto","scripts/p07_aceite.R","Push origin main concluído; HEAD local/remoto iguais e árvore limpa; código no commit 6e91ee0. Fechamento documental publicado separadamente.","6e91ee098695175f2468a08a372aa2e4fadc1715"
"P07-RNF-001","P07","P07-MOD-001","P07-FUN-002","P07-TST-004","aceite","validado_piloto","scripts/p07_aceite.R","Suíte 22 casos/210 verificações; piloto completo e retomada; alcance por ID em registro_testes.csv e P07_ACEITE_ENTREGA.md.","6e91ee098695175f2468a08a372aa2e4fadc1715"
"P01-RF-003","P01","P01-MOD-001","P01-FUN-001","P01-TST-002","revisao","validado_piloto","prompts/AMBIENTE_DO_ZERO.md","Suíte 22 casos/210 verificações; piloto completo e retomada; alcance por ID em registro_testes.csv e P07_ACEITE_ENTREGA.md.","6e91ee098695175f2468a08a372aa2e4fadc1715"
"P02-RNF-007","P02","P02-MOD-001","","P02-TST-006","revisao","validado_piloto","prompts/AMBIENTE_DO_ZERO.md","Suíte 22 casos/210 verificações; piloto completo e retomada; alcance por ID em registro_testes.csv e P07_ACEITE_ENTREGA.md.","6e91ee098695175f2468a08a372aa2e4fadc1715"
"P03-RF-004","P03","P03-MOD-001","","P03-TST-004","integracao_manual","cancelado","prompts/AMBIENTE_DO_ZERO.md","Vínculo do escopo anterior cancelado em 01/10/2026; teste nunca executado.",""
"P03-RF-002","P03","P03-MOD-001","P03-FUN-002","P03-TST-004","integracao_manual","cancelado","prompts/AMBIENTE_DO_ZERO.md","Vínculo do escopo anterior cancelado em 01/10/2026; teste nunca executado.",""
"P03-RF-003","P03","P03-MOD-001","P03-FUN-003","P03-TST-004","integracao_manual","cancelado","prompts/AMBIENTE_DO_ZERO.md","Vínculo do escopo anterior cancelado em 01/10/2026; teste nunca executado.",""
"P02-RNF-008","P02","P02-MOD-002","","P02-TST-008","revisao_execucao_local","validado_piloto","scripts/p02_testar.R","Suíte 22 casos/210 verificações; piloto completo e retomada; alcance por ID em registro_testes.csv e P07_ACEITE_ENTREGA.md.","6e91ee098695175f2468a08a372aa2e4fadc1715"
"P01-RF-004","P01","P01-MOD-001","","P02-TST-009","revisao_documental","validado_piloto","Fases do Ciclo de Desenvolvimento de Software SWEBOK.md","Suíte 22 casos/210 verificações; piloto completo e retomada; alcance por ID em registro_testes.csv e P07_ACEITE_ENTREGA.md.","6e91ee098695175f2468a08a372aa2e4fadc1715"
"P02-RNF-009","P02","P02-MOD-001","","P02-TST-009","revisao_documental","validado_piloto","Fases do Ciclo de Desenvolvimento de Software SWEBOK.md","Suíte 22 casos/210 verificações; piloto completo e retomada; alcance por ID em registro_testes.csv e P07_ACEITE_ENTREGA.md.","6e91ee098695175f2468a08a372aa2e4fadc1715"
"P01-RF-005","P01","P01-MOD-001","","P02-TST-010","revisao_documental","validado_piloto","ARQUITETURA.md","Suíte 22 casos/210 verificações; piloto completo e retomada; alcance por ID em registro_testes.csv e P07_ACEITE_ENTREGA.md.","6e91ee098695175f2468a08a372aa2e4fadc1715"
"P02-RNF-010","P02","P02-MOD-001","","P02-TST-010","revisao_documental","validado_piloto","ARQUITETURA.md","Suíte 22 casos/210 verificações; piloto completo e retomada; alcance por ID em registro_testes.csv e P07_ACEITE_ENTREGA.md.","6e91ee098695175f2468a08a372aa2e4fadc1715"
"P03-RF-005","P03","P03-MOD-002","","P03-TST-005","revisao_documental","validado_documental","prompts/AMBIENTE_DO_ZERO.md","Revisão documental: roteiro, fontes, ordem, alternativas sem administrador e ausência de teste de execução.",""
"P03-RF-006","P03","P03-MOD-001","","P03-TST-004","integracao_manual","cancelado","VALIDACAO_P03_AMBIENTE_LIMPO.md","Vínculo do escopo anterior cancelado em 01/10/2026; teste nunca executado.",""
"P03-RF-001","P03","P03-MOD-002","","P03-TST-005","revisao_documental","validado_documental","prompts/AMBIENTE_DO_ZERO.md","Revisão documental do roteiro sem execução; RETOMADA.md",""
"P03-RF-002","P03","P03-MOD-002","","P03-TST-005","revisao_documental","validado_documental","prompts/AMBIENTE_DO_ZERO.md","Revisão documental do roteiro sem execução; RETOMADA.md",""
"P03-RF-003","P03","P03-MOD-002","","P03-TST-005","revisao_documental","validado_documental","prompts/AMBIENTE_DO_ZERO.md","Revisão documental do roteiro sem execução; RETOMADA.md",""
"P03-RF-004","P03","P03-MOD-002","","P03-TST-005","revisao_documental","validado_documental","prompts/AMBIENTE_DO_ZERO.md","Revisão documental do roteiro sem execução; RETOMADA.md",""
"P03-RNF-001","P03","P03-MOD-002","","P03-TST-005","revisao_documental","validado_documental","prompts/AMBIENTE_DO_ZERO.md","Revisão documental do roteiro sem execução; RETOMADA.md",""
"P03-RNF-002","P03","P03-MOD-002","","P03-TST-005","revisao_documental","validado_documental","prompts/AMBIENTE_DO_ZERO.md","Revisão documental do roteiro sem execução; RETOMADA.md",""
"P01-RF-001","P01","P01-MOD-001","P01-FUN-002","P01-TST-001","unitario","validado_piloto","scripts/p01_pipeline_fidc.R","Suíte 22 casos/210 verificações; piloto completo e retomada; alcance por ID em registro_testes.csv e P07_ACEITE_ENTREGA.md.","6e91ee098695175f2468a08a372aa2e4fadc1715"
"P02-RF-001","P02","P02-MOD-001","P02-FUN-005","P02-TST-004","unitario","validado_piloto","scripts/p02_utilitarios.R","Suíte 22 casos/210 verificações; piloto completo e retomada; alcance por ID em registro_testes.csv e P07_ACEITE_ENTREGA.md.","6e91ee098695175f2468a08a372aa2e4fadc1715"
"P02-RF-002","P02","P02-MOD-001","P02-FUN-006","P02-TST-001","unitario","validado_piloto","scripts/p02_utilitarios.R","Suíte 22 casos/210 verificações; piloto completo e retomada; alcance por ID em registro_testes.csv e P07_ACEITE_ENTREGA.md.","6e91ee098695175f2468a08a372aa2e4fadc1715"
"P05-RF-001","P05","P05-MOD-001","P05-FUN-004 P05-FUN-005","P05-TST-001","unitario","validado_piloto","scripts/p05_download_fidc.R","Suíte 22 casos/210 verificações; piloto completo e retomada; alcance por ID em registro_testes.csv e P07_ACEITE_ENTREGA.md.","6e91ee098695175f2468a08a372aa2e4fadc1715"
"P06-RF-008","P06","P06-MOD-001","P06-FUN-007","P06-TST-008","unitario","validado_piloto","scripts/p06_consolidacao_fidc.R","Suíte 22 casos/210 verificações; piloto completo e retomada; alcance por ID em registro_testes.csv e P07_ACEITE_ENTREGA.md.","6e91ee098695175f2468a08a372aa2e4fadc1715"
"P06-RF-010","P06","P06-MOD-001","P06-FUN-004","P06-TST-006","integracao_local","validado_piloto","scripts/p06_consolidacao_fidc.R","Suíte 22 casos/210 verificações; piloto completo e retomada; alcance por ID em registro_testes.csv e P07_ACEITE_ENTREGA.md.","6e91ee098695175f2468a08a372aa2e4fadc1715"
"P06-RF-011","P06","P06-MOD-001","P06-FUN-003","P06-TST-010","unitario","validado_piloto","scripts/p06_consolidacao_fidc.R","Suíte 22 casos/210 verificações; piloto completo e retomada; alcance por ID em registro_testes.csv e P07_ACEITE_ENTREGA.md.","6e91ee098695175f2468a08a372aa2e4fadc1715"
"P02-RF-007","P02","P02-MOD-003","P02-FUN-011","P02-TST-011","integracao_local","validado_local","scripts/p02_dependencias.R","P07_EVIDENCIAS_INCREMENTO.json; suíte 36 casos/275 verificações; logs locais; DESEMPENHO.md; CI distinta do piloto real","revisao_2026-10-02"
"P02-RF-008","P02","P02-MOD-001","P02-FUN-007 P02-FUN-008","P02-TST-012","integracao_local","validado_local","scripts/p02_utilitarios.R","P07_EVIDENCIAS_INCREMENTO.json; suíte 36 casos/275 verificações; logs locais; DESEMPENHO.md; CI distinta do piloto real","revisao_2026-10-02"
"P04-RF-006","P04","P04-MOD-001","P04-FUN-001","P04-TST-003","integracao_local","validado_local","scripts/p04_configuracao_fidc.R","P07_EVIDENCIAS_INCREMENTO.json; suíte 36 casos/275 verificações; logs locais; DESEMPENHO.md; CI distinta do piloto real","revisao_2026-10-02"
"P06-RF-012","P06","P06-MOD-001","P06-FUN-008","P06-TST-011","integracao_local","validado_local","scripts/p06_consolidacao_fidc.R","P07_EVIDENCIAS_INCREMENTO.json; suíte 36 casos/275 verificações; logs locais; DESEMPENHO.md; CI distinta do piloto real","revisao_2026-10-02"
"P06-RF-013","P06","P06-MOD-002","P06-FUN-009","P06-TST-012","integracao_local","validado_local","scripts/p06_medir.R","P07_EVIDENCIAS_INCREMENTO.json; suíte 36 casos/275 verificações; logs locais; DESEMPENHO.md; CI distinta do piloto real","revisao_2026-10-02"
"P07-RF-004","P07","P07-MOD-002","P07-FUN-003 P07-FUN-004","P07-TST-006","integracao_local","validado_local","scripts/p07_evidencias.R","P07_EVIDENCIAS_INCREMENTO.json; suíte 36 casos/275 verificações; logs locais; DESEMPENHO.md; CI distinta do piloto real","revisao_2026-10-02"
"P02-RF-007","P02","P02-MOD-001","P02-FUN-009 P02-FUN-010","P02-TST-011","integracao_local","validado_local","scripts/p02_utilitarios.R","P07_EVIDENCIAS_INCREMENTO.json; suíte 36 casos/275 verificações; logs locais; DESEMPENHO.md; CI distinta do piloto real","revisao_2026-10-02"
"P06-RF-013","P06","P06-MOD-001","P06-FUN-010","P06-TST-012","integracao_local","validado_local","scripts/p06_consolidacao_fidc.R","P07_EVIDENCIAS_INCREMENTO.json; suíte 36 casos/275 verificações; logs locais; DESEMPENHO.md; CI distinta do piloto real","revisao_2026-10-02"
"P02-RF-009","P02","P02-MOD-001","P02-FUN-012;P02-FUN-013;P01-FUN-002","P02-TST-013","regressao_local","validado_local_robustez","tests/testthat/test-p01-orquestracao.R","P07_EVIDENCIAS_INCREMENTO.json; 47 casos/402 verificações; preservação de 42 arquivos e demonstração isolada real; CI do incremento não executada",""
"P06-RF-014","P06","P06-MOD-001","P06-FUN-004;P02-FUN-012","P06-TST-013","regressao_local","validado_local_robustez","tests/testthat/test-p06-consolidacao.R","P07_EVIDENCIAS_INCREMENTO.json; 47 casos/402 verificações; preservação de 42 arquivos e demonstração isolada real; CI do incremento não executada",""
"P07-RF-005","P07","P07-MOD-002","P07-FUN-003;P07-FUN-004","P07-TST-008","regressao_local","validado_local_robustez","tests/testthat/test-p07-aceite.R","P07_EVIDENCIAS_INCREMENTO.json; 47 casos/402 verificações; preservação de 42 arquivos e demonstração isolada real; CI do incremento não executada",""
"P07-RF-006","P07","P07-MOD-001","P07-FUN-001","P07-TST-007","regressao_local","validado_local_robustez","tests/testthat/test-p07-aceite.R","P07_EVIDENCIAS_INCREMENTO.json; 47 casos/402 verificações; preservação de 42 arquivos e demonstração isolada real; CI do incremento não executada",""
"P04-RF-007","P04","P04-MOD-001","P04-FUN-004;P04-FUN-005;P05-FUN-002","P04-TST-005","regressao_local","validado_local_robustez","tests/testthat/test-p04-configuracao.R","P07_EVIDENCIAS_INCREMENTO.json; 47 casos/402 verificações; preservação de 42 arquivos e demonstração isolada real; CI do incremento não executada",""
"P07-RF-007","P07","P07-MOD-003","P07-FUN-005;P07-FUN-006","P07-TST-009","regressao_local","validado_local_robustez","scripts/p07_resumo_pl.R;tests/testthat/test-p07-aceite.R","P07_EVIDENCIAS_INCREMENTO.json; 47 casos/402 verificações; preservação de 42 arquivos e demonstração isolada real; CI do incremento não executada",""
