"teste_id","controle","etapa","estado","data_hora","ambiente","procedimento_comando","resultado_esperado","resultado_observado","evidencia","contribuicao_ia","revisao_decisao_humana","versao_commit","dificuldade","acao_seguinte"
"P03-TST-004","01","Ambiente inicial","cancelado","","","","Inventário inicial e limitações registrados; condição inicial confirmada.","","","","","","","Modelo histórico substituído pelo roteiro documental; nenhuma execução prevista no escopo atual."
"P03-TST-004","02","R e Rscript","cancelado","","","","R e Rscript disponíveis com versão e origem oficial.","","","","","","","Modelo histórico substituído pelo roteiro documental; nenhuma execução prevista no escopo atual."
"P03-TST-004","03","RStudio e console","cancelado","","","","RStudio executa R; locale e UTF-8 observados.","","","","","","","Modelo histórico substituído pelo roteiro documental; nenhuma execução prevista no escopo atual."
"P03-TST-004","04","Git","cancelado","","","","Git executável no novo terminal.","","","","","","","Modelo histórico substituído pelo roteiro documental; nenhuma execução prevista no escopo atual."
"P03-TST-004","05","Codex e pré-requisitos","cancelado","","","","Método de instalação e acesso Codex confirmados.","","","","","","","Modelo histórico substituído pelo roteiro documental; nenhuma execução prevista no escopo atual."
"P03-TST-004","06","Acesso GitHub","cancelado","","","","Conta própria e acesso GitHub verificados sem registrar credenciais.","","","","","","","Modelo histórico substituído pelo roteiro documental; nenhuma execução prevista no escopo atual."
"P03-TST-004","07","Sete prompts iniciais","cancelado","","","","Sete prompts UTF-8 identificados por hashes; sem código importado.","","","","","","","Modelo histórico substituído pelo roteiro documental; nenhuma execução prevista no escopo atual."
"P03-TST-004","08","Geração com IA","cancelado","","","","Artefatos gerados com IA e revisão humana; IDs e estados próprios.","","","","","","","Modelo histórico substituído pelo roteiro documental; nenhuma execução prevista no escopo atual."
"P03-TST-004","09","Preparação e diagnóstico","cancelado","","","","Pacotes carregados, UTF-8, raiz e console efetivamente confirmados.","","","","","","","Modelo histórico substituído pelo roteiro documental; nenhuma execução prevista no escopo atual."
"P03-TST-004","10","Testes e coordenação","cancelado","","","","Testes pertinentes aprovados; pendências e rejeição de etapas futuras registradas.","","","","","","","Modelo histórico substituído pelo roteiro documental; nenhuma execução prevista no escopo atual."
"P03-TST-004","11","Versionamento e publicação","cancelado","","","","Exclusões e diff revisados; commit próprio e hashes local/remoto iguais.","","","","","","","Modelo histórico substituído pelo roteiro documental; nenhuma execução prevista no escopo atual."
"P03-TST-004","12","Retomada e fechamento","cancelado","","","","Retomada em novo processo e critérios obrigatórios atendidos; relatório revisado.","","","","","","","Modelo histórico substituído pelo roteiro documental; nenhuma execução prevista no escopo atual."
