"tabela","campo","declarado","observado","tipo_observado","versao_transformacao"
"I","ADMIN",TRUE,TRUE,"character","fidc-v1"
"I","CLASSE",TRUE,TRUE,"character","fidc-v1"
"I","CLASSE_UNICA",TRUE,TRUE,"character","fidc-v1"
"I","CNPJ_ADMIN",TRUE,TRUE,"character","fidc-v1"
"I","CNPJ_CLASSE",TRUE,TRUE,"character","fidc-v1"
"I","CNPJ_FUNDO_CLASSE",TRUE,TRUE,"character","fidc-v1"
"I","CONDOM",TRUE,TRUE,"character","fidc-v1"
"I","COTST_INTERESSE",TRUE,TRUE,"character","fidc-v1"
"I","DENOM_SOCIAL",TRUE,TRUE,"character","fidc-v1"
"I","DT_COMPTC",TRUE,TRUE,"Date","fidc-v1"
"I","FUNDO_EXCLUSIVO",TRUE,TRUE,"character","fidc-v1"
"I","PRAZO_CONVERSAO_COTA",TRUE,TRUE,"numeric","fidc-v1"
"I","PRAZO_PAGTO_RESGATE",TRUE,TRUE,"numeric","fidc-v1"
"I","TAB_I_VL_ATIVO",TRUE,TRUE,"numeric","fidc-v1"
"I","TAB_I1_VL_DISP",TRUE,TRUE,"numeric","fidc-v1"
"I","TAB_I2_COTA_FIDC",TRUE,TRUE,"numeric","fidc-v1"
"I","TAB_I2_DEBENTURE_CRI",TRUE,TRUE,"numeric","fidc-v1"
"I","TAB_I2_VL_CARTEIRA",TRUE,TRUE,"numeric","fidc-v1"
"I","TAB_I2_VL_OUTRO_ATIVO",TRUE,TRUE,"numeric","fidc-v1"
"I","TAB_I2A_VL_DIRCRED_RISCO",TRUE,TRUE,"numeric","fidc-v1"
"I","TAB_I2A1_VL_CRED_VENC_AD",TRUE,TRUE,"numeric","fidc-v1"
"I","TAB_I2A10_VL_CRED_DIVERSO",TRUE,TRUE,"numeric","fidc-v1"
"I","TAB_I2A11_VL_REDUCAO_RECUP",TRUE,TRUE,"numeric","fidc-v1"
"I","TAB_I2A12_CPF_CNPJ_CEDENTE_1",TRUE,TRUE,"character","fidc-v1"
"I","TAB_I2A12_CPF_CNPJ_CEDENTE_2",TRUE,TRUE,"character","fidc-v1"
"I","TAB_I2A12_CPF_CNPJ_CEDENTE_3",TRUE,TRUE,"character","fidc-v1"
"I","TAB_I2A12_CPF_CNPJ_CEDENTE_4",TRUE,TRUE,"character","fidc-v1"
"I","TAB_I2A12_CPF_CNPJ_CEDENTE_5",TRUE,TRUE,"character","fidc-v1"
"I","TAB_I2A12_CPF_CNPJ_CEDENTE_6",TRUE,TRUE,"character","fidc-v1"
"I","TAB_I2A12_CPF_CNPJ_CEDENTE_7",TRUE,TRUE,"character","fidc-v1"
"I","TAB_I2A12_CPF_CNPJ_CEDENTE_8",TRUE,TRUE,"character","fidc-v1"
"I","TAB_I2A12_CPF_CNPJ_CEDENTE_9",TRUE,TRUE,"character","fidc-v1"
"I","TAB_I2A12_PR_CEDENTE_1",TRUE,TRUE,"numeric","fidc-v1"
"I","TAB_I2A12_PR_CEDENTE_2",TRUE,TRUE,"numeric","fidc-v1"
"I","TAB_I2A12_PR_CEDENTE_3",TRUE,TRUE,"numeric","fidc-v1"
"I","TAB_I2A12_PR_CEDENTE_4",TRUE,TRUE,"numeric","fidc-v1"
"I","TAB_I2A12_PR_CEDENTE_5",TRUE,TRUE,"numeric","fidc-v1"
"I","TAB_I2A12_PR_CEDENTE_6",TRUE,TRUE,"numeric","fidc-v1"
"I","TAB_I2A12_PR_CEDENTE_7",TRUE,TRUE,"numeric","fidc-v1"
"I","TAB_I2A12_PR_CEDENTE_8",TRUE,TRUE,"numeric","fidc-v1"
"I","TAB_I2A12_PR_CEDENTE_9",TRUE,TRUE,"numeric","fidc-v1"
"I","TAB_I2A2_VL_CRED_VENC_INAD",TRUE,TRUE,"numeric","fidc-v1"
"I","TAB_I2A21_VL_TOTAL_PARCELA_INAD",TRUE,TRUE,"numeric","fidc-v1"
"I","TAB_I2A3_VL_CRED_INAD",TRUE,TRUE,"numeric","fidc-v1"
"I","TAB_I2A4_VL_CRED_DIRCRED_PERFM",TRUE,TRUE,"numeric","fidc-v1"
"I","TAB_I2A5_VL_CRED_VENCIDO_PENDENTE",TRUE,TRUE,"numeric","fidc-v1"
"I","TAB_I2A6_VL_CRED_EMP_RECUP",TRUE,TRUE,"numeric","fidc-v1"
"I","TAB_I2A7_VL_CRED_RECEITA_PUBLICA",TRUE,TRUE,"numeric","fidc-v1"
"I","TAB_I2A8_VL_CRED_ACAO_JUDIC",TRUE,TRUE,"numeric","fidc-v1"
"I","TAB_I2A9_VL_CRED_FATOR_RISCO",TRUE,TRUE,"numeric","fidc-v1"
"I","TAB_I2B_VL_DIRCRED_SEM_RISCO",TRUE,TRUE,"numeric","fidc-v1"
"I","TAB_I2B1_VL_CRED_VENC_AD",TRUE,TRUE,"numeric","fidc-v1"
"I","TAB_I2B10_VL_CRED_DIVERSO",TRUE,TRUE,"numeric","fidc-v1"
"I","TAB_I2B11_VL_REDUCAO_RECUP",TRUE,TRUE,"numeric","fidc-v1"
"I","TAB_I2B12_CPF_CNPJ_CEDENTE_1",TRUE,TRUE,"character","fidc-v1"
"I","TAB_I2B12_CPF_CNPJ_CEDENTE_2",TRUE,TRUE,"character","fidc-v1"
"I","TAB_I2B12_CPF_CNPJ_CEDENTE_3",TRUE,TRUE,"character","fidc-v1"
"I","TAB_I2B12_CPF_CNPJ_CEDENTE_4",TRUE,TRUE,"character","fidc-v1"
"I","TAB_I2B12_CPF_CNPJ_CEDENTE_5",TRUE,TRUE,"character","fidc-v1"
"I","TAB_I2B12_CPF_CNPJ_CEDENTE_6",TRUE,TRUE,"character","fidc-v1"
"I","TAB_I2B12_CPF_CNPJ_CEDENTE_7",TRUE,TRUE,"character","fidc-v1"
"I","TAB_I2B12_CPF_CNPJ_CEDENTE_8",TRUE,TRUE,"character","fidc-v1"
"I","TAB_I2B12_CPF_CNPJ_CEDENTE_9",TRUE,TRUE,"character","fidc-v1"
"I","TAB_I2B12_PR_CEDENTE_1",TRUE,TRUE,"numeric","fidc-v1"
"I","TAB_I2B12_PR_CEDENTE_2",TRUE,TRUE,"numeric","fidc-v1"
"I","TAB_I2B12_PR_CEDENTE_3",TRUE,TRUE,"numeric","fidc-v1"
"I","TAB_I2B12_PR_CEDENTE_4",TRUE,TRUE,"numeric","fidc-v1"
"I","TAB_I2B12_PR_CEDENTE_5",TRUE,TRUE,"numeric","fidc-v1"
"I","TAB_I2B12_PR_CEDENTE_6",TRUE,TRUE,"numeric","fidc-v1"
"I","TAB_I2B12_PR_CEDENTE_7",TRUE,TRUE,"numeric","fidc-v1"
"I","TAB_I2B12_PR_CEDENTE_8",TRUE,TRUE,"numeric","fidc-v1"
"I","TAB_I2B12_PR_CEDENTE_9",TRUE,TRUE,"numeric","fidc-v1"
"I","TAB_I2B2_VL_CRED_VENC_INAD",TRUE,TRUE,"numeric","fidc-v1"
"I","TAB_I2B21_VL_TOTAL_PARCELA_INAD",TRUE,TRUE,"numeric","fidc-v1"
"I","TAB_I2B3_VL_CRED_INAD",TRUE,TRUE,"numeric","fidc-v1"
"I","TAB_I2B4_VL_CRED_DIRCRED_PERFM",TRUE,TRUE,"numeric","fidc-v1"
"I","TAB_I2B5_VL_CRED_VENCIDO_PENDENTE",TRUE,TRUE,"numeric","fidc-v1"
"I","TAB_I2B6_VL_CRED_EMP_RECUP",TRUE,TRUE,"numeric","fidc-v1"
"I","TAB_I2B7_VL_CRED_RECEITA_PUBLICA",TRUE,TRUE,"numeric","fidc-v1"
"I","TAB_I2B8_VL_CRED_ACAO_JUDIC",TRUE,TRUE,"numeric","fidc-v1"
"I","TAB_I2B9_VL_CRED_FATOR_RISCO",TRUE,TRUE,"numeric","fidc-v1"
"I","TAB_I2C_VL_VLMOB",TRUE,TRUE,"numeric","fidc-v1"
"I","TAB_I2C1_VL_DEBENTURE",TRUE,TRUE,"numeric","fidc-v1"
"I","TAB_I2C2_VL_CRI",TRUE,TRUE,"numeric","fidc-v1"
"I","TAB_I2C3_VL_NP_COMERC",TRUE,TRUE,"numeric","fidc-v1"
"I","TAB_I2C4_VL_LETRA_FINANC",TRUE,TRUE,"numeric","fidc-v1"
"I","TAB_I2C5_VL_COTA_FIF",TRUE,TRUE,"numeric","fidc-v1"
"I","TAB_I2C5_VL_COTA_FUNDO_ICVM555",TRUE,TRUE,"numeric","fidc-v1"
"I","TAB_I2C6_VL_OUTRO",TRUE,TRUE,"numeric","fidc-v1"
"I","TAB_I2D_VL_TITPUB_FED",TRUE,TRUE,"numeric","fidc-v1"
"I","TAB_I2E_VL_CDB",TRUE,TRUE,"numeric","fidc-v1"
"I","TAB_I2F_VL_OPER_COMPROM",TRUE,TRUE,"numeric","fidc-v1"
"I","TAB_I2G_VL_OUTRO_RF",TRUE,TRUE,"numeric","fidc-v1"
"I","TAB_I2H_VL_COTA_FIDC",TRUE,TRUE,"numeric","fidc-v1"
"I","TAB_I2I_VL_COTA_FIDC_NP",TRUE,TRUE,"numeric","fidc-v1"
"I","TAB_I2J_VL_CONTRATO_FUTURO",TRUE,TRUE,"numeric","fidc-v1"
"I","TAB_I3_VL_POSICAO_DERIV",TRUE,TRUE,"numeric","fidc-v1"
"I","TAB_I3A_VL_MERCADO_TERMO",TRUE,TRUE,"numeric","fidc-v1"
"I","TAB_I3B_VL_MERCADO_OPCAO",TRUE,TRUE,"numeric","fidc-v1"
"I","TAB_I3C_VL_MERCADO_FUTURO",TRUE,TRUE,"numeric","fidc-v1"
"I","TAB_I3D_VL_DIFER_SWAP",TRUE,TRUE,"numeric","fidc-v1"
"I","TAB_I3E_VL_COBERTURA",TRUE,TRUE,"numeric","fidc-v1"
"I","TAB_I3F_VL_DEPOSITO_MARGEM",TRUE,TRUE,"numeric","fidc-v1"
"I","TAB_I4_VL_OUTRO_ATIVO",TRUE,TRUE,"numeric","fidc-v1"
"I","TAB_I4A_VL_CPRAZO",TRUE,TRUE,"numeric","fidc-v1"
"I","TAB_I4B_VL_LPRAZO",TRUE,TRUE,"numeric","fidc-v1"
"I","TP_FUNDO_CLASSE",TRUE,TRUE,"character","fidc-v1"
"I","TP_PRAZO_CONVERSAO_COTA",TRUE,TRUE,"character","fidc-v1"
"I","TP_PRAZO_PAGTO_RESGATE",TRUE,TRUE,"character","fidc-v1"
"II","CNPJ_FUNDO_CLASSE",TRUE,TRUE,"character","fidc-v1"
"II","DENOM_SOCIAL",TRUE,TRUE,"character","fidc-v1"
"II","DT_COMPTC",TRUE,TRUE,"Date","fidc-v1"
"II","TAB_II_A_VL_INDUST",TRUE,TRUE,"numeric","fidc-v1"
"II","TAB_II_B_VL_IMOBIL",TRUE,TRUE,"numeric","fidc-v1"
"II","TAB_II_C_VL_COMERC",TRUE,TRUE,"numeric","fidc-v1"
"II","TAB_II_C1_VL_COMERC",TRUE,TRUE,"numeric","fidc-v1"
"II","TAB_II_C2_VL_VAREJO",TRUE,TRUE,"numeric","fidc-v1"
"II","TAB_II_C3_VL_ARREND",TRUE,TRUE,"numeric","fidc-v1"
"II","TAB_II_D_VL_SERV",TRUE,TRUE,"numeric","fidc-v1"
"II","TAB_II_D1_VL_SERV",TRUE,TRUE,"numeric","fidc-v1"
"II","TAB_II_D2_VL_SERV_PUBLICO",TRUE,TRUE,"numeric","fidc-v1"
"II","TAB_II_D3_VL_SERV_EDUC",TRUE,TRUE,"numeric","fidc-v1"
"II","TAB_II_D4_VL_ENTRET",TRUE,TRUE,"numeric","fidc-v1"
"II","TAB_II_E_VL_AGRONEG",TRUE,TRUE,"numeric","fidc-v1"
"II","TAB_II_F_VL_FINANC",TRUE,TRUE,"numeric","fidc-v1"
"II","TAB_II_F1_VL_CRED_PESSOA",TRUE,TRUE,"numeric","fidc-v1"
"II","TAB_II_F2_VL_CRED_PESSOA_CONSIG",TRUE,TRUE,"numeric","fidc-v1"
"II","TAB_II_F3_VL_CRED_CORP",TRUE,TRUE,"numeric","fidc-v1"
"II","TAB_II_F4_VL_MIDMARKET",TRUE,TRUE,"numeric","fidc-v1"
"II","TAB_II_F5_VL_VEICULO",TRUE,TRUE,"numeric","fidc-v1"
"II","TAB_II_F6_VL_IMOBIL_EMPRESA",TRUE,TRUE,"numeric","fidc-v1"
"II","TAB_II_F7_VL_IMOBIL_RESID",TRUE,TRUE,"numeric","fidc-v1"
"II","TAB_II_F8_VL_OUTRO",TRUE,TRUE,"numeric","fidc-v1"
"II","TAB_II_G_VL_CREDITO",TRUE,TRUE,"numeric","fidc-v1"
"II","TAB_II_H_VL_FACTOR",TRUE,TRUE,"numeric","fidc-v1"
"II","TAB_II_H1_VL_PESSOA",TRUE,TRUE,"numeric","fidc-v1"
"II","TAB_II_H2_VL_CORP",TRUE,TRUE,"numeric","fidc-v1"
"II","TAB_II_I_VL_SETOR_PUBLICO",TRUE,TRUE,"numeric","fidc-v1"
"II","TAB_II_I1_VL_PRECAT",TRUE,TRUE,"numeric","fidc-v1"
"II","TAB_II_I2_VL_TRIBUT",TRUE,TRUE,"numeric","fidc-v1"
"II","TAB_II_I3_VL_ROYALTIES",TRUE,TRUE,"numeric","fidc-v1"
"II","TAB_II_I4_VL_OUTRO",TRUE,TRUE,"numeric","fidc-v1"
"II","TAB_II_J_VL_JUDICIAL",TRUE,TRUE,"numeric","fidc-v1"
"II","TAB_II_K_VL_MARCA",TRUE,TRUE,"numeric","fidc-v1"
"II","TAB_II_VL_CARTEIRA",TRUE,TRUE,"numeric","fidc-v1"
"II","TP_FUNDO_CLASSE",TRUE,TRUE,"character","fidc-v1"
"III","CNPJ_FUNDO_CLASSE",TRUE,TRUE,"character","fidc-v1"
"III","DENOM_SOCIAL",TRUE,TRUE,"character","fidc-v1"
"III","DT_COMPTC",TRUE,TRUE,"Date","fidc-v1"
"III","TAB_III_A_VL_PAGAR",TRUE,TRUE,"numeric","fidc-v1"
"III","TAB_III_A1_VL_CPRAZO",TRUE,TRUE,"numeric","fidc-v1"
"III","TAB_III_A2_VL_LPRAZO",TRUE,TRUE,"numeric","fidc-v1"
"III","TAB_III_B_VL_POSICAO_DERIV",TRUE,TRUE,"numeric","fidc-v1"
"III","TAB_III_B1_VL_TERMO",TRUE,TRUE,"numeric","fidc-v1"
"III","TAB_III_B2_VL_OPCAO",TRUE,TRUE,"numeric","fidc-v1"
"III","TAB_III_B3_VL_FUTURO",TRUE,TRUE,"numeric","fidc-v1"
"III","TAB_III_B4_VL_SWAP_PAGAR",TRUE,TRUE,"numeric","fidc-v1"
"III","TAB_III_VL_PASSIVO",TRUE,TRUE,"numeric","fidc-v1"
"III","TP_FUNDO_CLASSE",TRUE,TRUE,"character","fidc-v1"
"IV","CNPJ_FUNDO_CLASSE",TRUE,TRUE,"character","fidc-v1"
"IV","DENOM_SOCIAL",TRUE,TRUE,"character","fidc-v1"
"IV","DT_COMPTC",TRUE,TRUE,"Date","fidc-v1"
"IV","TAB_IV_A_VL_PL",TRUE,TRUE,"numeric","fidc-v1"
"IV","TAB_IV_B_VL_PL_MEDIO",TRUE,TRUE,"numeric","fidc-v1"
"IV","TP_FUNDO_CLASSE",TRUE,TRUE,"character","fidc-v1"
"IX","CNPJ_FUNDO_CLASSE",TRUE,TRUE,"character","fidc-v1"
"IX","DENOM_SOCIAL",TRUE,TRUE,"character","fidc-v1"
"IX","DT_COMPTC",TRUE,TRUE,"Date","fidc-v1"
"IX","TAB_IX_A1_1_1_COMPRA_MIN",TRUE,TRUE,"numeric","fidc-v1"
"IX","TAB_IX_A1_1_2_COMPRA_MEDIA",TRUE,TRUE,"numeric","fidc-v1"
"IX","TAB_IX_A1_1_3_COMPRA_MAX",TRUE,TRUE,"numeric","fidc-v1"
"IX","TAB_IX_A1_2_1_VENDA_MIN",TRUE,TRUE,"numeric","fidc-v1"
"IX","TAB_IX_A1_2_2_VENDA_MEDIA",TRUE,TRUE,"numeric","fidc-v1"
"IX","TAB_IX_A1_2_3_VENDA_MAX",TRUE,TRUE,"numeric","fidc-v1"
"IX","TAB_IX_A2_1_1_COMPRA_MIN",TRUE,TRUE,"numeric","fidc-v1"
"IX","TAB_IX_A2_1_2_COMPRA_MEDIA",TRUE,TRUE,"numeric","fidc-v1"
"IX","TAB_IX_A2_1_3_COMPRA_MAX",TRUE,TRUE,"numeric","fidc-v1"
"IX","TAB_IX_A2_2_1_VENDA_MIN",TRUE,TRUE,"numeric","fidc-v1"
"IX","TAB_IX_A2_2_2_VENDA_MEDIA",TRUE,TRUE,"numeric","fidc-v1"
"IX","TAB_IX_A2_2_3_VENDA_MAX",TRUE,TRUE,"numeric","fidc-v1"
"IX","TAB_IX_B1_1_1_COMPRA_MIN",TRUE,TRUE,"numeric","fidc-v1"
"IX","TAB_IX_B1_1_2_COMPRA_MEDIA",TRUE,TRUE,"numeric","fidc-v1"
"IX","TAB_IX_B1_1_3_COMPRA_MAX",TRUE,TRUE,"numeric","fidc-v1"
"IX","TAB_IX_B1_2_1_VENDA_MIN",TRUE,TRUE,"numeric","fidc-v1"
"IX","TAB_IX_B1_2_2_VENDA_MEDIA",TRUE,TRUE,"numeric","fidc-v1"
"IX","TAB_IX_B1_2_3_VENDA_MAX",TRUE,TRUE,"numeric","fidc-v1"
"IX","TAB_IX_B2_1_1_COMPRA_MIN",TRUE,TRUE,"numeric","fidc-v1"
"IX","TAB_IX_B2_1_2_COMPRA_MEDIA",TRUE,TRUE,"numeric","fidc-v1"
"IX","TAB_IX_B2_1_3_COMPRA_MAX",TRUE,TRUE,"numeric","fidc-v1"
"IX","TAB_IX_B2_2_1_VENDA_MIN",TRUE,TRUE,"numeric","fidc-v1"
"IX","TAB_IX_B2_2_2_VENDA_MEDIA",TRUE,TRUE,"numeric","fidc-v1"
"IX","TAB_IX_B2_2_3_VENDA_MAX",TRUE,TRUE,"numeric","fidc-v1"
"IX","TAB_IX_C1_1_1_COMPRA_MIN",TRUE,TRUE,"numeric","fidc-v1"
"IX","TAB_IX_C1_1_2_COMPRA_MEDIA",TRUE,TRUE,"numeric","fidc-v1"
"IX","TAB_IX_C1_1_3_COMPRA_MAX",TRUE,TRUE,"numeric","fidc-v1"
"IX","TAB_IX_C1_2_1_VENDA_MIN",TRUE,TRUE,"numeric","fidc-v1"
"IX","TAB_IX_C1_2_2_VENDA_MEDIA",TRUE,TRUE,"numeric","fidc-v1"
"IX","TAB_IX_C1_2_3_VENDA_MAX",TRUE,TRUE,"numeric","fidc-v1"
"IX","TAB_IX_C2_1_1_COMPRA_MIN",TRUE,TRUE,"numeric","fidc-v1"
"IX","TAB_IX_C2_1_2_COMPRA_MEDIA",TRUE,TRUE,"numeric","fidc-v1"
"IX","TAB_IX_C2_1_3_COMPRA_MAX",TRUE,TRUE,"numeric","fidc-v1"
"IX","TAB_IX_C2_2_1_VENDA_MIN",TRUE,TRUE,"numeric","fidc-v1"
"IX","TAB_IX_C2_2_2_VENDA_MEDIA",TRUE,TRUE,"numeric","fidc-v1"
"IX","TAB_IX_C2_2_3_VENDA_MAX",TRUE,TRUE,"numeric","fidc-v1"
"IX","TAB_IX_D1_1_1_COMPRA_MIN",TRUE,TRUE,"numeric","fidc-v1"
"IX","TAB_IX_D1_1_2_COMPRA_MEDIA",TRUE,TRUE,"numeric","fidc-v1"
"IX","TAB_IX_D1_1_3_COMPRA_MAX",TRUE,TRUE,"numeric","fidc-v1"
"IX","TAB_IX_D1_2_1_VENDA_MIN",TRUE,TRUE,"numeric","fidc-v1"
"IX","TAB_IX_D1_2_2_VENDA_MEDIA",TRUE,TRUE,"numeric","fidc-v1"
"IX","TAB_IX_D1_2_3_VENDA_MAX",TRUE,TRUE,"numeric","fidc-v1"
"IX","TAB_IX_D2_1_1_COMPRA_MIN",TRUE,TRUE,"numeric","fidc-v1"
"IX","TAB_IX_D2_1_2_COMPRA_MEDIA",TRUE,TRUE,"numeric","fidc-v1"
"IX","TAB_IX_D2_1_3_COMPRA_MAX",TRUE,TRUE,"numeric","fidc-v1"
"IX","TAB_IX_D2_2_1_VENDA_MIN",TRUE,TRUE,"numeric","fidc-v1"
"IX","TAB_IX_D2_2_2_VENDA_MEDIA",TRUE,TRUE,"numeric","fidc-v1"
"IX","TAB_IX_D2_2_3_VENDA_MAX",TRUE,TRUE,"numeric","fidc-v1"
"IX","TAB_IX_E1_1_1_COMPRA_MIN",TRUE,TRUE,"numeric","fidc-v1"
"IX","TAB_IX_E1_1_2_COMPRA_MEDIA",TRUE,TRUE,"numeric","fidc-v1"
"IX","TAB_IX_E1_1_3_COMPRA_MAX",TRUE,TRUE,"numeric","fidc-v1"
"IX","TAB_IX_E1_2_1_VENDA_MIN",TRUE,TRUE,"numeric","fidc-v1"
"IX","TAB_IX_E1_2_2_VENDA_MEDIA",TRUE,TRUE,"numeric","fidc-v1"
"IX","TAB_IX_E1_2_3_VENDA_MAX",TRUE,TRUE,"numeric","fidc-v1"
"IX","TAB_IX_E2_1_1_COMPRA_MIN",TRUE,TRUE,"numeric","fidc-v1"
"IX","TAB_IX_E2_1_2_COMPRA_MEDIA",TRUE,TRUE,"numeric","fidc-v1"
"IX","TAB_IX_E2_1_3_COMPRA_MAX",TRUE,TRUE,"numeric","fidc-v1"
"IX","TAB_IX_E2_2_1_VENDA_MIN",TRUE,TRUE,"numeric","fidc-v1"
"IX","TAB_IX_E2_2_2_VENDA_MEDIA",TRUE,TRUE,"numeric","fidc-v1"
"IX","TAB_IX_E2_2_3_VENDA_MAX",TRUE,TRUE,"numeric","fidc-v1"
"IX","TAB_IX_F1_1_1_COMPRA_MIN",TRUE,TRUE,"numeric","fidc-v1"
"IX","TAB_IX_F1_1_2_COMPRA_MEDIA",TRUE,TRUE,"numeric","fidc-v1"
"IX","TAB_IX_F1_1_3_COMPRA_MAX",TRUE,TRUE,"numeric","fidc-v1"
"IX","TAB_IX_F1_2_1_VENDA_MIN",TRUE,TRUE,"numeric","fidc-v1"
"IX","TAB_IX_F1_2_2_VENDA_MEDIA",TRUE,TRUE,"numeric","fidc-v1"
"IX","TAB_IX_F1_2_3_VENDA_MAX",TRUE,TRUE,"numeric","fidc-v1"
"IX","TAB_IX_F2_1_1_COMPRA_MIN",TRUE,TRUE,"numeric","fidc-v1"
"IX","TAB_IX_F2_1_2_COMPRA_MEDIA",TRUE,TRUE,"numeric","fidc-v1"
"IX","TAB_IX_F2_1_3_COMPRA_MAX",TRUE,TRUE,"numeric","fidc-v1"
"IX","TAB_IX_F2_2_1_VENDA_MIN",TRUE,TRUE,"numeric","fidc-v1"
"IX","TAB_IX_F2_2_2_VENDA_MEDIA",TRUE,TRUE,"numeric","fidc-v1"
"IX","TAB_IX_F2_2_3_VENDA_MAX",TRUE,TRUE,"numeric","fidc-v1"
"IX","TP_FUNDO_CLASSE",TRUE,TRUE,"character","fidc-v1"
"V","CNPJ_FUNDO_CLASSE",TRUE,TRUE,"character","fidc-v1"
"V","DENOM_SOCIAL",TRUE,TRUE,"character","fidc-v1"
"V","DT_COMPTC",TRUE,TRUE,"Date","fidc-v1"
"V","TAB_V_A_VL_DIRCRED_PRAZO",TRUE,TRUE,"numeric","fidc-v1"
"V","TAB_V_A1_VL_PRAZO_VENC_30",TRUE,TRUE,"numeric","fidc-v1"
"V","TAB_V_A10_VL_PRAZO_VENC_MAIOR_1080",TRUE,TRUE,"numeric","fidc-v1"
"V","TAB_V_A2_VL_PRAZO_VENC_60",TRUE,TRUE,"numeric","fidc-v1"
"V","TAB_V_A3_VL_PRAZO_VENC_90",TRUE,TRUE,"numeric","fidc-v1"
"V","TAB_V_A4_VL_PRAZO_VENC_120",TRUE,TRUE,"numeric","fidc-v1"
"V","TAB_V_A5_VL_PRAZO_VENC_150",TRUE,TRUE,"numeric","fidc-v1"
"V","TAB_V_A6_VL_PRAZO_VENC_180",TRUE,TRUE,"numeric","fidc-v1"
"V","TAB_V_A7_VL_PRAZO_VENC_360",TRUE,TRUE,"numeric","fidc-v1"
"V","TAB_V_A8_VL_PRAZO_VENC_720",TRUE,TRUE,"numeric","fidc-v1"
"V","TAB_V_A9_VL_PRAZO_VENC_1080",TRUE,TRUE,"numeric","fidc-v1"
"V","TAB_V_B_VL_DIRCRED_INAD",TRUE,TRUE,"numeric","fidc-v1"
"V","TAB_V_B1_VL_INAD_30",TRUE,TRUE,"numeric","fidc-v1"
"V","TAB_V_B10_VL_INAD_MAIOR_1080",TRUE,TRUE,"numeric","fidc-v1"
"V","TAB_V_B2_VL_INAD_60",TRUE,TRUE,"numeric","fidc-v1"
"V","TAB_V_B3_VL_INAD_90",TRUE,TRUE,"numeric","fidc-v1"
"V","TAB_V_B4_VL_INAD_120",TRUE,TRUE,"numeric","fidc-v1"
"V","TAB_V_B5_VL_INAD_150",TRUE,TRUE,"numeric","fidc-v1"
"V","TAB_V_B6_VL_INAD_180",TRUE,TRUE,"numeric","fidc-v1"
"V","TAB_V_B7_VL_INAD_360",TRUE,TRUE,"numeric","fidc-v1"
"V","TAB_V_B8_VL_INAD_720",TRUE,TRUE,"numeric","fidc-v1"
"V","TAB_V_B9_VL_INAD_1080",TRUE,TRUE,"numeric","fidc-v1"
"V","TAB_V_C_VL_DIRCRED_ANTECIPADO",TRUE,TRUE,"numeric","fidc-v1"
"V","TAB_V_C1_VL_ANTECIPADO_30",TRUE,TRUE,"numeric","fidc-v1"
"V","TAB_V_C10_VL_ANTECIPADO_MAIOR_1080",TRUE,TRUE,"numeric","fidc-v1"
"V","TAB_V_C2_VL_ANTECIPADO_60",TRUE,TRUE,"numeric","fidc-v1"
"V","TAB_V_C3_VL_ANTECIPADO_90",TRUE,TRUE,"numeric","fidc-v1"
"V","TAB_V_C4_VL_ANTECIPADO_120",TRUE,TRUE,"numeric","fidc-v1"
"V","TAB_V_C5_VL_ANTECIPADO_150",TRUE,TRUE,"numeric","fidc-v1"
"V","TAB_V_C6_VL_ANTECIPADO_180",TRUE,TRUE,"numeric","fidc-v1"
"V","TAB_V_C7_VL_ANTECIPADO_360",TRUE,TRUE,"numeric","fidc-v1"
"V","TAB_V_C8_VL_ANTECIPADO_720",TRUE,TRUE,"numeric","fidc-v1"
"V","TAB_V_C9_VL_ANTECIPADO_1080",TRUE,TRUE,"numeric","fidc-v1"
"V","TP_FUNDO_CLASSE",TRUE,TRUE,"character","fidc-v1"
"VI","CNPJ_FUNDO_CLASSE",TRUE,TRUE,"character","fidc-v1"
"VI","DENOM_SOCIAL",TRUE,TRUE,"character","fidc-v1"
"VI","DT_COMPTC",TRUE,TRUE,"Date","fidc-v1"
"VI","TAB_VI_A_VL_DIRCRED_PRAZO",TRUE,TRUE,"numeric","fidc-v1"
"VI","TAB_VI_A1_VL_PRAZO_VENC_30",TRUE,TRUE,"numeric","fidc-v1"
"VI","TAB_VI_A10_VL_PRAZO_VENC_MAIOR_1080",TRUE,TRUE,"numeric","fidc-v1"
"VI","TAB_VI_A2_VL_PRAZO_VENC_60",TRUE,TRUE,"numeric","fidc-v1"
"VI","TAB_VI_A3_VL_PRAZO_VENC_90",TRUE,TRUE,"numeric","fidc-v1"
"VI","TAB_VI_A4_VL_PRAZO_VENC_120",TRUE,TRUE,"numeric","fidc-v1"
"VI","TAB_VI_A5_VL_PRAZO_VENC_150",TRUE,TRUE,"numeric","fidc-v1"
"VI","TAB_VI_A6_VL_PRAZO_VENC_180",TRUE,TRUE,"numeric","fidc-v1"
"VI","TAB_VI_A7_VL_PRAZO_VENC_360",TRUE,TRUE,"numeric","fidc-v1"
"VI","TAB_VI_A8_VL_PRAZO_VENC_720",TRUE,TRUE,"numeric","fidc-v1"
"VI","TAB_VI_A9_VL_PRAZO_VENC_1080",TRUE,TRUE,"numeric","fidc-v1"
"VI","TAB_VI_B_VL_DIRCRED_INAD",TRUE,TRUE,"numeric","fidc-v1"
"VI","TAB_VI_B1_VL_INAD_30",TRUE,TRUE,"numeric","fidc-v1"
"VI","TAB_VI_B10_VL_INAD_MAIOR_1080",TRUE,TRUE,"numeric","fidc-v1"
"VI","TAB_VI_B2_VL_INAD_60",TRUE,TRUE,"numeric","fidc-v1"
"VI","TAB_VI_B3_VL_INAD_90",TRUE,TRUE,"numeric","fidc-v1"
"VI","TAB_VI_B4_VL_INAD_120",TRUE,TRUE,"numeric","fidc-v1"
"VI","TAB_VI_B5_VL_INAD_150",TRUE,TRUE,"numeric","fidc-v1"
"VI","TAB_VI_B6_VL_INAD_180",TRUE,TRUE,"numeric","fidc-v1"
"VI","TAB_VI_B7_VL_INAD_360",TRUE,TRUE,"numeric","fidc-v1"
"VI","TAB_VI_B8_VL_INAD_720",TRUE,TRUE,"numeric","fidc-v1"
"VI","TAB_VI_B9_VL_INAD_1080",TRUE,TRUE,"numeric","fidc-v1"
"VI","TAB_VI_C_VL_DIRCRED_ANTECIPADO",TRUE,TRUE,"numeric","fidc-v1"
"VI","TAB_VI_C1_VL_ANTECIPADO_30",TRUE,TRUE,"numeric","fidc-v1"
"VI","TAB_VI_C10_VL_ANTECIPADO_MAIOR_1080",TRUE,TRUE,"numeric","fidc-v1"
"VI","TAB_VI_C2_VL_ANTECIPADO_60",TRUE,TRUE,"numeric","fidc-v1"
"VI","TAB_VI_C3_VL_ANTECIPADO_90",TRUE,TRUE,"numeric","fidc-v1"
"VI","TAB_VI_C4_VL_ANTECIPADO_120",TRUE,TRUE,"numeric","fidc-v1"
"VI","TAB_VI_C5_VL_ANTECIPADO_150",TRUE,TRUE,"numeric","fidc-v1"
"VI","TAB_VI_C6_VL_ANTECIPADO_180",TRUE,TRUE,"numeric","fidc-v1"
"VI","TAB_VI_C7_VL_ANTECIPADO_360",TRUE,TRUE,"numeric","fidc-v1"
"VI","TAB_VI_C8_VL_ANTECIPADO_720",TRUE,TRUE,"numeric","fidc-v1"
"VI","TAB_VI_C9_VL_ANTECIPADO_1080",TRUE,TRUE,"numeric","fidc-v1"
"VI","TP_FUNDO_CLASSE",TRUE,TRUE,"character","fidc-v1"
"VII","CNPJ_FUNDO_CLASSE",TRUE,TRUE,"character","fidc-v1"
"VII","DENOM_SOCIAL",TRUE,TRUE,"character","fidc-v1"
"VII","DT_COMPTC",TRUE,TRUE,"Date","fidc-v1"
"VII","TAB_VII_A1_1_QT_DIRCRED_RISCO",TRUE,TRUE,"numeric","fidc-v1"
"VII","TAB_VII_A1_2_VL_DIRCRED_RISCO",TRUE,TRUE,"numeric","fidc-v1"
"VII","TAB_VII_A2_1_QT_DIRCRED_SEM_RISCO",TRUE,TRUE,"numeric","fidc-v1"
"VII","TAB_VII_A2_2_VL_DIRCRED_SEM_RISCO",TRUE,TRUE,"numeric","fidc-v1"
"VII","TAB_VII_A3_1_QT_DIRCRED_VENC_AD",TRUE,TRUE,"numeric","fidc-v1"
"VII","TAB_VII_A3_2_VL_DIRCRED_VENC_AD",TRUE,TRUE,"numeric","fidc-v1"
"VII","TAB_VII_A4_1_QT_DIRCRED_VENC_INAD",TRUE,TRUE,"numeric","fidc-v1"
"VII","TAB_VII_A4_2_VL_DIRCRED_VENC_INAD",TRUE,TRUE,"numeric","fidc-v1"
"VII","TAB_VII_A5_1_QT_DIRCRED_INAD",TRUE,TRUE,"numeric","fidc-v1"
"VII","TAB_VII_A5_2_VL_DIRCRED_INAD",TRUE,TRUE,"numeric","fidc-v1"
"VII","TAB_VII_B1_1_QT_CEDENTE",TRUE,TRUE,"numeric","fidc-v1"
"VII","TAB_VII_B1_2_VL_CEDENTE",TRUE,TRUE,"numeric","fidc-v1"
"VII","TAB_VII_B1_3_VL_CONTAB_CEDENTE",TRUE,TRUE,"numeric","fidc-v1"
"VII","TAB_VII_B2_1_QT_PREST",TRUE,TRUE,"numeric","fidc-v1"
"VII","TAB_VII_B2_2_VL_PREST",TRUE,TRUE,"numeric","fidc-v1"
"VII","TAB_VII_B2_3_VL_CONTAB_PREST",TRUE,TRUE,"numeric","fidc-v1"
"VII","TAB_VII_B3_1_QT_TERCEIRO",TRUE,TRUE,"numeric","fidc-v1"
"VII","TAB_VII_B3_2_VL_TERCEIRO",TRUE,TRUE,"numeric","fidc-v1"
"VII","TAB_VII_B3_3_VL_CONTAB_TERCEIRO",TRUE,TRUE,"numeric","fidc-v1"
"VII","TAB_VII_C_1_QT_SUBST",TRUE,TRUE,"numeric","fidc-v1"
"VII","TAB_VII_C_2_VL_SUBST",TRUE,TRUE,"numeric","fidc-v1"
"VII","TAB_VII_C_3_VL_CONTAB_SUBST",TRUE,TRUE,"numeric","fidc-v1"
"VII","TAB_VII_D_1_QT_RECOMPRA",TRUE,TRUE,"numeric","fidc-v1"
"VII","TAB_VII_D_2_VL_RECOMPRA",TRUE,TRUE,"numeric","fidc-v1"
"VII","TAB_VII_D_3_VL_CONTAB_RECOMPRA",TRUE,TRUE,"numeric","fidc-v1"
"VII","TP_FUNDO_CLASSE",TRUE,TRUE,"character","fidc-v1"
"VIII","CNPJ_FUNDO_CLASSE",TRUE,TRUE,"character","fidc-v1"
"VIII","DENOM_SOCIAL",TRUE,TRUE,"character","fidc-v1"
"VIII","DT_COMPTC",TRUE,TRUE,"Date","fidc-v1"
"VIII","SEQUENCIAL",TRUE,TRUE,"character","fidc-v1"
"VIII","TP_FUNDO_CLASSE",TRUE,TRUE,"character","fidc-v1"
"VIII","VALOR",TRUE,TRUE,"numeric","fidc-v1"
"X","CNPJ_FUNDO_CLASSE",TRUE,TRUE,"character","fidc-v1"
"X","DENOM_SOCIAL",TRUE,TRUE,"character","fidc-v1"
"X","DT_COMPTC",TRUE,TRUE,"Date","fidc-v1"
"X","TAB_X_DEBITO_TRIBUT",TRUE,TRUE,"numeric","fidc-v1"
"X","TAB_X_SCR_RISCO_DEVEDOR_A",TRUE,TRUE,"numeric","fidc-v1"
"X","TAB_X_SCR_RISCO_DEVEDOR_AA",TRUE,TRUE,"numeric","fidc-v1"
"X","TAB_X_SCR_RISCO_DEVEDOR_B",TRUE,TRUE,"numeric","fidc-v1"
"X","TAB_X_SCR_RISCO_DEVEDOR_C",TRUE,TRUE,"numeric","fidc-v1"
"X","TAB_X_SCR_RISCO_DEVEDOR_D",TRUE,TRUE,"numeric","fidc-v1"
"X","TAB_X_SCR_RISCO_DEVEDOR_E",TRUE,TRUE,"numeric","fidc-v1"
"X","TAB_X_SCR_RISCO_DEVEDOR_F",TRUE,TRUE,"numeric","fidc-v1"
"X","TAB_X_SCR_RISCO_DEVEDOR_G",TRUE,TRUE,"numeric","fidc-v1"
"X","TAB_X_SCR_RISCO_DEVEDOR_H",TRUE,TRUE,"numeric","fidc-v1"
"X","TAB_X_SCR_RISCO_OPER_A",TRUE,TRUE,"numeric","fidc-v1"
"X","TAB_X_SCR_RISCO_OPER_AA",TRUE,TRUE,"numeric","fidc-v1"
"X","TAB_X_SCR_RISCO_OPER_B",TRUE,TRUE,"numeric","fidc-v1"
"X","TAB_X_SCR_RISCO_OPER_C",TRUE,TRUE,"numeric","fidc-v1"
"X","TAB_X_SCR_RISCO_OPER_D",TRUE,TRUE,"numeric","fidc-v1"
"X","TAB_X_SCR_RISCO_OPER_E",TRUE,TRUE,"numeric","fidc-v1"
"X","TAB_X_SCR_RISCO_OPER_F",TRUE,TRUE,"numeric","fidc-v1"
"X","TAB_X_SCR_RISCO_OPER_G",TRUE,TRUE,"numeric","fidc-v1"
"X","TAB_X_SCR_RISCO_OPER_H",TRUE,TRUE,"numeric","fidc-v1"
"X","TP_FUNDO_CLASSE",TRUE,TRUE,"character","fidc-v1"
"X_1","CNPJ_FUNDO",TRUE,FALSE,"","fidc-v1"
"X_1","CNPJ_FUNDO_CLASSE",FALSE,TRUE,"character","fidc-v1"
"X_1","DENOM_SOCIAL",TRUE,TRUE,"character","fidc-v1"
"X_1","DT_COMPTC",TRUE,TRUE,"Date","fidc-v1"
"X_1","ID_SUBCLASSE",FALSE,TRUE,"character","fidc-v1"
"X_1","TAB_X_CLASSE_SERIE",TRUE,TRUE,"character","fidc-v1"
"X_1","TAB_X_NR_COTST",TRUE,TRUE,"numeric","fidc-v1"
"X_1","TP_FUNDO_CLASSE",FALSE,TRUE,"character","fidc-v1"
"X_1_1","CNPJ_FUNDO_CLASSE",TRUE,TRUE,"character","fidc-v1"
"X_1_1","DENOM_SOCIAL",TRUE,TRUE,"character","fidc-v1"
"X_1_1","DT_COMPTC",TRUE,TRUE,"Date","fidc-v1"
"X_1_1","TAB_X_NR_COTST_SENIOR_BANCO",TRUE,TRUE,"numeric","fidc-v1"
"X_1_1","TAB_X_NR_COTST_SENIOR_CAPITALIZ",TRUE,TRUE,"numeric","fidc-v1"
"X_1_1","TAB_X_NR_COTST_SENIOR_CLUBE",TRUE,TRUE,"numeric","fidc-v1"
"X_1_1","TAB_X_NR_COTST_SENIOR_CORRETORA_DISTRIB",TRUE,TRUE,"numeric","fidc-v1"
"X_1_1","TAB_X_NR_COTST_SENIOR_COTA_FIDC",TRUE,TRUE,"numeric","fidc-v1"
"X_1_1","TAB_X_NR_COTST_SENIOR_EAPC",TRUE,TRUE,"numeric","fidc-v1"
"X_1_1","TAB_X_NR_COTST_SENIOR_EFPC",TRUE,TRUE,"numeric","fidc-v1"
"X_1_1","TAB_X_NR_COTST_SENIOR_FII",TRUE,TRUE,"numeric","fidc-v1"
"X_1_1","TAB_X_NR_COTST_SENIOR_INVNR",TRUE,TRUE,"numeric","fidc-v1"
"X_1_1","TAB_X_NR_COTST_SENIOR_OUTRO",TRUE,TRUE,"numeric","fidc-v1"
"X_1_1","TAB_X_NR_COTST_SENIOR_OUTRO_FI",TRUE,TRUE,"numeric","fidc-v1"
"X_1_1","TAB_X_NR_COTST_SENIOR_PF",TRUE,TRUE,"numeric","fidc-v1"
"X_1_1","TAB_X_NR_COTST_SENIOR_PJ_FINANC",TRUE,TRUE,"numeric","fidc-v1"
"X_1_1","TAB_X_NR_COTST_SENIOR_PJ_NAO_FINANC",TRUE,TRUE,"numeric","fidc-v1"
"X_1_1","TAB_X_NR_COTST_SENIOR_RPPS",TRUE,TRUE,"numeric","fidc-v1"
"X_1_1","TAB_X_NR_COTST_SENIOR_SEGUR",TRUE,TRUE,"numeric","fidc-v1"
"X_1_1","TAB_X_NR_COTST_SUBORD_BANCO",TRUE,TRUE,"numeric","fidc-v1"
"X_1_1","TAB_X_NR_COTST_SUBORD_CAPITALIZ",TRUE,TRUE,"numeric","fidc-v1"
"X_1_1","TAB_X_NR_COTST_SUBORD_CLUBE",TRUE,TRUE,"numeric","fidc-v1"
"X_1_1","TAB_X_NR_COTST_SUBORD_CORRETORA_DISTRIB",TRUE,TRUE,"numeric","fidc-v1"
"X_1_1","TAB_X_NR_COTST_SUBORD_COTA_FIDC",TRUE,TRUE,"numeric","fidc-v1"
"X_1_1","TAB_X_NR_COTST_SUBORD_EAPC",TRUE,TRUE,"numeric","fidc-v1"
"X_1_1","TAB_X_NR_COTST_SUBORD_EFPC",TRUE,TRUE,"numeric","fidc-v1"
"X_1_1","TAB_X_NR_COTST_SUBORD_FII",TRUE,TRUE,"numeric","fidc-v1"
"X_1_1","TAB_X_NR_COTST_SUBORD_INVNR",TRUE,TRUE,"numeric","fidc-v1"
"X_1_1","TAB_X_NR_COTST_SUBORD_OUTRO",TRUE,TRUE,"numeric","fidc-v1"
"X_1_1","TAB_X_NR_COTST_SUBORD_OUTRO_FI",TRUE,TRUE,"numeric","fidc-v1"
"X_1_1","TAB_X_NR_COTST_SUBORD_PF",TRUE,TRUE,"numeric","fidc-v1"
"X_1_1","TAB_X_NR_COTST_SUBORD_PJ_FINANC",TRUE,TRUE,"numeric","fidc-v1"
"X_1_1","TAB_X_NR_COTST_SUBORD_PJ_NAO_FINANC",TRUE,TRUE,"numeric","fidc-v1"
"X_1_1","TAB_X_NR_COTST_SUBORD_RPPS",TRUE,TRUE,"numeric","fidc-v1"
"X_1_1","TAB_X_NR_COTST_SUBORD_SEGUR",TRUE,TRUE,"numeric","fidc-v1"
"X_1_1","TP_FUNDO_CLASSE",TRUE,TRUE,"character","fidc-v1"
"X_2","CNPJ_FUNDO",TRUE,FALSE,"","fidc-v1"
"X_2","CNPJ_FUNDO_CLASSE",FALSE,TRUE,"character","fidc-v1"
"X_2","DENOM_SOCIAL",TRUE,TRUE,"character","fidc-v1"
"X_2","DT_COMPTC",TRUE,TRUE,"Date","fidc-v1"
"X_2","TAB_X_CLASSE_SERIE",TRUE,TRUE,"character","fidc-v1"
"X_2","TAB_X_QT_COTA",TRUE,TRUE,"numeric","fidc-v1"
"X_2","TAB_X_VL_COTA",TRUE,TRUE,"numeric","fidc-v1"
"X_2","TP_FUNDO_CLASSE",FALSE,TRUE,"character","fidc-v1"
"X_3","CNPJ_FUNDO",TRUE,FALSE,"","fidc-v1"
"X_3","CNPJ_FUNDO_CLASSE",FALSE,TRUE,"character","fidc-v1"
"X_3","DENOM_SOCIAL",TRUE,TRUE,"character","fidc-v1"
"X_3","DT_COMPTC",TRUE,TRUE,"Date","fidc-v1"
"X_3","TAB_X_CLASSE_SERIE",TRUE,TRUE,"character","fidc-v1"
"X_3","TAB_X_VL_RENTAB_MES",TRUE,TRUE,"numeric","fidc-v1"
"X_3","TP_FUNDO_CLASSE",FALSE,TRUE,"character","fidc-v1"
"X_4","CNPJ_FUNDO",TRUE,FALSE,"","fidc-v1"
"X_4","CNPJ_FUNDO_CLASSE",FALSE,TRUE,"character","fidc-v1"
"X_4","DENOM_SOCIAL",TRUE,TRUE,"character","fidc-v1"
"X_4","DT_COMPTC",TRUE,TRUE,"Date","fidc-v1"
"X_4","TAB_X_CLASSE_SERIE",TRUE,TRUE,"character","fidc-v1"
"X_4","TAB_X_QT_COTA",TRUE,TRUE,"numeric","fidc-v1"
"X_4","TAB_X_TP_OPER",TRUE,TRUE,"character","fidc-v1"
"X_4","TAB_X_VL_TOTAL",TRUE,TRUE,"numeric","fidc-v1"
"X_4","TP_FUNDO_CLASSE",FALSE,TRUE,"character","fidc-v1"
"X_5","CNPJ_FUNDO_CLASSE",TRUE,TRUE,"character","fidc-v1"
"X_5","DENOM_SOCIAL",TRUE,TRUE,"character","fidc-v1"
"X_5","DT_COMPTC",TRUE,TRUE,"Date","fidc-v1"
"X_5","TAB_X_VL_LIQUIDEZ_0",TRUE,TRUE,"numeric","fidc-v1"
"X_5","TAB_X_VL_LIQUIDEZ_180",TRUE,TRUE,"numeric","fidc-v1"
"X_5","TAB_X_VL_LIQUIDEZ_30",TRUE,TRUE,"numeric","fidc-v1"
"X_5","TAB_X_VL_LIQUIDEZ_360",TRUE,TRUE,"numeric","fidc-v1"
"X_5","TAB_X_VL_LIQUIDEZ_60",TRUE,TRUE,"numeric","fidc-v1"
"X_5","TAB_X_VL_LIQUIDEZ_90",TRUE,TRUE,"numeric","fidc-v1"
"X_5","TAB_X_VL_LIQUIDEZ_MAIOR_360",TRUE,TRUE,"numeric","fidc-v1"
"X_5","TP_FUNDO_CLASSE",TRUE,TRUE,"character","fidc-v1"
"X_6","CNPJ_FUNDO",TRUE,FALSE,"","fidc-v1"
"X_6","CNPJ_FUNDO_CLASSE",FALSE,TRUE,"character","fidc-v1"
"X_6","DENOM_SOCIAL",TRUE,TRUE,"character","fidc-v1"
"X_6","DT_COMPTC",TRUE,TRUE,"Date","fidc-v1"
"X_6","TAB_X_CLASSE_SERIE",TRUE,TRUE,"character","fidc-v1"
"X_6","TAB_X_PR_DESEMP_ESPERADO",TRUE,TRUE,"numeric","fidc-v1"
"X_6","TAB_X_PR_DESEMP_REAL",TRUE,TRUE,"numeric","fidc-v1"
"X_6","TP_FUNDO_CLASSE",FALSE,TRUE,"character","fidc-v1"
"X_7","CNPJ_FUNDO_CLASSE",TRUE,TRUE,"character","fidc-v1"
"X_7","DENOM_SOCIAL",TRUE,TRUE,"character","fidc-v1"
"X_7","DT_COMPTC",TRUE,TRUE,"Date","fidc-v1"
"X_7","TAB_X_PR_GARANTIA_DIRCRED",TRUE,TRUE,"numeric","fidc-v1"
"X_7","TAB_X_VL_GARANTIA_DIRCRED",TRUE,TRUE,"numeric","fidc-v1"
"X_7","TP_FUNDO_CLASSE",TRUE,TRUE,"character","fidc-v1"
