"cnpj_admin","administrador","pl_2026_T3","pl_soma_periodo","percentual_pl_total"
"62285390000140","QI CORRETORA DE TÍTULOS E VALORES MOBILIÁRIOS S.A.",254946136565.5,254946136565.5,17.7770677219093
"59281253000123","BTG PACTUAL SERVIÇOS FINANCEIROS S/A DTVM",231593770491.365,231593770491.365,16.1487371311453
"62232889000190","BANCO DAYCOVAL S.A.",119118489015.095,119118489015.095,8.3059797441128
"36113876000191","OLIVEIRA TRUST DTVM S.A.",104979656828.775,104979656828.775,7.32009707622483
"00066670000100","BEM - DISTRIBUIDORA DE TITULOS E VALORES MOBILIARIOS LTDA.",63284983918.4549,63284983918.4549,4.41278091150552
"39669186000101","HEMERA DISTRIBUIDORA DE TITULOS E VALORES MOBILIARIOS LTDA",50053933654.415,50053933654.415,3.49019671492015
"27652684000162","GENIAL INVESTIMENTOS CORRETORA DE VALORES MOBILIÁRIOS S.A.",44121291887.425,44121291887.425,3.07652119944705
"13486793000142","APEX GROUP DISTRIBUIDORA DE TÍTULOS E VALORES MOBILIÁRIOS S.A.",40592200478.265,40592200478.265,2.83044217341196
"62418140000131","INTRAG DTVM LTDA.",39028331983.825,39028331983.825,2.7213956253515
"22610500000188","VORTX DISTRIBUIDORA DE TITULOS E VALORES MOBILIARIOS LTDA.",35915021683.13,35915021683.13,2.50430848372873
"16695922000109","ID CORRETORA DE TITULOS E VALORES MOBILIARIOS S.A.",33410385600.33,33410385600.33,2.329663416098
"48967968000118","VERT DISTRIBUIDORA DE TÍTULOS E VALORES MOBILIÁRIOS LTDA.",31827337034.845,31827337034.845,2.2192794662378
"45246410000155","BANCO GENIAL S.A.",31378394133.175,31378394133.175,2.18797525243887
"34829992000186","CBSF DISTRIBUIDORA DE TITULOS E VALORES MOBILIARIOS S.A. - EM LIQUIDAÇÃO EXTRAJUDICIAL",30737729533.365,30737729533.365,2.14330253006982
"03317692000194","FINAXIS CORRETORA DE TÍTULOS E VALORES MOBILIÁRIOS S.A.",30730214925.4,30730214925.4,2.14277854607659
"24361690000172","LIMINE TRUST DISTRIBUIDORA DE TITULOS E VALORES MOBILIARIOS S.A.",28055668504.81,28055668504.81,1.95628584811015
"00806535000154","PLANNER CORRETORA DE VALORES S.A.",27370800689.95,27370800689.95,1.90853089214441
"02332886000104","XP INVESTIMENTOS CCTVM S.A.",26940238291.445,26940238291.445,1.87850832730054
"36864992000142","APEX DISTRIBUIDORA DE TÍTULOS E VALORES MOBILIÁRIOS S.A.",25138818526.94,25138818526.94,1.75289763329042
"02201501000161","BNY MELLON SERVICOS FINANCEIROS DTVM S.A.",21262622749.26,21262622749.26,1.48261546399976
"37678915000160","FIDD DISTRIBUIDORA DE TITULOS E VALORES MOBILIARIOS LTDA.",16686858109.515,16686858109.515,1.16355325354196
"67030395000146","TRUSTEE DISTRIBUIDORA DE TITULOS E VALORES MOBILIARIOS LTDA.",15331869941.7,15331869941.7,1.06907166324948
"47215387000167","CATÁLISE DISTRIBUIDORA DE TITULOS E VALORES MOBILIARIOS LTDA.",15251552321.82,15251552321.82,1.06347121843747
"03017677000120","BANCO J. SAFRA S.A.",11899042450.35,11899042450.35,0.829704996966684
"00329598000167","SEFER INVESTIMENTOS DISTRIBUIDORA DE TÍTULOS E VALORES MOBILIÁRIOS LTDA.",11662385316.59,11662385316.59,0.813203197996909
