tipo,data,top5,top10,top25,demais,hhi
Classe,2021-02-28,1,1,1,0,5066.43701819801
Classe,2021-03-31,1,1,1,0,5021.27061220039
Classe,2021-04-30,1,1,1,0,5021.5794070772
Classe,2021-05-31,1,1,1,0,5019.81102347008
Classe,2021-06-30,1,1,1,1.11022302462516e-16,5014.64306863302
Classe,2021-07-31,1,1,1,0,5132.87230552763
Classe,2021-08-31,1,1,1,0,5000.0844622357
Classe,2021-09-30,1,1,1,0,5039.12747960587
Classe,2021-10-31,1,1,1,2.22044604925031e-16,5130.01189374221
Classe,2021-11-30,1,1,1,0,5620.44612681047
Classe,2021-12-31,1,1,1,0,9351.3462298292
Classe,2022-01-31,1,1,1,0,9310.7495382598
Classe,2022-02-28,1,1,1,0,9272.59772371095
Classe,2022-03-31,1,1,1,1.11022302462516e-16,9255.18644187139
Classe,2022-04-30,1,1,1,1.11022302462516e-16,9252.95120952491
Classe,2023-07-31,1,1,1,0,10000
Classe,2023-08-31,1,1,1,0,10000
Classe,2023-09-30,1,1,1,0,10000
Classe,2023-11-30,1,1,1,0,10000
Classe,2023-12-31,1,1,1,0,10000
Classe,2024-01-31,1,1,1,0,10000
Classe,2024-02-29,1,1,1,0,10000
Classe,2024-03-31,1,1,1,0,10000
Classe,2024-04-30,1,1,1,0,10000
Classe,2024-07-31,1,1,1,0,10000
Classe,2024-08-31,1,1,1,0,10000
Classe,2024-09-30,1,1,1,0,10000
Classe,2024-10-31,0.586212894553348,0.787335184487104,0.980560344638677,0.019439655361323,916.429523157407
Classe,2024-11-30,0.578338166758245,0.767956924414095,0.976698961757394,0.0233010382426057,856.800842074585
Classe,2024-12-31,0.588468134156565,0.774942681687335,0.959431172048932,0.0405688279510683,808.698465008019
Classe,2025-01-31,0.585774566279174,0.771986985511712,0.956731374039752,0.0432686259602483,799.766222358137
Classe,2025-02-28,0.578735051252806,0.768378429720898,0.953872024074247,0.0461279759257535,788.642411553192
Classe,2025-03-31,0.575039320053613,0.762394999830812,0.950167386932032,0.0498326130679681,779.554414617373
Classe,2025-04-30,0.573646397803516,0.758141702465072,0.947070310801386,0.0529296891986141,777.411584832203
Classe,2025-05-31,0.572472574254495,0.757927629560884,0.946067490047329,0.0539325099526711,773.849236088611
Classe,2025-06-30,0.542567140511466,0.753480216547001,0.943056622112274,0.0569433778877259,726.492824717348
Classe,2025-07-31,0.533615881226547,0.748346575614234,0.940510433483347,0.0594895665166531,716.357091358404
Classe,2025-08-31,0.524059120846807,0.742786544688921,0.939328596698979,0.0606714033010208,701.256950489474
Classe,2025-09-30,0.517357021033885,0.732539344898266,0.935961206772182,0.0640387932278185,693.258480166437
Classe,2025-10-31,0.520657824340209,0.724873529836162,0.936049399271547,0.063950600728453,699.024359529304
Classe,2025-11-30,0.51932235464509,0.708628746002153,0.965919087214193,0.0340809127858066,821.779990082161
Classe,2025-12-31,0.558978596833582,0.729900429171543,0.960860747369418,0.039139252630582,845.617476780509
Classe,2026-01-31,0.483928458568005,0.697745826247416,0.937480189327135,0.0625198106728648,659.251186312837
Classe,2026-02-28,0.513913706062682,0.720846907835571,0.942788255800966,0.057211744199034,722.117221225771
Classe,2026-03-31,0.512747798882658,0.711809610706632,0.941492404152019,0.0585075958479814,716.862562172667
Classe,2026-04-30,0.512523999242999,0.713301971805168,0.937372511395976,0.0626274886040235,723.080619038102
Classe,2026-05-31,0.516666408519011,0.711669282118849,0.93553475847832,0.0644652415216803,731.551442507032
Classe,2026-06-30,0.525278182798509,0.715731318221082,0.938545579626353,0.0614544203736467,752.365028961712
Classe,2026-07-31,0.530648252210701,0.718378288571771,0.936208982128979,0.0637910178710215,763.618059449042
Classe,2026-08-31,0.552229689860843,0.723432254302828,0.938737408877853,0.0612625911221472,811.623992038107
Classe,2026-09-30,0.9769055510418,1,1,0,4377.17236057385
Fundo,2020-11-30,0.561082400375008,0.7654634823459,0.98582288247318,0.0141771175268197,871.901152016085
Fundo,2020-12-31,0.5549548502449,0.758263227341727,0.987563354280697,0.0124366457193028,864.544537838459
Fundo,2021-01-31,0.576411970923526,0.759908148752589,0.984507766207441,0.0154922337925595,893.233354335478
Fundo,2021-02-28,0.577719323174937,0.766381454135935,0.984487224628836,0.0155127753711637,893.10618649791
Fundo,2021-03-31,0.587980356551756,0.774336937564859,0.983807230384917,0.0161927696150834,927.129697523828
Fundo,2021-04-30,0.609182388087103,0.788573682654406,0.984938341114624,0.0150616588853764,988.986293608675
Fundo,2021-05-31,0.620743322398485,0.79729333835693,0.984483465761913,0.0155165342380872,1040.35079724172
Fundo,2021-06-30,0.635016692425152,0.802643458596821,0.982776257481759,0.0172237425182413,1117.05380532957
Fundo,2021-07-31,0.669414565970181,0.814588702836174,0.976642996505903,0.0233570034940973,1239.19379560115
Fundo,2021-08-31,0.64849429078649,0.815686486363913,0.978675050923754,0.0213249490762465,1144.11837285353
Fundo,2021-09-30,,,,,
Fundo,2021-10-31,,,,,
Fundo,2021-11-30,0.709290321230058,0.843600408472397,0.976661587227303,0.0233384127726971,1490.26639674666
Fundo,2021-12-31,0.668347084648312,0.815016413620951,0.974769875616268,0.0252301243837316,1153.81265848708
Fundo,2022-01-31,0.660871792183497,0.816798618850475,0.977595922257905,0.0224040777420951,1106.16117082326
Fundo,2022-02-28,0.659524533212878,0.820480748338621,0.978816887226894,0.0211831127731057,1095.34904145188
Fundo,2022-03-31,0.66645292682532,0.81890351276563,0.977677123696673,0.0223228763033273,1142.81615640045
Fundo,2022-04-30,0.700320398433379,0.833994503854347,0.979267080317554,0.0207329196824456,1504.68846190501
Fundo,2022-05-31,0.683207333264608,0.822100503091071,0.974853064964115,0.0251469350358855,1318.81094788444
Fundo,2022-06-30,0.664041911290327,0.805780638264196,0.971911254949321,0.0280887450506785,1184.4496818968
Fundo,2022-07-31,0.637193696948809,0.79134333712955,0.972122972258008,0.0278770277419925,1024.15244570634
Fundo,2022-08-31,0.617485209370255,0.785540066629606,0.970918898267637,0.0290811017323632,962.149860080538
Fundo,2022-09-30,0.618034558584453,0.781459272259613,0.970668243417732,0.0293317565822685,972.576968423598
Fundo,2022-10-31,0.612959541264464,0.778610476758758,0.970068571818635,0.0299314281813651,964.842729529198
Fundo,2022-11-30,0.615161558294687,0.7861658208969,0.970394626223094,0.0296053737769061,989.208703732507
Fundo,2022-12-31,0.605175969521572,0.786497422250588,0.970213768787202,0.0297862312127984,939.705887253459
Fundo,2023-01-31,0.601994649694518,0.784323057714635,0.970095699556252,0.029904300443748,933.794761190255
Fundo,2023-02-28,0.596593028927716,0.780488690558259,0.969220532780584,0.0307794672194157,921.067926897346
Fundo,2023-03-31,0.592957670243603,0.779764708511368,0.968877887159771,0.0311221128402294,916.534215767341
Fundo,2023-04-30,0.602252523513471,0.785128738783904,0.968697047151613,0.0313029528483874,933.205319939661
Fundo,2023-05-31,0.595723926312664,0.778014850887278,0.966435196928798,0.0335648030712018,921.928003087295
Fundo,2023-06-30,0.604274240494339,0.781376793007816,0.966983419237455,0.0330165807625447,925.495090540609
Fundo,2023-07-31,0.598344655285737,0.785613368630967,0.962576306121177,0.0374236938788229,906.442347308822
Fundo,2023-08-31,0.587159448336496,0.781443121695995,0.961794379358073,0.0382056206419272,897.819055186081
Fundo,2023-09-30,0.580267946173742,0.777684893060766,0.963245291095024,0.0367547089049763,890.654914462746
Fundo,2023-10-31,0.595918493774843,0.781595010366496,0.968279348162052,0.031720651837948,896.113604774798
Fundo,2023-11-30,0.583702307660582,0.779244913952632,0.96575071583235,0.0342492841676501,878.136344663954
Fundo,2023-12-31,0.5610454832197,0.775222293797187,0.963597658814614,0.0364023411853857,844.709093040298
Fundo,2024-01-31,0.563235906699449,0.775379242272913,0.962618694561005,0.0373813054389945,835.707212106988
Fundo,2024-02-29,0.553587361597924,0.766816739135791,0.961666779210147,0.0383332207898528,833.494636477585
Fundo,2024-03-31,0.548674728269059,0.757885419534993,0.961329704337264,0.0386702956627356,825.102172473417
Fundo,2024-04-30,0.567274430819658,0.766867048979846,0.962148469134746,0.0378515308652542,804.108219880339
Fundo,2024-05-31,0.551072735036196,0.764548356588303,0.960464178348487,0.0395358216515126,787.158703959053
Fundo,2024-06-30,0.544897629288955,0.757586911769244,0.958273260064396,0.0417267399356037,787.585979652501
Fundo,2024-07-31,0.58021574307131,0.777563252680592,0.962031261551397,0.0379687384486028,812.456958420815
Fundo,2024-08-31,0.577567079947868,0.773305303165394,0.959216349288346,0.0407836507116536,802.263533053444
Fundo,2024-09-30,0.576643428042846,0.774850331308995,0.96123476723239,0.0387652327676099,796.328141782899
Fundo,2024-10-31,0.660038922188819,0.811926106960772,0.975199402727421,0.0248005972725793,1154.39449138849
Fundo,2024-11-30,,,,,
Fundo,2024-12-31,0.693628731374524,0.874832552231443,0.998000131945221,0.00199986805477925,1334.73053965338
Fundo,2025-01-31,0.727008035703507,0.889870266189502,0.999711839499908,0.000288160500092394,1572.02424417939
Fundo,2025-02-28,0.722843317484096,0.876023669837221,0.99911543564248,0.000884564357519935,2083.64375290148
Fundo,2025-03-31,0.736002183596444,0.894680350915152,0.999794614394542,0.000205385605457908,2004.7804238189
Fundo,2025-04-30,0.810440560572698,0.922032350805049,0.999754335521344,0.000245664478656482,1922.23055567001
Fundo,2025-05-31,0.691468926183998,0.864613007938626,0.996111436822644,0.00388856317735575,1546.35577554376
Fundo,2025-06-30,0.74768864739566,0.901456302583586,0.998565581136462,0.00143441886353757,1538.3007122826
Fundo,2025-07-31,0.805854215182566,0.933020100021096,1,0,2494.06459616771
Fundo,2025-08-31,0.79884232526289,0.91728390344876,0.999613544235007,0.000386455764993299,2189.2360568146
Fundo,2025-09-30,,,,,
Fundo,2025-10-31,,,,,
Fundo,2025-11-30,,,,,
Fundo,2025-12-31,0.758303857693078,0.923216611504424,0.999880380733023,0.000119619266976789,1424.76961905047
Fundo,2026-01-31,,,,,
Fundo,2026-02-28,,,,,
Fundo,2026-03-31,,,,,
Fundo,2026-04-30,,,,,
Fundo,2026-05-31,,,,,
Fundo,2026-06-30,,,,,
Fundo,2026-07-31,,,,,
Fundo,2026-08-31,,,,,
Fundo,2026-09-30,1,1,1,0,10000
Fundo legado,2020-01-31,0.646147937141838,0.812409008951014,0.955894543954078,0.0441054560459219,1155.47548767166
Fundo legado,2020-02-29,0.638999798029322,0.805673358670414,0.955627982293189,0.0443720177068111,1094.55008423569
Fundo legado,2020-03-31,0.659681656569367,0.807494854016678,0.95907520735437,0.0409247926456298,1190.18947387599
Fundo legado,2020-04-30,0.633938211573941,0.788306109641304,0.950699497072545,0.0493005029274553,1032.48822072993
Fundo legado,2020-05-31,0.629206373357304,0.786064654370193,0.952268359364442,0.0477316406355575,1013.08828616919
Fundo legado,2020-06-30,0.615287874435679,0.777641186125874,0.952395496732926,0.0476045032670741,969.452094134532
Fundo legado,2020-07-31,0.615638187194731,0.775270560157098,0.950856748053065,0.0491432519469349,954.346390818393
Fundo legado,2020-08-31,0.605853967798481,0.770909365042368,0.952190435920916,0.0478095640790841,931.829578051784
Fundo legado,2020-09-30,0.608708128292632,0.768794130445197,0.952754204359207,0.0472457956407929,953.686712111247
Fundo legado,2020-10-31,0.581631220688925,0.752547889230645,0.949679649081675,0.0503203509183254,842.878174340132
