tabela,campo,descricao,dominio,tipo,fonte,consulta,origem,unidade,granularidade,nulos,transformacao,paginas,disponibilidade,cobertura
I,ADMIN,Nome do Administrador,Alfanumérico,varchar,https://dados.cvm.gov.br/dados/FIDC/DOC/INF_MENSAL/META/meta_inf_mensal_fidc_txt.zip,2026-10-07,original,texto/data,CNPJ/tipo/data,Indisponível; nunca zero,Identificadores textuais; nomes/valores originais preservados,Dados e metodologia; pré-filtros; painel; relatório,Presente na geração; cobertura por posição,0.998939219415499
I,CNPJ_ADMIN,CNPJ do Administrador,Alfanumérico,varchar,https://dados.cvm.gov.br/dados/FIDC/DOC/INF_MENSAL/META/meta_inf_mensal_fidc_txt.zip,2026-10-07,original,texto/data,CNPJ/tipo/data,Indisponível; nunca zero,Identificadores textuais; nomes/valores originais preservados,Dados e metodologia; pré-filtros; painel; relatório,Presente na geração; cobertura por posição,0.999303527899065
I,CNPJ_FUNDO_CLASSE,CNPJ do fundo/classe,Alfanumérico,varchar,https://dados.cvm.gov.br/dados/FIDC/DOC/INF_MENSAL/META/meta_inf_mensal_fidc_txt.zip,2026-10-07,original,texto/data,CNPJ/tipo/data,Indisponível; nunca zero,Identificadores textuais; nomes/valores originais preservados,Dados e metodologia; pré-filtros; painel; relatório,Presente na geração; cobertura por posição,
I,CONDOM,Forma de condomínio,Aberto/Fechado,varchar,https://dados.cvm.gov.br/dados/FIDC/DOC/INF_MENSAL/META/meta_inf_mensal_fidc_txt.zip,2026-10-07,original,texto/data,CNPJ/tipo/data,Indisponível; nunca zero,Identificadores textuais; nomes/valores originais preservados,Dados e metodologia; pré-filtros; painel; relatório,Presente na geração; cobertura por posição,0.999780343414321
I,COTST_INTERESSE,Indica se todos os cotistas são vinculados por interesse único e indissociável,S/N,varchar,https://dados.cvm.gov.br/dados/FIDC/DOC/INF_MENSAL/META/meta_inf_mensal_fidc_txt.zip,2026-10-07,original,texto/data,CNPJ/tipo/data,Indisponível; nunca zero,Identificadores textuais; nomes/valores originais preservados,Dados e metodologia; pré-filtros; painel; relatório,Presente na geração; cobertura por posição,0.999946425223005
I,DENOM_SOCIAL,Denominação Social,Alfanumérico,varchar,https://dados.cvm.gov.br/dados/FIDC/DOC/INF_MENSAL/META/meta_inf_mensal_fidc_txt.zip,2026-10-07,original,texto/data,CNPJ/tipo/data,Indisponível; nunca zero,Identificadores textuais; nomes/valores originais preservados,Dados e metodologia; pré-filtros; painel; relatório,Presente na geração; cobertura por posição,1
I,DT_COMPTC,Data de competência do documento,AAAA-MM-DD,date,https://dados.cvm.gov.br/dados/FIDC/DOC/INF_MENSAL/META/meta_inf_mensal_fidc_txt.zip,2026-10-07,original,texto/data,CNPJ/tipo/data,Indisponível; nunca zero,Identificadores textuais; nomes/valores originais preservados,Dados e metodologia; pré-filtros; painel; relatório,Ausente na geração selecionada,
I,FUNDO_EXCLUSIVO,Indica se é fundo exclusivo,S/N,varchar,https://dados.cvm.gov.br/dados/FIDC/DOC/INF_MENSAL/META/meta_inf_mensal_fidc_txt.zip,2026-10-07,original,texto/data,CNPJ/tipo/data,Indisponível; nunca zero,Identificadores textuais; nomes/valores originais preservados,Dados e metodologia; pré-filtros; painel; relatório,Presente na geração; cobertura por posição,0.999946425223005
I,TAB_I_VL_ATIVO,(Tabela I) Ativo,Numérico,numeric,https://dados.cvm.gov.br/dados/FIDC/DOC/INF_MENSAL/META/meta_inf_mensal_fidc_txt.zip,2026-10-07,original,unidade da fonte,CNPJ/tipo/data,Indisponível; nunca zero,Identificadores textuais; nomes/valores originais preservados,Dados e metodologia; pré-filtros; painel; relatório,Presente na geração; cobertura por posição,0.999941067745306
I,TAB_I1_VL_DISP,(I.1) Disponibilidades,Numérico,numeric,https://dados.cvm.gov.br/dados/FIDC/DOC/INF_MENSAL/META/meta_inf_mensal_fidc_txt.zip,2026-10-07,original,unidade da fonte,CNPJ/tipo/data,Indisponível; nunca zero,Identificadores textuais; nomes/valores originais preservados,Dados e metodologia; pré-filtros; painel; relatório,Presente na geração; cobertura por posição,0.999951782700705
I,TAB_I2_VL_CARTEIRA,(I.2) Carteira,Numérico,numeric,https://dados.cvm.gov.br/dados/FIDC/DOC/INF_MENSAL/META/meta_inf_mensal_fidc_txt.zip,2026-10-07,original,unidade da fonte,CNPJ/tipo/data,Indisponível; nunca zero,Identificadores textuais; nomes/valores originais preservados,Dados e metodologia; pré-filtros; painel; relatório,Presente na geração; cobertura por posição,0.999941067745306
I,TAB_I2A_VL_DIRCRED_RISCO,(I.2.a) Direitos Creditórios com Aquisição Substancial dos Riscos e Benefícios,Numérico,numeric,https://dados.cvm.gov.br/dados/FIDC/DOC/INF_MENSAL/META/meta_inf_mensal_fidc_txt.zip,2026-10-07,original,unidade da fonte,CNPJ/tipo/data,Indisponível; nunca zero,Identificadores textuais; nomes/valores originais preservados,Dados e metodologia; pré-filtros; painel; relatório,Presente na geração; cobertura por posição,0.999941067745306
I,TAB_I2B_VL_DIRCRED_SEM_RISCO,(I.2.b) Direitos Creditórios sem Aquisição Substancial dos Riscos e Benefícios,Numérico,numeric,https://dados.cvm.gov.br/dados/FIDC/DOC/INF_MENSAL/META/meta_inf_mensal_fidc_txt.zip,2026-10-07,original,unidade da fonte,CNPJ/tipo/data,Indisponível; nunca zero,Identificadores textuais; nomes/valores originais preservados,Dados e metodologia; pré-filtros; painel; relatório,Presente na geração; cobertura por posição,0.999951782700705
I,TAB_I2C_VL_VLMOB,(I.2.c) Valores Mobiliários,Numérico,numeric,https://dados.cvm.gov.br/dados/FIDC/DOC/INF_MENSAL/META/meta_inf_mensal_fidc_txt.zip,2026-10-07,original,unidade da fonte,CNPJ/tipo/data,Indisponível; nunca zero,Identificadores textuais; nomes/valores originais preservados,Dados e metodologia; pré-filtros; painel; relatório,Presente na geração; cobertura por posição,0.999946425223005
I,TAB_I2D_VL_TITPUB_FED,(I.2.d) Títulos Públicos Federais,Numérico,numeric,https://dados.cvm.gov.br/dados/FIDC/DOC/INF_MENSAL/META/meta_inf_mensal_fidc_txt.zip,2026-10-07,original,unidade da fonte,CNPJ/tipo/data,Indisponível; nunca zero,Identificadores textuais; nomes/valores originais preservados,Dados e metodologia; pré-filtros; painel; relatório,Presente na geração; cobertura por posição,0.999951782700705
I,TAB_I2E_VL_CDB,(I.2.e) Certificados de Depósitos Bancários,Numérico,numeric,https://dados.cvm.gov.br/dados/FIDC/DOC/INF_MENSAL/META/meta_inf_mensal_fidc_txt.zip,2026-10-07,original,unidade da fonte,CNPJ/tipo/data,Indisponível; nunca zero,Identificadores textuais; nomes/valores originais preservados,Dados e metodologia; pré-filtros; painel; relatório,Presente na geração; cobertura por posição,0.999951782700705
I,TAB_I2F_VL_OPER_COMPROM,(I.2.f) Aplicações em Operações Compromissadas,Numérico,numeric,https://dados.cvm.gov.br/dados/FIDC/DOC/INF_MENSAL/META/meta_inf_mensal_fidc_txt.zip,2026-10-07,original,unidade da fonte,CNPJ/tipo/data,Indisponível; nunca zero,Identificadores textuais; nomes/valores originais preservados,Dados e metodologia; pré-filtros; painel; relatório,Presente na geração; cobertura por posição,0.999946425223005
I,TAB_I2G_VL_OUTRO_RF,(I.2.g) Outros Ativos Financeiros de Renda Fixa,Numérico,numeric,https://dados.cvm.gov.br/dados/FIDC/DOC/INF_MENSAL/META/meta_inf_mensal_fidc_txt.zip,2026-10-07,original,unidade da fonte,CNPJ/tipo/data,Indisponível; nunca zero,Identificadores textuais; nomes/valores originais preservados,Dados e metodologia; pré-filtros; painel; relatório,Presente na geração; cobertura por posição,0.999951782700705
I,TAB_I2H_VL_COTA_FIDC,(I.2.h) Cotas de Fundos de Investimento em Direitos Creditórios,Numérico,numeric,https://dados.cvm.gov.br/dados/FIDC/DOC/INF_MENSAL/META/meta_inf_mensal_fidc_txt.zip,2026-10-07,original,unidade da fonte,CNPJ/tipo/data,Indisponível; nunca zero,Identificadores textuais; nomes/valores originais preservados,Dados e metodologia; pré-filtros; painel; relatório,Presente na geração; cobertura por posição,0.999951782700705
I,TAB_I2I_VL_COTA_FIDC_NP,(I.2.i) Cotas de Fundos de Investimento em Direitos Creditórios Não Padronizados,Numérico,numeric,https://dados.cvm.gov.br/dados/FIDC/DOC/INF_MENSAL/META/meta_inf_mensal_fidc_txt.zip,2026-10-07,original,unidade da fonte,CNPJ/tipo/data,Indisponível; nunca zero,Identificadores textuais; nomes/valores originais preservados,Dados e metodologia; pré-filtros; painel; relatório,Presente na geração; cobertura por posição,0.370094559481396
I,TAB_I2J_VL_CONTRATO_FUTURO,"(I.2.j) Warrants, Contrato de Compra e Venda de Produtos, Mercadorias e/ou Serviços para Entrega ou Prestação Futura",Numérico,numeric,https://dados.cvm.gov.br/dados/FIDC/DOC/INF_MENSAL/META/meta_inf_mensal_fidc_txt.zip,2026-10-07,original,unidade da fonte,CNPJ/tipo/data,Indisponível; nunca zero,Identificadores textuais; nomes/valores originais preservados,Dados e metodologia; pré-filtros; painel; relatório,Presente na geração; cobertura por posição,0.999951782700705
I,TAB_I3_VL_POSICAO_DERIV,(I.3) Posições Mantidas em Mercados de Derivativos,Numérico,numeric,https://dados.cvm.gov.br/dados/FIDC/DOC/INF_MENSAL/META/meta_inf_mensal_fidc_txt.zip,2026-10-07,original,unidade da fonte,CNPJ/tipo/data,Indisponível; nunca zero,Identificadores textuais; nomes/valores originais preservados,Dados e metodologia; pré-filtros; painel; relatório,Presente na geração; cobertura por posição,0.999951782700705
I,TAB_I4_VL_OUTRO_ATIVO,(I.4) Outros Ativos,Numérico,numeric,https://dados.cvm.gov.br/dados/FIDC/DOC/INF_MENSAL/META/meta_inf_mensal_fidc_txt.zip,2026-10-07,original,unidade da fonte,CNPJ/tipo/data,Indisponível; nunca zero,Identificadores textuais; nomes/valores originais preservados,Dados e metodologia; pré-filtros; painel; relatório,Presente na geração; cobertura por posição,0.999946425223005
I,TP_FUNDO_CLASSE,Tipo de fundo/classe,Alfanumérico,varchar,https://dados.cvm.gov.br/dados/FIDC/DOC/INF_MENSAL/META/meta_inf_mensal_fidc_txt.zip,2026-10-07,original,texto/data,CNPJ/tipo/data,Indisponível; nunca zero,Identificadores textuais; nomes/valores originais preservados,Dados e metodologia; pré-filtros; painel; relatório,Presente na geração; cobertura por posição,
II,CNPJ_FUNDO_CLASSE,CNPJ do fundo/classe,Alfanumérico,varchar,https://dados.cvm.gov.br/dados/FIDC/DOC/INF_MENSAL/META/meta_inf_mensal_fidc_txt.zip,2026-10-07,original,texto/data,CNPJ/tipo/data,Indisponível; nunca zero,Identificadores textuais; nomes/valores originais preservados,Dados e metodologia; pré-filtros; painel; relatório,Não utilizada nesta análise; filtro X_1 disponível no P06,
II,DENOM_SOCIAL,Denominação Social,Alfanumérico,varchar,https://dados.cvm.gov.br/dados/FIDC/DOC/INF_MENSAL/META/meta_inf_mensal_fidc_txt.zip,2026-10-07,original,texto/data,CNPJ/tipo/data,Indisponível; nunca zero,Identificadores textuais; nomes/valores originais preservados,Dados e metodologia; pré-filtros; painel; relatório,Não utilizada nesta análise; filtro X_1 disponível no P06,1
II,DT_COMPTC,Data de competência do documento,AAAA-MM-DD,date,https://dados.cvm.gov.br/dados/FIDC/DOC/INF_MENSAL/META/meta_inf_mensal_fidc_txt.zip,2026-10-07,original,texto/data,CNPJ/tipo/data,Indisponível; nunca zero,Identificadores textuais; nomes/valores originais preservados,Dados e metodologia; pré-filtros; painel; relatório,Não utilizada nesta análise; filtro X_1 disponível no P06,
II,TP_FUNDO_CLASSE,Tipo de fundo/classe,Alfanumérico,varchar,https://dados.cvm.gov.br/dados/FIDC/DOC/INF_MENSAL/META/meta_inf_mensal_fidc_txt.zip,2026-10-07,original,texto/data,CNPJ/tipo/data,Indisponível; nunca zero,Identificadores textuais; nomes/valores originais preservados,Dados e metodologia; pré-filtros; painel; relatório,Não utilizada nesta análise; filtro X_1 disponível no P06,
III,CNPJ_FUNDO_CLASSE,CNPJ do fundo/classe,Alfanumérico,varchar,https://dados.cvm.gov.br/dados/FIDC/DOC/INF_MENSAL/META/meta_inf_mensal_fidc_txt.zip,2026-10-07,original,texto/data,CNPJ/tipo/data,Indisponível; nunca zero,Identificadores textuais; nomes/valores originais preservados,Dados e metodologia; pré-filtros; painel; relatório,Não utilizada nesta análise; filtro X_1 disponível no P06,
III,DENOM_SOCIAL,Denominação Social,Alfanumérico,varchar,https://dados.cvm.gov.br/dados/FIDC/DOC/INF_MENSAL/META/meta_inf_mensal_fidc_txt.zip,2026-10-07,original,texto/data,CNPJ/tipo/data,Indisponível; nunca zero,Identificadores textuais; nomes/valores originais preservados,Dados e metodologia; pré-filtros; painel; relatório,Não utilizada nesta análise; filtro X_1 disponível no P06,1
III,DT_COMPTC,Data de competência do documento,AAAA-MM-DD,date,https://dados.cvm.gov.br/dados/FIDC/DOC/INF_MENSAL/META/meta_inf_mensal_fidc_txt.zip,2026-10-07,original,texto/data,CNPJ/tipo/data,Indisponível; nunca zero,Identificadores textuais; nomes/valores originais preservados,Dados e metodologia; pré-filtros; painel; relatório,Não utilizada nesta análise; filtro X_1 disponível no P06,
III,TP_FUNDO_CLASSE,Tipo de fundo/classe,Alfanumérico,varchar,https://dados.cvm.gov.br/dados/FIDC/DOC/INF_MENSAL/META/meta_inf_mensal_fidc_txt.zip,2026-10-07,original,texto/data,CNPJ/tipo/data,Indisponível; nunca zero,Identificadores textuais; nomes/valores originais preservados,Dados e metodologia; pré-filtros; painel; relatório,Não utilizada nesta análise; filtro X_1 disponível no P06,
IV,CNPJ_FUNDO_CLASSE,CNPJ do fundo/classe,Alfanumérico,varchar,https://dados.cvm.gov.br/dados/FIDC/DOC/INF_MENSAL/META/meta_inf_mensal_fidc_txt.zip,2026-10-07,original,texto/data,CNPJ/tipo/data,Indisponível; nunca zero,Identificadores textuais; nomes/valores originais preservados,Dados e metodologia; pré-filtros; painel; relatório,Presente na geração; cobertura por posição,
IV,DENOM_SOCIAL,Denominação Social,Alfanumérico,varchar,https://dados.cvm.gov.br/dados/FIDC/DOC/INF_MENSAL/META/meta_inf_mensal_fidc_txt.zip,2026-10-07,original,texto/data,CNPJ/tipo/data,Indisponível; nunca zero,Identificadores textuais; nomes/valores originais preservados,Dados e metodologia; pré-filtros; painel; relatório,Presente na geração; cobertura por posição,1
IV,DT_COMPTC,Data de competência do documento,AAAA-MM-DD,date,https://dados.cvm.gov.br/dados/FIDC/DOC/INF_MENSAL/META/meta_inf_mensal_fidc_txt.zip,2026-10-07,original,texto/data,CNPJ/tipo/data,Indisponível; nunca zero,Identificadores textuais; nomes/valores originais preservados,Dados e metodologia; pré-filtros; painel; relatório,Ausente na geração selecionada,
IV,TAB_IV_A_VL_PL,(IV.a) Valor do Patrimônio Líquido,Numérico,numeric,https://dados.cvm.gov.br/dados/FIDC/DOC/INF_MENSAL/META/meta_inf_mensal_fidc_txt.zip,2026-10-07,original,unidade da fonte,CNPJ/tipo/data,Indisponível; nunca zero,Identificadores textuais; nomes/valores originais preservados,Dados e metodologia; pré-filtros; painel; relatório,Presente na geração; cobertura por posição,0.999903565401409
IV,TP_FUNDO_CLASSE,Tipo de fundo/classe,Alfanumérico,varchar,https://dados.cvm.gov.br/dados/FIDC/DOC/INF_MENSAL/META/meta_inf_mensal_fidc_txt.zip,2026-10-07,original,texto/data,CNPJ/tipo/data,Indisponível; nunca zero,Identificadores textuais; nomes/valores originais preservados,Dados e metodologia; pré-filtros; painel; relatório,Presente na geração; cobertura por posição,
IX,CNPJ_FUNDO_CLASSE,CNPJ do fundo/classe,Alfanumérico,varchar,https://dados.cvm.gov.br/dados/FIDC/DOC/INF_MENSAL/META/meta_inf_mensal_fidc_txt.zip,2026-10-07,original,texto/data,CNPJ/tipo/data,Indisponível; nunca zero,Identificadores textuais; nomes/valores originais preservados,Dados e metodologia; pré-filtros; painel; relatório,Não utilizada nesta análise; filtro X_1 disponível no P06,
IX,DENOM_SOCIAL,Denominação Social,Alfanumérico,varchar,https://dados.cvm.gov.br/dados/FIDC/DOC/INF_MENSAL/META/meta_inf_mensal_fidc_txt.zip,2026-10-07,original,texto/data,CNPJ/tipo/data,Indisponível; nunca zero,Identificadores textuais; nomes/valores originais preservados,Dados e metodologia; pré-filtros; painel; relatório,Não utilizada nesta análise; filtro X_1 disponível no P06,1
IX,DT_COMPTC,Data de competência do documento,AAAA-MM-DD,date,https://dados.cvm.gov.br/dados/FIDC/DOC/INF_MENSAL/META/meta_inf_mensal_fidc_txt.zip,2026-10-07,original,texto/data,CNPJ/tipo/data,Indisponível; nunca zero,Identificadores textuais; nomes/valores originais preservados,Dados e metodologia; pré-filtros; painel; relatório,Não utilizada nesta análise; filtro X_1 disponível no P06,
IX,TP_FUNDO_CLASSE,Tipo de fundo/classe,Alfanumérico,varchar,https://dados.cvm.gov.br/dados/FIDC/DOC/INF_MENSAL/META/meta_inf_mensal_fidc_txt.zip,2026-10-07,original,texto/data,CNPJ/tipo/data,Indisponível; nunca zero,Identificadores textuais; nomes/valores originais preservados,Dados e metodologia; pré-filtros; painel; relatório,Não utilizada nesta análise; filtro X_1 disponível no P06,
V,CNPJ_FUNDO_CLASSE,CNPJ do fundo/classe,Alfanumérico,varchar,https://dados.cvm.gov.br/dados/FIDC/DOC/INF_MENSAL/META/meta_inf_mensal_fidc_txt.zip,2026-10-07,original,texto/data,CNPJ/tipo/data,Indisponível; nunca zero,Identificadores textuais; nomes/valores originais preservados,Dados e metodologia; pré-filtros; painel; relatório,Não utilizada nesta análise; filtro X_1 disponível no P06,
V,DENOM_SOCIAL,Denominação Social,Alfanumérico,varchar,https://dados.cvm.gov.br/dados/FIDC/DOC/INF_MENSAL/META/meta_inf_mensal_fidc_txt.zip,2026-10-07,original,texto/data,CNPJ/tipo/data,Indisponível; nunca zero,Identificadores textuais; nomes/valores originais preservados,Dados e metodologia; pré-filtros; painel; relatório,Não utilizada nesta análise; filtro X_1 disponível no P06,1
V,DT_COMPTC,Data de competência do documento,AAAA-MM-DD,date,https://dados.cvm.gov.br/dados/FIDC/DOC/INF_MENSAL/META/meta_inf_mensal_fidc_txt.zip,2026-10-07,original,texto/data,CNPJ/tipo/data,Indisponível; nunca zero,Identificadores textuais; nomes/valores originais preservados,Dados e metodologia; pré-filtros; painel; relatório,Não utilizada nesta análise; filtro X_1 disponível no P06,
V,TP_FUNDO_CLASSE,Tipo de fundo/classe,Alfanumérico,varchar,https://dados.cvm.gov.br/dados/FIDC/DOC/INF_MENSAL/META/meta_inf_mensal_fidc_txt.zip,2026-10-07,original,texto/data,CNPJ/tipo/data,Indisponível; nunca zero,Identificadores textuais; nomes/valores originais preservados,Dados e metodologia; pré-filtros; painel; relatório,Não utilizada nesta análise; filtro X_1 disponível no P06,
VI,CNPJ_FUNDO_CLASSE,CNPJ do fundo/classe,Alfanumérico,varchar,https://dados.cvm.gov.br/dados/FIDC/DOC/INF_MENSAL/META/meta_inf_mensal_fidc_txt.zip,2026-10-07,original,texto/data,CNPJ/tipo/data,Indisponível; nunca zero,Identificadores textuais; nomes/valores originais preservados,Dados e metodologia; pré-filtros; painel; relatório,Não utilizada nesta análise; filtro X_1 disponível no P06,
VI,DENOM_SOCIAL,Denominação Social,Alfanumérico,varchar,https://dados.cvm.gov.br/dados/FIDC/DOC/INF_MENSAL/META/meta_inf_mensal_fidc_txt.zip,2026-10-07,original,texto/data,CNPJ/tipo/data,Indisponível; nunca zero,Identificadores textuais; nomes/valores originais preservados,Dados e metodologia; pré-filtros; painel; relatório,Não utilizada nesta análise; filtro X_1 disponível no P06,1
VI,DT_COMPTC,Data de competência do documento,AAAA-MM-DD,date,https://dados.cvm.gov.br/dados/FIDC/DOC/INF_MENSAL/META/meta_inf_mensal_fidc_txt.zip,2026-10-07,original,texto/data,CNPJ/tipo/data,Indisponível; nunca zero,Identificadores textuais; nomes/valores originais preservados,Dados e metodologia; pré-filtros; painel; relatório,Não utilizada nesta análise; filtro X_1 disponível no P06,
VI,TP_FUNDO_CLASSE,Tipo de fundo/classe,Alfanumérico,varchar,https://dados.cvm.gov.br/dados/FIDC/DOC/INF_MENSAL/META/meta_inf_mensal_fidc_txt.zip,2026-10-07,original,texto/data,CNPJ/tipo/data,Indisponível; nunca zero,Identificadores textuais; nomes/valores originais preservados,Dados e metodologia; pré-filtros; painel; relatório,Não utilizada nesta análise; filtro X_1 disponível no P06,
VII,CNPJ_FUNDO_CLASSE,CNPJ do fundo/classe,Alfanumérico,varchar,https://dados.cvm.gov.br/dados/FIDC/DOC/INF_MENSAL/META/meta_inf_mensal_fidc_txt.zip,2026-10-07,original,texto/data,CNPJ/tipo/data,Indisponível; nunca zero,Identificadores textuais; nomes/valores originais preservados,Dados e metodologia; pré-filtros; painel; relatório,Não utilizada nesta análise; filtro X_1 disponível no P06,
VII,DENOM_SOCIAL,Denominação Social,Alfanumérico,varchar,https://dados.cvm.gov.br/dados/FIDC/DOC/INF_MENSAL/META/meta_inf_mensal_fidc_txt.zip,2026-10-07,original,texto/data,CNPJ/tipo/data,Indisponível; nunca zero,Identificadores textuais; nomes/valores originais preservados,Dados e metodologia; pré-filtros; painel; relatório,Não utilizada nesta análise; filtro X_1 disponível no P06,1
VII,DT_COMPTC,Data de competência do documento,AAAA-MM-DD,date,https://dados.cvm.gov.br/dados/FIDC/DOC/INF_MENSAL/META/meta_inf_mensal_fidc_txt.zip,2026-10-07,original,texto/data,CNPJ/tipo/data,Indisponível; nunca zero,Identificadores textuais; nomes/valores originais preservados,Dados e metodologia; pré-filtros; painel; relatório,Não utilizada nesta análise; filtro X_1 disponível no P06,
VII,TP_FUNDO_CLASSE,Tipo de fundo/classe,Alfanumérico,varchar,https://dados.cvm.gov.br/dados/FIDC/DOC/INF_MENSAL/META/meta_inf_mensal_fidc_txt.zip,2026-10-07,original,texto/data,CNPJ/tipo/data,Indisponível; nunca zero,Identificadores textuais; nomes/valores originais preservados,Dados e metodologia; pré-filtros; painel; relatório,Não utilizada nesta análise; filtro X_1 disponível no P06,
VIII,CNPJ_FUNDO_CLASSE,CNPJ do fundo/classe,Alfanumérico,varchar,https://dados.cvm.gov.br/dados/FIDC/DOC/INF_MENSAL/META/meta_inf_mensal_fidc_txt.zip,2026-10-07,original,texto/data,CNPJ/tipo/data,Indisponível; nunca zero,Identificadores textuais; nomes/valores originais preservados,Dados e metodologia; pré-filtros; painel; relatório,Não utilizada nesta análise; filtro X_1 disponível no P06,
VIII,DENOM_SOCIAL,Denominação Social,Alfanumérico,varchar,https://dados.cvm.gov.br/dados/FIDC/DOC/INF_MENSAL/META/meta_inf_mensal_fidc_txt.zip,2026-10-07,original,texto/data,CNPJ/tipo/data,Indisponível; nunca zero,Identificadores textuais; nomes/valores originais preservados,Dados e metodologia; pré-filtros; painel; relatório,Não utilizada nesta análise; filtro X_1 disponível no P06,1
VIII,DT_COMPTC,Data de competência do documento,AAAA-MM-DD,date,https://dados.cvm.gov.br/dados/FIDC/DOC/INF_MENSAL/META/meta_inf_mensal_fidc_txt.zip,2026-10-07,original,texto/data,CNPJ/tipo/data,Indisponível; nunca zero,Identificadores textuais; nomes/valores originais preservados,Dados e metodologia; pré-filtros; painel; relatório,Não utilizada nesta análise; filtro X_1 disponível no P06,
VIII,TP_FUNDO_CLASSE,Tipo de fundo/classe,Alfanumérico,varchar,https://dados.cvm.gov.br/dados/FIDC/DOC/INF_MENSAL/META/meta_inf_mensal_fidc_txt.zip,2026-10-07,original,texto/data,CNPJ/tipo/data,Indisponível; nunca zero,Identificadores textuais; nomes/valores originais preservados,Dados e metodologia; pré-filtros; painel; relatório,Não utilizada nesta análise; filtro X_1 disponível no P06,
X,CNPJ_FUNDO_CLASSE,CNPJ do fundo/classe,Alfanumérico,varchar,https://dados.cvm.gov.br/dados/FIDC/DOC/INF_MENSAL/META/meta_inf_mensal_fidc_txt.zip,2026-10-07,original,texto/data,CNPJ/tipo/data,Indisponível; nunca zero,Identificadores textuais; nomes/valores originais preservados,Dados e metodologia; pré-filtros; painel; relatório,Não utilizada nesta análise; filtro X_1 disponível no P06,
X,DENOM_SOCIAL,Denominação Social,Alfanumérico,varchar,https://dados.cvm.gov.br/dados/FIDC/DOC/INF_MENSAL/META/meta_inf_mensal_fidc_txt.zip,2026-10-07,original,texto/data,CNPJ/tipo/data,Indisponível; nunca zero,Identificadores textuais; nomes/valores originais preservados,Dados e metodologia; pré-filtros; painel; relatório,Não utilizada nesta análise; filtro X_1 disponível no P06,1
X,DT_COMPTC,Data de competência do documento,AAAA-MM-DD,date,https://dados.cvm.gov.br/dados/FIDC/DOC/INF_MENSAL/META/meta_inf_mensal_fidc_txt.zip,2026-10-07,original,texto/data,CNPJ/tipo/data,Indisponível; nunca zero,Identificadores textuais; nomes/valores originais preservados,Dados e metodologia; pré-filtros; painel; relatório,Não utilizada nesta análise; filtro X_1 disponível no P06,
X,TP_FUNDO_CLASSE,Tipo de fundo/classe,Alfanumérico,varchar,https://dados.cvm.gov.br/dados/FIDC/DOC/INF_MENSAL/META/meta_inf_mensal_fidc_txt.zip,2026-10-07,original,texto/data,CNPJ/tipo/data,Indisponível; nunca zero,Identificadores textuais; nomes/valores originais preservados,Dados e metodologia; pré-filtros; painel; relatório,Não utilizada nesta análise; filtro X_1 disponível no P06,
X_1,CNPJ_FUNDO,CNPJ do fundo,Alfanumérico,varchar,https://dados.cvm.gov.br/dados/FIDC/DOC/INF_MENSAL/META/meta_inf_mensal_fidc_txt.zip,2026-10-07,original,texto/data,CNPJ/tipo/data/classe-série,Indisponível; nunca zero,Identificadores textuais; nomes/valores originais preservados,Dados e metodologia; pré-filtros; painel; relatório,Presente na geração; cobertura por posição,
X_1,DENOM_SOCIAL,Denominação Social,Alfanumérico,varchar,https://dados.cvm.gov.br/dados/FIDC/DOC/INF_MENSAL/META/meta_inf_mensal_fidc_txt.zip,2026-10-07,original,texto/data,CNPJ/tipo/data/classe-série,Indisponível; nunca zero,Identificadores textuais; nomes/valores originais preservados,Dados e metodologia; pré-filtros; painel; relatório,Presente na geração; cobertura por posição,1
X_1,DT_COMPTC,Data de competência do documento,AAAA-MM-DD,date,https://dados.cvm.gov.br/dados/FIDC/DOC/INF_MENSAL/META/meta_inf_mensal_fidc_txt.zip,2026-10-07,original,texto/data,CNPJ/tipo/data/classe-série,Indisponível; nunca zero,Identificadores textuais; nomes/valores originais preservados,Dados e metodologia; pré-filtros; painel; relatório,Ausente na geração selecionada,
X_1,TAB_X_CLASSE_SERIE,(X) Classe/Série,Alfanumérico,varchar,https://dados.cvm.gov.br/dados/FIDC/DOC/INF_MENSAL/META/meta_inf_mensal_fidc_txt.zip,2026-10-07,original,texto/data,CNPJ/tipo/data/classe-série,Indisponível; nunca zero,Identificadores textuais; nomes/valores originais preservados,Dados e metodologia; pré-filtros; painel; relatório,Presente na geração; cobertura por posição,
X_1,TAB_X_NR_COTST,(X.1) Número de Cotistas,Numérico,numeric,https://dados.cvm.gov.br/dados/FIDC/DOC/INF_MENSAL/META/meta_inf_mensal_fidc_txt.zip,2026-10-07,original,unidade da fonte,CNPJ/tipo/data/classe-série,Indisponível; nunca zero,Identificadores textuais; nomes/valores originais preservados,Dados e metodologia; pré-filtros; painel; relatório,Presente na geração; cobertura por posição,
X_1_1,CNPJ_FUNDO_CLASSE,CNPJ do fundo/classe,Alfanumérico,varchar,https://dados.cvm.gov.br/dados/FIDC/DOC/INF_MENSAL/META/meta_inf_mensal_fidc_txt.zip,2026-10-07,original,texto/data,CNPJ/tipo/data,Indisponível; nunca zero,Identificadores textuais; nomes/valores originais preservados,Dados e metodologia; pré-filtros; painel; relatório,Presente na geração; cobertura por posição,
X_1_1,DENOM_SOCIAL,Denominação Social,Alfanumérico,varchar,https://dados.cvm.gov.br/dados/FIDC/DOC/INF_MENSAL/META/meta_inf_mensal_fidc_txt.zip,2026-10-07,original,texto/data,CNPJ/tipo/data,Indisponível; nunca zero,Identificadores textuais; nomes/valores originais preservados,Dados e metodologia; pré-filtros; painel; relatório,Presente na geração; cobertura por posição,1
X_1_1,DT_COMPTC,Data de competência do documento,AAAA-MM-DD,date,https://dados.cvm.gov.br/dados/FIDC/DOC/INF_MENSAL/META/meta_inf_mensal_fidc_txt.zip,2026-10-07,original,texto/data,CNPJ/tipo/data,Indisponível; nunca zero,Identificadores textuais; nomes/valores originais preservados,Dados e metodologia; pré-filtros; painel; relatório,Ausente na geração selecionada,
X_1_1,TAB_X_NR_COTST_SENIOR_BANCO,(X.1.1) Número de Cotistas (Classe Sênior) - Banco comercial,Numérico,numeric,https://dados.cvm.gov.br/dados/FIDC/DOC/INF_MENSAL/META/meta_inf_mensal_fidc_txt.zip,2026-10-07,original,unidade da fonte,CNPJ/tipo/data,Indisponível; nunca zero,Identificadores textuais; nomes/valores originais preservados,Dados e metodologia; pré-filtros; painel; relatório,Presente na geração; cobertura por posição,
X_1_1,TAB_X_NR_COTST_SENIOR_CAPITALIZ,(X.1.1) Número de Cotistas (Classe Sênior) - Sociedade de capitalização e de arrendamento mercantil,Numérico,numeric,https://dados.cvm.gov.br/dados/FIDC/DOC/INF_MENSAL/META/meta_inf_mensal_fidc_txt.zip,2026-10-07,original,unidade da fonte,CNPJ/tipo/data,Indisponível; nunca zero,Identificadores textuais; nomes/valores originais preservados,Dados e metodologia; pré-filtros; painel; relatório,Presente na geração; cobertura por posição,
X_1_1,TAB_X_NR_COTST_SENIOR_CLUBE,(X.1.1) Número de Cotistas (Classe Sênior) - Clubes de investimento,Numérico,numeric,https://dados.cvm.gov.br/dados/FIDC/DOC/INF_MENSAL/META/meta_inf_mensal_fidc_txt.zip,2026-10-07,original,unidade da fonte,CNPJ/tipo/data,Indisponível; nunca zero,Identificadores textuais; nomes/valores originais preservados,Dados e metodologia; pré-filtros; painel; relatório,Presente na geração; cobertura por posição,
X_1_1,TAB_X_NR_COTST_SENIOR_CORRETORA_DISTRIB,(X.1.1) Número de Cotistas (Classe Sênior) - Corretora ou distribuidora,Numérico,numeric,https://dados.cvm.gov.br/dados/FIDC/DOC/INF_MENSAL/META/meta_inf_mensal_fidc_txt.zip,2026-10-07,original,unidade da fonte,CNPJ/tipo/data,Indisponível; nunca zero,Identificadores textuais; nomes/valores originais preservados,Dados e metodologia; pré-filtros; painel; relatório,Presente na geração; cobertura por posição,
X_1_1,TAB_X_NR_COTST_SENIOR_COTA_FIDC,(X.1.1) Número de Cotistas (Classe Sênior) - Fundos de investimento em cotas de FIDC,Numérico,numeric,https://dados.cvm.gov.br/dados/FIDC/DOC/INF_MENSAL/META/meta_inf_mensal_fidc_txt.zip,2026-10-07,original,unidade da fonte,CNPJ/tipo/data,Indisponível; nunca zero,Identificadores textuais; nomes/valores originais preservados,Dados e metodologia; pré-filtros; painel; relatório,Presente na geração; cobertura por posição,
X_1_1,TAB_X_NR_COTST_SENIOR_EAPC,(X.1.1) Número de Cotistas (Classe Sênior) - Entidade aberta de previdência complementar,Numérico,numeric,https://dados.cvm.gov.br/dados/FIDC/DOC/INF_MENSAL/META/meta_inf_mensal_fidc_txt.zip,2026-10-07,original,unidade da fonte,CNPJ/tipo/data,Indisponível; nunca zero,Identificadores textuais; nomes/valores originais preservados,Dados e metodologia; pré-filtros; painel; relatório,Presente na geração; cobertura por posição,
X_1_1,TAB_X_NR_COTST_SENIOR_EFPC,(X.1.1) Número de Cotistas (Classe Sênior) - Entidade fechada de previdência complementar,Numérico,numeric,https://dados.cvm.gov.br/dados/FIDC/DOC/INF_MENSAL/META/meta_inf_mensal_fidc_txt.zip,2026-10-07,original,unidade da fonte,CNPJ/tipo/data,Indisponível; nunca zero,Identificadores textuais; nomes/valores originais preservados,Dados e metodologia; pré-filtros; painel; relatório,Presente na geração; cobertura por posição,
X_1_1,TAB_X_NR_COTST_SENIOR_FII,(X.1.1) Número de Cotistas (Classe Sênior) - Fundos de investimento imobiliário,Numérico,numeric,https://dados.cvm.gov.br/dados/FIDC/DOC/INF_MENSAL/META/meta_inf_mensal_fidc_txt.zip,2026-10-07,original,unidade da fonte,CNPJ/tipo/data,Indisponível; nunca zero,Identificadores textuais; nomes/valores originais preservados,Dados e metodologia; pré-filtros; painel; relatório,Presente na geração; cobertura por posição,
X_1_1,TAB_X_NR_COTST_SENIOR_INVNR,(X.1.1) Número de Cotistas (Classe Sênior) - Investidores não residentes,Numérico,numeric,https://dados.cvm.gov.br/dados/FIDC/DOC/INF_MENSAL/META/meta_inf_mensal_fidc_txt.zip,2026-10-07,original,unidade da fonte,CNPJ/tipo/data,Indisponível; nunca zero,Identificadores textuais; nomes/valores originais preservados,Dados e metodologia; pré-filtros; painel; relatório,Presente na geração; cobertura por posição,
X_1_1,TAB_X_NR_COTST_SENIOR_OUTRO,(X.1.1) Número de Cotistas (Classe Sênior) - Outros,Numérico,numeric,https://dados.cvm.gov.br/dados/FIDC/DOC/INF_MENSAL/META/meta_inf_mensal_fidc_txt.zip,2026-10-07,original,unidade da fonte,CNPJ/tipo/data,Indisponível; nunca zero,Identificadores textuais; nomes/valores originais preservados,Dados e metodologia; pré-filtros; painel; relatório,Presente na geração; cobertura por posição,
X_1_1,TAB_X_NR_COTST_SENIOR_OUTRO_FI,(X.1.1) Número de Cotistas (Classe Sênior) - Outros fundos de investimento,Numérico,numeric,https://dados.cvm.gov.br/dados/FIDC/DOC/INF_MENSAL/META/meta_inf_mensal_fidc_txt.zip,2026-10-07,original,unidade da fonte,CNPJ/tipo/data,Indisponível; nunca zero,Identificadores textuais; nomes/valores originais preservados,Dados e metodologia; pré-filtros; painel; relatório,Presente na geração; cobertura por posição,
X_1_1,TAB_X_NR_COTST_SENIOR_PF,(X.1.1) Número de Cotistas (Classe Sênior) - Pessoa física,Numérico,numeric,https://dados.cvm.gov.br/dados/FIDC/DOC/INF_MENSAL/META/meta_inf_mensal_fidc_txt.zip,2026-10-07,original,unidade da fonte,CNPJ/tipo/data,Indisponível; nunca zero,Identificadores textuais; nomes/valores originais preservados,Dados e metodologia; pré-filtros; painel; relatório,Presente na geração; cobertura por posição,
X_1_1,TAB_X_NR_COTST_SENIOR_PJ_FINANC,(X.1.1) Número de Cotistas (Classe Sênior) - Outras pessoas jurídicas financeiras,Numérico,numeric,https://dados.cvm.gov.br/dados/FIDC/DOC/INF_MENSAL/META/meta_inf_mensal_fidc_txt.zip,2026-10-07,original,unidade da fonte,CNPJ/tipo/data,Indisponível; nunca zero,Identificadores textuais; nomes/valores originais preservados,Dados e metodologia; pré-filtros; painel; relatório,Presente na geração; cobertura por posição,
X_1_1,TAB_X_NR_COTST_SENIOR_PJ_NAO_FINANC,(X.1.1) Número de Cotistas (Classe Sênior) - Pessoa jurídica não-financeira,Numérico,numeric,https://dados.cvm.gov.br/dados/FIDC/DOC/INF_MENSAL/META/meta_inf_mensal_fidc_txt.zip,2026-10-07,original,unidade da fonte,CNPJ/tipo/data,Indisponível; nunca zero,Identificadores textuais; nomes/valores originais preservados,Dados e metodologia; pré-filtros; painel; relatório,Presente na geração; cobertura por posição,
X_1_1,TAB_X_NR_COTST_SENIOR_RPPS,(X.1.1) Número de Cotistas (Classe Sênior) - Regime próprio de previdência dos servidores públicos,Numérico,numeric,https://dados.cvm.gov.br/dados/FIDC/DOC/INF_MENSAL/META/meta_inf_mensal_fidc_txt.zip,2026-10-07,original,unidade da fonte,CNPJ/tipo/data,Indisponível; nunca zero,Identificadores textuais; nomes/valores originais preservados,Dados e metodologia; pré-filtros; painel; relatório,Presente na geração; cobertura por posição,
X_1_1,TAB_X_NR_COTST_SENIOR_SEGUR,(X.1.1) Número de Cotistas (Classe Sênior) - Sociedade seguradora ou resseguradora,Numérico,numeric,https://dados.cvm.gov.br/dados/FIDC/DOC/INF_MENSAL/META/meta_inf_mensal_fidc_txt.zip,2026-10-07,original,unidade da fonte,CNPJ/tipo/data,Indisponível; nunca zero,Identificadores textuais; nomes/valores originais preservados,Dados e metodologia; pré-filtros; painel; relatório,Presente na geração; cobertura por posição,
X_1_1,TAB_X_NR_COTST_SUBORD_BANCO,(X.1.2) Número de Cotistas (Classe Subordinada) - Banco comercial,Numérico,numeric,https://dados.cvm.gov.br/dados/FIDC/DOC/INF_MENSAL/META/meta_inf_mensal_fidc_txt.zip,2026-10-07,original,unidade da fonte,CNPJ/tipo/data,Indisponível; nunca zero,Identificadores textuais; nomes/valores originais preservados,Dados e metodologia; pré-filtros; painel; relatório,Presente na geração; cobertura por posição,
X_1_1,TAB_X_NR_COTST_SUBORD_CAPITALIZ,(X.1.2) Número de Cotistas (Classe Subordinada) - Sociedade de capitalização e de arrendamento mercantil,Numérico,numeric,https://dados.cvm.gov.br/dados/FIDC/DOC/INF_MENSAL/META/meta_inf_mensal_fidc_txt.zip,2026-10-07,original,unidade da fonte,CNPJ/tipo/data,Indisponível; nunca zero,Identificadores textuais; nomes/valores originais preservados,Dados e metodologia; pré-filtros; painel; relatório,Presente na geração; cobertura por posição,
X_1_1,TAB_X_NR_COTST_SUBORD_CLUBE,(X.1.2) Número de Cotistas (Classe Subordinada) - Clubes de investimento,Numérico,numeric,https://dados.cvm.gov.br/dados/FIDC/DOC/INF_MENSAL/META/meta_inf_mensal_fidc_txt.zip,2026-10-07,original,unidade da fonte,CNPJ/tipo/data,Indisponível; nunca zero,Identificadores textuais; nomes/valores originais preservados,Dados e metodologia; pré-filtros; painel; relatório,Presente na geração; cobertura por posição,
X_1_1,TAB_X_NR_COTST_SUBORD_CORRETORA_DISTRIB,(X.1.2) Número de Cotistas (Classe Subordinada) - Corretora ou distribuidora,Numérico,numeric,https://dados.cvm.gov.br/dados/FIDC/DOC/INF_MENSAL/META/meta_inf_mensal_fidc_txt.zip,2026-10-07,original,unidade da fonte,CNPJ/tipo/data,Indisponível; nunca zero,Identificadores textuais; nomes/valores originais preservados,Dados e metodologia; pré-filtros; painel; relatório,Presente na geração; cobertura por posição,
X_1_1,TAB_X_NR_COTST_SUBORD_COTA_FIDC,(X.1.2) Número de Cotistas (Classe Subordinada) - Fundos de investimento em cotas de FIDC,Numérico,numeric,https://dados.cvm.gov.br/dados/FIDC/DOC/INF_MENSAL/META/meta_inf_mensal_fidc_txt.zip,2026-10-07,original,unidade da fonte,CNPJ/tipo/data,Indisponível; nunca zero,Identificadores textuais; nomes/valores originais preservados,Dados e metodologia; pré-filtros; painel; relatório,Presente na geração; cobertura por posição,
X_1_1,TAB_X_NR_COTST_SUBORD_EAPC,(X.1.2) Número de Cotistas (Classe Subordinada) - Entidade aberta de previdência complementar,Numérico,numeric,https://dados.cvm.gov.br/dados/FIDC/DOC/INF_MENSAL/META/meta_inf_mensal_fidc_txt.zip,2026-10-07,original,unidade da fonte,CNPJ/tipo/data,Indisponível; nunca zero,Identificadores textuais; nomes/valores originais preservados,Dados e metodologia; pré-filtros; painel; relatório,Presente na geração; cobertura por posição,
X_1_1,TAB_X_NR_COTST_SUBORD_EFPC,(X.1.2) Número de Cotistas (Classe Subordinada) - Entidade fechada de previdência complementar,Numérico,numeric,https://dados.cvm.gov.br/dados/FIDC/DOC/INF_MENSAL/META/meta_inf_mensal_fidc_txt.zip,2026-10-07,original,unidade da fonte,CNPJ/tipo/data,Indisponível; nunca zero,Identificadores textuais; nomes/valores originais preservados,Dados e metodologia; pré-filtros; painel; relatório,Presente na geração; cobertura por posição,
X_1_1,TAB_X_NR_COTST_SUBORD_FII,(X.1.2) Número de Cotistas (Classe Subordinada) - Fundos de investimento imobiliário,Numérico,numeric,https://dados.cvm.gov.br/dados/FIDC/DOC/INF_MENSAL/META/meta_inf_mensal_fidc_txt.zip,2026-10-07,original,unidade da fonte,CNPJ/tipo/data,Indisponível; nunca zero,Identificadores textuais; nomes/valores originais preservados,Dados e metodologia; pré-filtros; painel; relatório,Presente na geração; cobertura por posição,
X_1_1,TAB_X_NR_COTST_SUBORD_INVNR,(X.1.2) Número de Cotistas (Classe Subordinada) - Investidores não residentes,Numérico,numeric,https://dados.cvm.gov.br/dados/FIDC/DOC/INF_MENSAL/META/meta_inf_mensal_fidc_txt.zip,2026-10-07,original,unidade da fonte,CNPJ/tipo/data,Indisponível; nunca zero,Identificadores textuais; nomes/valores originais preservados,Dados e metodologia; pré-filtros; painel; relatório,Presente na geração; cobertura por posição,
X_1_1,TAB_X_NR_COTST_SUBORD_OUTRO,(X.1.2) Número de Cotistas (Classe Subordinada) - Outros,Numérico,numeric,https://dados.cvm.gov.br/dados/FIDC/DOC/INF_MENSAL/META/meta_inf_mensal_fidc_txt.zip,2026-10-07,original,unidade da fonte,CNPJ/tipo/data,Indisponível; nunca zero,Identificadores textuais; nomes/valores originais preservados,Dados e metodologia; pré-filtros; painel; relatório,Presente na geração; cobertura por posição,
X_1_1,TAB_X_NR_COTST_SUBORD_OUTRO_FI,(X.1.2) Número de Cotistas (Classe Subordinada) - Outros fundos de investimento,Numérico,numeric,https://dados.cvm.gov.br/dados/FIDC/DOC/INF_MENSAL/META/meta_inf_mensal_fidc_txt.zip,2026-10-07,original,unidade da fonte,CNPJ/tipo/data,Indisponível; nunca zero,Identificadores textuais; nomes/valores originais preservados,Dados e metodologia; pré-filtros; painel; relatório,Presente na geração; cobertura por posição,
X_1_1,TAB_X_NR_COTST_SUBORD_PF,(X.1.2) Número de Cotistas (Classe Subordinada) - Pessoa física,Numérico,numeric,https://dados.cvm.gov.br/dados/FIDC/DOC/INF_MENSAL/META/meta_inf_mensal_fidc_txt.zip,2026-10-07,original,unidade da fonte,CNPJ/tipo/data,Indisponível; nunca zero,Identificadores textuais; nomes/valores originais preservados,Dados e metodologia; pré-filtros; painel; relatório,Presente na geração; cobertura por posição,
X_1_1,TAB_X_NR_COTST_SUBORD_PJ_FINANC,(X.1.2) Número de Cotistas (Classe Subordinada) - Outras pessoas jurídicas financeiras,Numérico,numeric,https://dados.cvm.gov.br/dados/FIDC/DOC/INF_MENSAL/META/meta_inf_mensal_fidc_txt.zip,2026-10-07,original,unidade da fonte,CNPJ/tipo/data,Indisponível; nunca zero,Identificadores textuais; nomes/valores originais preservados,Dados e metodologia; pré-filtros; painel; relatório,Presente na geração; cobertura por posição,
X_1_1,TAB_X_NR_COTST_SUBORD_PJ_NAO_FINANC,(X.1.2) Número de Cotistas (Classe Subordinada) - Pessoa jurídica não-financeira,Numérico,numeric,https://dados.cvm.gov.br/dados/FIDC/DOC/INF_MENSAL/META/meta_inf_mensal_fidc_txt.zip,2026-10-07,original,unidade da fonte,CNPJ/tipo/data,Indisponível; nunca zero,Identificadores textuais; nomes/valores originais preservados,Dados e metodologia; pré-filtros; painel; relatório,Presente na geração; cobertura por posição,
X_1_1,TAB_X_NR_COTST_SUBORD_RPPS,(X.1.2) Número de Cotistas (Classe Subordinada) - Regime próprio de previdência dos servidores públicos,Numérico,numeric,https://dados.cvm.gov.br/dados/FIDC/DOC/INF_MENSAL/META/meta_inf_mensal_fidc_txt.zip,2026-10-07,original,unidade da fonte,CNPJ/tipo/data,Indisponível; nunca zero,Identificadores textuais; nomes/valores originais preservados,Dados e metodologia; pré-filtros; painel; relatório,Presente na geração; cobertura por posição,
X_1_1,TAB_X_NR_COTST_SUBORD_SEGUR,(X.1.2) Número de Cotistas (Classe Subordinada) - Sociedade seguradora ou resseguradora,Numérico,numeric,https://dados.cvm.gov.br/dados/FIDC/DOC/INF_MENSAL/META/meta_inf_mensal_fidc_txt.zip,2026-10-07,original,unidade da fonte,CNPJ/tipo/data,Indisponível; nunca zero,Identificadores textuais; nomes/valores originais preservados,Dados e metodologia; pré-filtros; painel; relatório,Presente na geração; cobertura por posição,
X_1_1,TP_FUNDO_CLASSE,Tipo de fundo/classe,Alfanumérico,varchar,https://dados.cvm.gov.br/dados/FIDC/DOC/INF_MENSAL/META/meta_inf_mensal_fidc_txt.zip,2026-10-07,original,texto/data,CNPJ/tipo/data,Indisponível; nunca zero,Identificadores textuais; nomes/valores originais preservados,Dados e metodologia; pré-filtros; painel; relatório,Presente na geração; cobertura por posição,
X_2,CNPJ_FUNDO,CNPJ do fundo,Alfanumérico,varchar,https://dados.cvm.gov.br/dados/FIDC/DOC/INF_MENSAL/META/meta_inf_mensal_fidc_txt.zip,2026-10-07,original,texto/data,CNPJ/tipo/data,Indisponível; nunca zero,Identificadores textuais; nomes/valores originais preservados,Dados e metodologia; pré-filtros; painel; relatório,Não utilizada nesta análise; filtro X_1 disponível no P06,
X_2,DENOM_SOCIAL,Denominação Social,Alfanumérico,varchar,https://dados.cvm.gov.br/dados/FIDC/DOC/INF_MENSAL/META/meta_inf_mensal_fidc_txt.zip,2026-10-07,original,texto/data,CNPJ/tipo/data,Indisponível; nunca zero,Identificadores textuais; nomes/valores originais preservados,Dados e metodologia; pré-filtros; painel; relatório,Não utilizada nesta análise; filtro X_1 disponível no P06,1
X_2,DT_COMPTC,Data de competência do documento,AAAA-MM-DD,date,https://dados.cvm.gov.br/dados/FIDC/DOC/INF_MENSAL/META/meta_inf_mensal_fidc_txt.zip,2026-10-07,original,texto/data,CNPJ/tipo/data,Indisponível; nunca zero,Identificadores textuais; nomes/valores originais preservados,Dados e metodologia; pré-filtros; painel; relatório,Não utilizada nesta análise; filtro X_1 disponível no P06,
X_2,TAB_X_CLASSE_SERIE,(X) Classe/Série,Alfanumérico,varchar,https://dados.cvm.gov.br/dados/FIDC/DOC/INF_MENSAL/META/meta_inf_mensal_fidc_txt.zip,2026-10-07,original,texto/data,CNPJ/tipo/data,Indisponível; nunca zero,Identificadores textuais; nomes/valores originais preservados,Dados e metodologia; pré-filtros; painel; relatório,Não utilizada nesta análise; filtro X_1 disponível no P06,
X_3,CNPJ_FUNDO,CNPJ do fundo,Alfanumérico,varchar,https://dados.cvm.gov.br/dados/FIDC/DOC/INF_MENSAL/META/meta_inf_mensal_fidc_txt.zip,2026-10-07,original,texto/data,CNPJ/tipo/data,Indisponível; nunca zero,Identificadores textuais; nomes/valores originais preservados,Dados e metodologia; pré-filtros; painel; relatório,Não utilizada nesta análise; filtro X_1 disponível no P06,
X_3,DENOM_SOCIAL,Denominação Social,Alfanumérico,varchar,https://dados.cvm.gov.br/dados/FIDC/DOC/INF_MENSAL/META/meta_inf_mensal_fidc_txt.zip,2026-10-07,original,texto/data,CNPJ/tipo/data,Indisponível; nunca zero,Identificadores textuais; nomes/valores originais preservados,Dados e metodologia; pré-filtros; painel; relatório,Não utilizada nesta análise; filtro X_1 disponível no P06,1
X_3,DT_COMPTC,Data de competência do documento,AAAA-MM-DD,date,https://dados.cvm.gov.br/dados/FIDC/DOC/INF_MENSAL/META/meta_inf_mensal_fidc_txt.zip,2026-10-07,original,texto/data,CNPJ/tipo/data,Indisponível; nunca zero,Identificadores textuais; nomes/valores originais preservados,Dados e metodologia; pré-filtros; painel; relatório,Não utilizada nesta análise; filtro X_1 disponível no P06,
X_3,TAB_X_CLASSE_SERIE,(X) Classe/Série,Alfanumérico,varchar,https://dados.cvm.gov.br/dados/FIDC/DOC/INF_MENSAL/META/meta_inf_mensal_fidc_txt.zip,2026-10-07,original,texto/data,CNPJ/tipo/data,Indisponível; nunca zero,Identificadores textuais; nomes/valores originais preservados,Dados e metodologia; pré-filtros; painel; relatório,Não utilizada nesta análise; filtro X_1 disponível no P06,
X_4,CNPJ_FUNDO,CNPJ do fundo,Alfanumérico,varchar,https://dados.cvm.gov.br/dados/FIDC/DOC/INF_MENSAL/META/meta_inf_mensal_fidc_txt.zip,2026-10-07,original,texto/data,CNPJ/tipo/data,Indisponível; nunca zero,Identificadores textuais; nomes/valores originais preservados,Dados e metodologia; pré-filtros; painel; relatório,Não utilizada nesta análise; filtro X_1 disponível no P06,
X_4,DENOM_SOCIAL,Denominação Social,Alfanumérico,varchar,https://dados.cvm.gov.br/dados/FIDC/DOC/INF_MENSAL/META/meta_inf_mensal_fidc_txt.zip,2026-10-07,original,texto/data,CNPJ/tipo/data,Indisponível; nunca zero,Identificadores textuais; nomes/valores originais preservados,Dados e metodologia; pré-filtros; painel; relatório,Não utilizada nesta análise; filtro X_1 disponível no P06,1
X_4,DT_COMPTC,Data de competência do documento,AAAA-MM-DD,date,https://dados.cvm.gov.br/dados/FIDC/DOC/INF_MENSAL/META/meta_inf_mensal_fidc_txt.zip,2026-10-07,original,texto/data,CNPJ/tipo/data,Indisponível; nunca zero,Identificadores textuais; nomes/valores originais preservados,Dados e metodologia; pré-filtros; painel; relatório,Não utilizada nesta análise; filtro X_1 disponível no P06,
X_4,TAB_X_CLASSE_SERIE,(X) Classe/Série,Alfanumérico,varchar,https://dados.cvm.gov.br/dados/FIDC/DOC/INF_MENSAL/META/meta_inf_mensal_fidc_txt.zip,2026-10-07,original,texto/data,CNPJ/tipo/data,Indisponível; nunca zero,Identificadores textuais; nomes/valores originais preservados,Dados e metodologia; pré-filtros; painel; relatório,Não utilizada nesta análise; filtro X_1 disponível no P06,
X_5,CNPJ_FUNDO_CLASSE,CNPJ do fundo/classe,Alfanumérico,varchar,https://dados.cvm.gov.br/dados/FIDC/DOC/INF_MENSAL/META/meta_inf_mensal_fidc_txt.zip,2026-10-07,original,texto/data,CNPJ/tipo/data,Indisponível; nunca zero,Identificadores textuais; nomes/valores originais preservados,Dados e metodologia; pré-filtros; painel; relatório,Não utilizada nesta análise; filtro X_1 disponível no P06,
X_5,DENOM_SOCIAL,Denominação Social,Alfanumérico,varchar,https://dados.cvm.gov.br/dados/FIDC/DOC/INF_MENSAL/META/meta_inf_mensal_fidc_txt.zip,2026-10-07,original,texto/data,CNPJ/tipo/data,Indisponível; nunca zero,Identificadores textuais; nomes/valores originais preservados,Dados e metodologia; pré-filtros; painel; relatório,Não utilizada nesta análise; filtro X_1 disponível no P06,1
X_5,DT_COMPTC,Data de competência do documento,AAAA-MM-DD,date,https://dados.cvm.gov.br/dados/FIDC/DOC/INF_MENSAL/META/meta_inf_mensal_fidc_txt.zip,2026-10-07,original,texto/data,CNPJ/tipo/data,Indisponível; nunca zero,Identificadores textuais; nomes/valores originais preservados,Dados e metodologia; pré-filtros; painel; relatório,Não utilizada nesta análise; filtro X_1 disponível no P06,
X_5,TP_FUNDO_CLASSE,Tipo de fundo/classe,Alfanumérico,varchar,https://dados.cvm.gov.br/dados/FIDC/DOC/INF_MENSAL/META/meta_inf_mensal_fidc_txt.zip,2026-10-07,original,texto/data,CNPJ/tipo/data,Indisponível; nunca zero,Identificadores textuais; nomes/valores originais preservados,Dados e metodologia; pré-filtros; painel; relatório,Não utilizada nesta análise; filtro X_1 disponível no P06,
X_6,CNPJ_FUNDO,CNPJ do fundo,Alfanumérico,varchar,https://dados.cvm.gov.br/dados/FIDC/DOC/INF_MENSAL/META/meta_inf_mensal_fidc_txt.zip,2026-10-07,original,texto/data,CNPJ/tipo/data,Indisponível; nunca zero,Identificadores textuais; nomes/valores originais preservados,Dados e metodologia; pré-filtros; painel; relatório,Não utilizada nesta análise; filtro X_1 disponível no P06,
X_6,DENOM_SOCIAL,Denominação Social,Alfanumérico,varchar,https://dados.cvm.gov.br/dados/FIDC/DOC/INF_MENSAL/META/meta_inf_mensal_fidc_txt.zip,2026-10-07,original,texto/data,CNPJ/tipo/data,Indisponível; nunca zero,Identificadores textuais; nomes/valores originais preservados,Dados e metodologia; pré-filtros; painel; relatório,Não utilizada nesta análise; filtro X_1 disponível no P06,1
X_6,DT_COMPTC,Data de competência do documento,AAAA-MM-DD,date,https://dados.cvm.gov.br/dados/FIDC/DOC/INF_MENSAL/META/meta_inf_mensal_fidc_txt.zip,2026-10-07,original,texto/data,CNPJ/tipo/data,Indisponível; nunca zero,Identificadores textuais; nomes/valores originais preservados,Dados e metodologia; pré-filtros; painel; relatório,Não utilizada nesta análise; filtro X_1 disponível no P06,
X_6,TAB_X_CLASSE_SERIE,(X) Classe/Série,Alfanumérico,varchar,https://dados.cvm.gov.br/dados/FIDC/DOC/INF_MENSAL/META/meta_inf_mensal_fidc_txt.zip,2026-10-07,original,texto/data,CNPJ/tipo/data,Indisponível; nunca zero,Identificadores textuais; nomes/valores originais preservados,Dados e metodologia; pré-filtros; painel; relatório,Não utilizada nesta análise; filtro X_1 disponível no P06,
X_7,CNPJ_FUNDO_CLASSE,CNPJ do fundo/classe,Alfanumérico,varchar,https://dados.cvm.gov.br/dados/FIDC/DOC/INF_MENSAL/META/meta_inf_mensal_fidc_txt.zip,2026-10-07,original,texto/data,CNPJ/tipo/data,Indisponível; nunca zero,Identificadores textuais; nomes/valores originais preservados,Dados e metodologia; pré-filtros; painel; relatório,Não utilizada nesta análise; filtro X_1 disponível no P06,
X_7,DENOM_SOCIAL,Denominação Social,Alfanumérico,varchar,https://dados.cvm.gov.br/dados/FIDC/DOC/INF_MENSAL/META/meta_inf_mensal_fidc_txt.zip,2026-10-07,original,texto/data,CNPJ/tipo/data,Indisponível; nunca zero,Identificadores textuais; nomes/valores originais preservados,Dados e metodologia; pré-filtros; painel; relatório,Não utilizada nesta análise; filtro X_1 disponível no P06,1
X_7,DT_COMPTC,Data de competência do documento,AAAA-MM-DD,date,https://dados.cvm.gov.br/dados/FIDC/DOC/INF_MENSAL/META/meta_inf_mensal_fidc_txt.zip,2026-10-07,original,texto/data,CNPJ/tipo/data,Indisponível; nunca zero,Identificadores textuais; nomes/valores originais preservados,Dados e metodologia; pré-filtros; painel; relatório,Não utilizada nesta análise; filtro X_1 disponível no P06,
X_7,TP_FUNDO_CLASSE,Tipo de fundo/classe,Alfanumérico,varchar,https://dados.cvm.gov.br/dados/FIDC/DOC/INF_MENSAL/META/meta_inf_mensal_fidc_txt.zip,2026-10-07,original,texto/data,CNPJ/tipo/data,Indisponível; nunca zero,Identificadores textuais; nomes/valores originais preservados,Dados e metodologia; pré-filtros; painel; relatório,Não utilizada nesta análise; filtro X_1 disponível no P06,
P08,p97_5,"Percentil 97,5 (P97,5) do PL original no grupo indicado, interpolação tipo 7",,numeric,https://dados.cvm.gov.br/dados/FIDC/DOC/INF_MENSAL/META/meta_inf_mensal_fidc_txt.zip,2026-10-07,derivado,unidade da fonte,Grupo/tipo/data indicado,Indisponível; denominador não positivo/zero tratado explicitamente,"quantile(x, .975, type=7, na.rm=TRUE)",Painel; relatório; CSV,Calculado,
P08,pl_wins,PL winsorizado nos limites globais do universo/tipo/competência,,numeric,https://dados.cvm.gov.br/dados/FIDC/DOC/INF_MENSAL/META/meta_inf_mensal_fidc_txt.zip,2026-10-07,derivado,unidade da fonte,Grupo/tipo/data indicado,Indisponível; denominador não positivo/zero tratado explicitamente,"pmin(pmax(pl,p2_5_global),p97_5_global)",Painel; relatório; CSV,Calculado,
P08,participacao,Valor do administrador / soma do valor de todos os administradores identificados,,numeric,https://dados.cvm.gov.br/dados/FIDC/DOC/INF_MENSAL/META/meta_inf_mensal_fidc_txt.zip,2026-10-07,derivado,razão 0–1,Grupo/tipo/data indicado,Indisponível; denominador não positivo/zero tratado explicitamente,valor / denominador anterior ao top25,Painel; relatório; CSV,Calculado,
P08,percentual,Soma de componentes / soma das bases presentes e positivas nas mesmas posições,,numeric,https://dados.cvm.gov.br/dados/FIDC/DOC/INF_MENSAL/META/meta_inf_mensal_fidc_txt.zip,2026-10-07,derivado,razão 0–1,Grupo/tipo/data indicado,Indisponível; denominador não positivo/zero tratado explicitamente,sum(valor[comparáveis]) / sum(base[comparáveis]),Painel; relatório; CSV,Calculado,
P08,diferenca,Ativo total menos soma dos quatro componentes de nível Ativo,,numeric,https://dados.cvm.gov.br/dados/FIDC/DOC/INF_MENSAL/META/meta_inf_mensal_fidc_txt.zip,2026-10-07,derivado,unidade da fonte,Grupo/tipo/data indicado,Indisponível; denominador não positivo/zero tratado explicitamente,ativo - soma(componentes completos),Painel; relatório; CSV,Calculado,
