"competencia","registros_flat","fundos_cnpj","registros_com_pl","registros_sem_pl","pl_total_valor_fonte","pl_max_valor_fonte","pl_percentil_75_valor_fonte","pl_mediana_valor_fonte","pl_percentil_25_valor_fonte","pl_min_valor_fonte","pl_media_valor_fonte","pl_coeficiente_variacao_percentual","cv_definicao","quantis_metodo","data_competencia","quantidade_administradores"
"2020-01",,1052,1052,0,"231083445014.66",57689957095.07,117631282.985,38708852.71,11939970.65,0,219661069.40557,840.659247733453,"amostral_sd_sobre_media_vezes_100","R_tipo_7","2020-01-31",52
"2020-02",,1061,1061,0,"236651704396.88",54893282480.6,118387528.93,38681288.83,11431629.06,0,223045904.238341,790.864401384164,"amostral_sd_sobre_media_vezes_100","R_tipo_7","2020-02-29",52
"2020-03",,1070,1069,1,"242883196486.54",60478923121.77,121871341.99,39325661.88,11860343.28,0,227205983.616969,842.587491054771,"amostral_sd_sobre_media_vezes_100","R_tipo_7","2020-03-31",52
"2020-04",,1077,1075,2,"230695668449.16",47555174319.25,120451660.275,39863371.48,11608343.785,0,214600621.813172,713.296969763799,"amostral_sd_sobre_media_vezes_100","R_tipo_7","2020-04-30",52
"2020-05",,1088,1087,1,"225973116494.68",45351274488.81,113079232.575,37982561.66,10755433.715,0,207886951.697038,702.15073065134,"amostral_sd_sobre_media_vezes_100","R_tipo_7","2020-05-31",53
"2020-06",,1091,1090,1,"225542732796.35",44529169371.16,114615473.8525,37575526.63,10914799.6575,0,206919938.345275,691.901232594104,"amostral_sd_sobre_media_vezes_100","R_tipo_7","2020-06-30",53
"2020-07",,1115,1115,0,"225172200448.61",42973823974.77,111857017.82,36199105.95,10003394.435,0,201948161.837318,680.614558086024,"amostral_sd_sobre_media_vezes_100","R_tipo_7","2020-07-31",53
"2020-08",,1129,1129,0,"225182168425.62",40109043244.95,116160817.05,36618837.54,10426840.26,-15516.59,199452762.113038,642.485764738695,"amostral_sd_sobre_media_vezes_100","R_tipo_7","2020-08-31",53
"2020-09",,1144,1142,2,"230111885352.76",43016964640.98,116005953.0775,37009122.72,10646238.425,-4373202.39,201499023.951629,671.004967236117,"amostral_sd_sobre_media_vezes_100","R_tipo_7","2020-09-30",53
"2020-10",,1151,1151,0,"217425723839.76",27625691734.48,115782796.63,38848538.66,11134514.585,-4380807.49,188901584.569731,496.347344739208,"amostral_sd_sobre_media_vezes_100","R_tipo_7","2020-10-31",51
"2020-11",,1198,1198,0,"214070335329.26",23178484928.64,114296099.5725,36698431.91,10288103.7675,-24285053.88,178689762.378347,455.749117349891,"amostral_sd_sobre_media_vezes_100","R_tipo_7","2020-11-30",39
"2020-12",,1230,1230,0,"217765239141.36",20524733478.42,115471490.17,37393988.1,10532679.2125,-24366435.62,177044909.871024,425.257333666768,"amostral_sd_sobre_media_vezes_100","R_tipo_7","2020-12-31",40
"2021-01",,1224,1224,0,"216010298710.05",23874565114.19,113016392.38,36591330.25,10832558.895,-24508040.29,176479002.214093,463.598202124097,"amostral_sd_sobre_media_vezes_100","R_tipo_7","2021-01-31",42
"2021-02",,1234,1234,0,"223091603475.12",25628453158.48,115999737.78,37876482.735,10976407.78,-24594696.09,180787361.000908,477.333544567019,"amostral_sd_sobre_media_vezes_100","R_tipo_7","2021-02-28",42
"2021-03",,1273,1273,0,"246564478206.17",36542569087.78,113840469.41,36585349.71,11193351.15,-24828867.08,193687728.363056,588.124042978565,"amostral_sd_sobre_media_vezes_100","R_tipo_7","2021-03-31",43
"2021-04",,1295,1295,0,"267398646168.59",51794235134.39,113957200.995,35700965.6,11176397.69,-24928390.5,206485441.056826,744.094023741136,"amostral_sd_sobre_media_vezes_100","R_tipo_7","2021-04-30",44
"2021-05",,1338,1338,0,"281722345080.47",53570393428.76,118213626.185,36117016.375,10919493.4175,-24996827.31,210554816.951024,743.519567592037,"amostral_sd_sobre_media_vezes_100","R_tipo_7","2021-05-31",45
"2021-06",,1369,1369,0,"297768386704.69",66056094783.14,117075593.2,36179241.65,11148789.32,-4475369.97,217507952.304375,857.905673030756,"amostral_sd_sobre_media_vezes_100","R_tipo_7","2021-06-30",47
"2021-07",,1385,1385,0,"291992823206.22",72474547520.81,114294134.79,36090746.88,10938427.86,-6037043.57,210825143.109184,949.425924328924,"amostral_sd_sobre_media_vezes_100","R_tipo_7","2021-07-31",49
"2021-08",,1426,1426,0,"297540500381.15",64856398422.2,114220282.6925,35991038.17,10267562.1725,-6001479.04,208653927.33601,861.299906282759,"amostral_sd_sobre_media_vezes_100","R_tipo_7","2021-08-31",49
"2021-09",,1456,1456,0,"303933333049.20",67078099294.96,115992334.285,37296396.56,10632054.9125,-27789814.89,208745421.050275,879.474953165226,"amostral_sd_sobre_media_vezes_100","R_tipo_7","2021-09-30",50
"2021-10",,1478,1478,0,"309262607908.81",79533408721.7,116819543.5925,38525890.335,10984648.08,-27753130.54,209243983.700142,1013.24396431023,"amostral_sd_sobre_media_vezes_100","R_tipo_7","2021-10-31",47
"2021-11",,1494,1494,0,"330601679072.19",101630127530.29,118300452.325,38824919.52,10957021.855,-27794920.87,221286264.439217,1204.05586361166,"amostral_sd_sobre_media_vezes_100","R_tipo_7","2021-11-30",46
"2021-12",,1547,1547,0,"308945976310.86",66772121964.56,117392272.67,38272023.46,10183614.555,-27695283.25,199706513.452398,878.810621045939,"amostral_sd_sobre_media_vezes_100","R_tipo_7","2021-12-31",47
"2022-01",,1553,1552,1,"306616695567.92",61157308851.56,119463593.67,39369919.555,10860784.4625,-27620668.19,197562303.845309,818.462131443969,"amostral_sd_sobre_media_vezes_100","R_tipo_7","2022-01-31",46
"2022-02",,1578,1578,0,"312193135881.69",60820890189.74,121291205.6325,40047631.155,10615094.62,-27594277.84,197841024.006141,807.678866204059,"amostral_sd_sobre_media_vezes_100","R_tipo_7","2022-02-28",47
"2022-03",,1607,1605,2,"326991945905.78",71509755853.8,121196087.64,39292592.94,10320562.49,-27458581.69,203733299.629769,904.835934823277,"amostral_sd_sobre_media_vezes_100","R_tipo_7","2022-03-31",43
"2022-04",,1646,1644,2,"381919592543.75",121120098757.84,121959334.335,38960644.07,10421751.825,-27389698.71,232311187.67868,1299.72507098752,"amostral_sd_sobre_media_vezes_100","R_tipo_7","2022-04-30",44
"2022-05",,1665,1663,2,"367125060410.96",101888517795.14,124045242.195,40211330.07,10672247.22,-27391414.8,220760709.808154,1149.65392280655,"amostral_sd_sobre_media_vezes_100","R_tipo_7","2022-05-31",43
"2022-06",,1700,1698,2,"363442858729.76",88078802614.83,123711038.35,39762895.2,10134116.3575,-27223833.75,214041730.700683,1021.39176313552,"amostral_sd_sobre_media_vezes_100","R_tipo_7","2022-06-30",44
"2022-07",,1735,1735,0,"345925027882.50",63680062781.23,124890615.51,38830573.63,9850222.885,-27055481.77,199380419.528818,802.37858889539,"amostral_sd_sobre_media_vezes_100","R_tipo_7","2022-07-31",44
"2022-08",,1767,1767,0,"339340659180.66",47149586292.27,122255083.205,40013593.3,9923829.13,-33730350.1,192043383.80343,638.063238735185,"amostral_sd_sobre_media_vezes_100","R_tipo_7","2022-08-31",44
"2022-09",,1787,1787,0,"346826952282.83",49276688965.74,124074414.965,40202294.56,10481373.1,-33279718.62,194083353.264035,654.573065453106,"amostral_sd_sobre_media_vezes_100","R_tipo_7","2022-09-30",43
"2022-10",,1824,1824,0,"350525721260.84",48908010363.49,124849944.3575,39696580.135,10746408.5225,-31231885,192174189.287741,651.004991147177,"amostral_sd_sobre_media_vezes_100","R_tipo_7","2022-10-31",43
"2022-11",,1854,1854,0,"369899221365.09",61320720851.01,127639438.175,39296663.785,11061286.745,-31103620.15,199514143.131117,759.021652864154,"amostral_sd_sobre_media_vezes_100","R_tipo_7","2022-11-30",44
"2022-12",,1912,1912,0,"378898513471.24",47936804408.91,129643262.6425,40480728.435,11494929.7125,-31047604.27,198168678.593745,622.925977438727,"amostral_sd_sobre_media_vezes_100","R_tipo_7","2022-12-31",44
"2023-01",,1937,1937,0,"375912070231.03",43375263264.43,126832709.08,40472479.7,11067075.06,-30933771.84,194069215.400635,591.956048359134,"amostral_sd_sobre_media_vezes_100","R_tipo_7","2023-01-31",44
"2023-02",,1955,1955,0,"376974445271.45",42825742536.16,125754175.59,40926734.08,11048323.08,-30845910.86,192825803.207903,588.716358990996,"amostral_sd_sobre_media_vezes_100","R_tipo_7","2023-02-28",44
"2023-03",,2009,2009,0,"384935976856.76",44914629234.68,124397067.63,40525601.34,10429608.22,-30721346.62,191605762.497143,609.264074333889,"amostral_sd_sobre_media_vezes_100","R_tipo_7","2023-03-31",44
"2023-04",,2034,2034,0,"399253540409.17",55486972318.09,124011290.6225,39620817.12,10616902.325,-30741128.92,196289842.875698,696.892799604295,"amostral_sd_sobre_media_vezes_100","R_tipo_7","2023-04-30",43
"2023-05",,2044,2044,0,"391083631907.63",42979158688.3,128616108.475,41319049.865,11584489.6575,-30597332.58,191332500.933283,588.966061780009,"amostral_sd_sobre_media_vezes_100","R_tipo_7","2023-05-31",43
"2023-06",,2068,2068,0,"403640617913.06",36713190971.12,125734880.965,41423537.04,12158893.5025,-30816888.12,195184051.215213,541.866883927548,"amostral_sd_sobre_media_vezes_100","R_tipo_7","2023-06-30",43
"2023-07",,2087,2087,0,"418108072775.79",40644519328.43,127854878.125,42103741.37,11988607.85,-30680019.66,200339277.803445,565.389587811605,"amostral_sd_sobre_media_vezes_100","R_tipo_7","2023-07-31",44
"2023-08",,2129,2129,0,"416972315809.10",33976008826.77,126637585.55,41455007.83,10797603.76,-30549875.08,195853600.66186,522.043637613583,"amostral_sd_sobre_media_vezes_100","R_tipo_7","2023-08-31",43
"2023-09",,2276,2277,0,"425405563753.74",30312481254.11,118058074.96,35974739.48,8625474.55,-30432984.69,186827212.89141,504.808774478696,"amostral_sd_sobre_media_vezes_100","R_tipo_7","2023-09-30",45
"2023-10",,2270,2270,0,"434140099558.90",41601435373.91,119804904.16,38193421.69,8993039.435,-30310162.14,191251145.180132,583.38699928711,"amostral_sd_sobre_media_vezes_100","R_tipo_7","2023-10-31",45
"2023-11",,2272,2272,0,"448486119283.19",45241538745.89,124238091.095,38671719.685,9685381.445,-30182294.05,197397059.543658,604.308938144523,"amostral_sd_sobre_media_vezes_100","R_tipo_7","2023-11-30",45
"2023-12",,2404,2405,0,"486366292685.62",37740751192.11,132552740.46,41211216.53,10435556.09,-30154860.52,202231306.729988,530.900553270703,"amostral_sd_sobre_media_vezes_100","R_tipo_7","2023-12-31",44
"2024-01",,2425,2426,0,"495376226079.70",40323609415.05,134455990.5675,41829106.21,11086377.87,-30048173.21,204194652.135078,542.958912671802,"amostral_sd_sobre_media_vezes_100","R_tipo_7","2024-01-31",44
"2024-02",,2447,2447,0,"494419818457.12",31787018790.26,137725946.7,42583037.14,11484764.21,-29979818.78,202051417.432415,489.26238694874,"amostral_sd_sobre_media_vezes_100","R_tipo_7","2024-02-29",44
"2024-03",,2490,2491,0,"502165412174.63",26929484693.95,140427265.725,42311093.43,11675354.16,-29896607.51,201591895.694352,449.898846244849,"amostral_sd_sobre_media_vezes_100","R_tipo_7","2024-03-31",46
"2024-04",,2538,2539,0,"544262947225.77",55119374853.08,138430159.96,43365544.57,11883322.88,-29897182.43,214361145.027873,622.773299279233,"amostral_sd_sobre_media_vezes_100","R_tipo_7","2024-04-30",46
"2024-05",,2612,2612,0,"551000252961.90",45173350777.26,134539223.805,43418204.575,12101185.8775,-30967622.78,210949560.858308,561.244855864255,"amostral_sd_sobre_media_vezes_100","R_tipo_7","2024-05-31",49
"2024-06",,2682,2682,0,"555719348843.84",35205618439.24,134388868.265,43139188.86,11453967.95,-30922709.09,207203336.630813,506.912641987078,"amostral_sd_sobre_media_vezes_100","R_tipo_7","2024-06-30",49
"2024-07",,2744,2745,0,"611060604783.46",74135529663.29,138032306.07,44336638.29,12018712.9,-30840895.58,222608599.192517,730.335053744576,"amostral_sd_sobre_media_vezes_100","R_tipo_7","2024-07-31",50
"2024-08",,2812,2813,0,"625921236960.40",77838568699.96,138877883.19,44331996.01,12313967.58,-30844050.67,222510215.769783,746.249295711963,"amostral_sd_sobre_media_vezes_100","R_tipo_7","2024-08-31",50
"2024-09",,2883,2884,0,"640871905326.70",74327249565.55,136911119.2075,44291194.145,12364846.195,-30759404.7,222216333.331033,722.49140187778,"amostral_sd_sobre_media_vezes_100","R_tipo_7","2024-09-30",50
"2024-10",,3009,3015,0,"678638932022.05",90714289178.4,141752575.445,45463959.62,12735591.385,-30662484.71,225087539.642471,816.19803043066,"amostral_sd_sobre_media_vezes_100","R_tipo_7","2024-10-31",50
"2024-11",,3063,3074,0,"697717646128.24",96152096967.97,146037158.695,46393496.67,13104195.755,-36055176.75,226973860.158829,838.771942761882,"amostral_sd_sobre_media_vezes_100","R_tipo_7","2024-11-30",49
"2024-12",,3143,3157,0,"733651506049.55",91809972202.56,148262176.16,48078253.18,13935158.71,-35822550.28,232388820.414808,785.119610271649,"amostral_sd_sobre_media_vezes_100","R_tipo_7","2024-12-31",49
"2025-01",,3198,3214,0,"736872114921.17",84212765633.84,148714549.405,48305421.73,14291837.6,-51859570.04,229269481.929424,740.576377789151,"amostral_sd_sobre_media_vezes_100","R_tipo_7","2025-01-31",50
"2025-02",,3261,3277,0,"746625670077.86",81995656914.2,149912198.64,49303829.67,14502931.64,-51565578.36,227838166.029252,723.9652911654,"amostral_sd_sobre_media_vezes_100","R_tipo_7","2025-02-28",50
"2025-03",,3323,3340,0,"754652050645.41",77283092937.12,148774530.7925,49363885.81,14324252.8075,-34945861.28,225943727.738147,694.131839945911,"amostral_sd_sobre_media_vezes_100","R_tipo_7","2025-03-31",51
"2025-04",,3395,3412,0,"770834782700.94",73740733864.15,150498068.26,48899258.355,14307473.385,-34760308.25,225918752.257016,667.100119069319,"amostral_sd_sobre_media_vezes_100","R_tipo_7","2025-04-30",51
"2025-05",,3471,3489,0,"788001099416.11",74619761016.06,152259120.52,49468805.39,14340122.14,-34413934.48,225852994.960192,666.758841098909,"amostral_sd_sobre_media_vezes_100","R_tipo_7","2025-05-31",50
"2025-06",,3598,3616,0,"860903994572.19",78029320171.66,154645785.98,49624089.635,14579319.7425,-34098050.03,238081856.906026,664.735072181021,"amostral_sd_sobre_media_vezes_100","R_tipo_7","2025-06-30",50
"2025-07",,3653,3671,0,"873203021315.07",77172998897.42,156796783.33,50125423.56,14480736.495,-33694858.54,237865165.163462,658.808311123793,"amostral_sd_sobre_media_vezes_100","R_tipo_7","2025-07-31",50
"2025-08",,3723,3743,0,"879988063488.71",72266249639.56,158878072.75,50438092.52,14346787.435,-33321544.69,235102341.300751,633.514686936019,"amostral_sd_sobre_media_vezes_100","R_tipo_7","2025-08-31",50
"2025-09",,3765,3776,0,"888375507914.35",68380580484.24,160379056.72,50183776.475,14200988.6425,-33105099.74,235268937.477317,604.807782244361,"amostral_sd_sobre_media_vezes_100","R_tipo_7","2025-09-30",50
"2025-10",,3836,3839,0,"894997834107.83",66637646601.13,161169022.38,49191776.68,13989072.315,-32871852.5,233133064.36776,594.130110410306,"amostral_sd_sobre_media_vezes_100","R_tipo_7","2025-10-31",51
"2025-11",,3891,3893,0,"907513476973.28",61657435122.98,162202627.78,49659361.82,13990360.67,-40804912.39,233114173.381269,569.782394997899,"amostral_sd_sobre_media_vezes_100","R_tipo_7","2025-11-30",51
"2025-12",,4018,4030,2,"921659109185.54",61562441016.42,159041556.8175,48683042.17,13449554.26,-32596248.9,228699530.81527,556.247215775336,"amostral_sd_sobre_media_vezes_100","R_tipo_7","2025-12-31",50
"2026-01",,4078,4079,0,"911054070869.04",61393155403.59,157694814.915,49271739.6,13531399.985,-27013513.53,223352309.602608,559.067904281791,"amostral_sd_sobre_media_vezes_100","R_tipo_7","2026-01-31",50
"2026-02",,4109,4109,0,"907737467741.70",61467384314.77,157038535.84,49001070.28,13414343.92,-26884233.95,220914448.221392,563.573624054327,"amostral_sd_sobre_media_vezes_100","R_tipo_7","2026-02-28",50
"2026-03",,4160,4160,0,"923779493894.21",61309947711.76,153707512.19,48605692.42,13310069.3025,-26668694.38,222062378.339954,563.243964947723,"amostral_sd_sobre_media_vezes_100","R_tipo_7","2026-03-31",50
"2026-04",,4238,4238,0,"967208028824.97",61061823306.43,155720813.3875,49710127.405,13316979.26,-26483244.96,228222753.380125,550.703750141204,"amostral_sd_sobre_media_vezes_100","R_tipo_7","2026-04-30",52
"2026-05",,4275,4275,0,"975219708628.79",60841973938.55,155827447.69,49645836.37,13318601.44,-26288130.51,228121569.269892,552.562394194115,"amostral_sd_sobre_media_vezes_100","R_tipo_7","2026-05-31",52
"2026-06",,4349,4349,0,"1001578104291.58",61254971563.01,155699594.34,49319441.2,13352468.51,-26083273.04,230300782.775714,559.303067744495,"amostral_sd_sobre_media_vezes_100","R_tipo_7","2026-06-30",52
"2026-07",,4390,4390,0,"1015598026451.72",61976224290.87,152129288.97,47969229.505,13077012.1725,-25842125.55,231343513.998114,565.604931360763,"amostral_sd_sobre_media_vezes_100","R_tipo_7","2026-07-31",52
"2026-08",,4400,4400,0,"989517657020.11",58815322507.62,150574292.8675,48281634.73,13457673.9,-70774978.96,224890376.59548,536.364051805751,"amostral_sd_sobre_media_vezes_100","R_tipo_7","2026-08-31",52
"2026-09",,428,428,0,"42605071347.83",4361177370.7,74688236.6825,26225151.815,6250227.2675,-152757.67,99544559.2239019,313.513950276989,"amostral_sd_sobre_media_vezes_100","R_tipo_7","2026-09-30",10
