tipo,cnpj_admin,valor,fundos_classes,cnpjs,meses,administrador,posicao,denominador,participacao
Classe,62285390000140,2249437121627.9,996,996,24,QI CORRETORA DE TÍTULOS E VALORES MOBILIÁRIOS S.A.,1,12578993484894.7,0.178824889632792
Classe,59281253000123,1676706302573.97,543,543,23,BTG PACTUAL SERVIÇOS FINANCEIROS S/A DTVM,2,12578993484894.7,0.133294154622738
Classe,62232889000190,927334240509.125,484,484,24,BANCO DAYCOVAL S.A.,3,12578993484894.7,0.0737208618179748
Classe,36113876000191,876663682373.499,207,207,22,OLIVEIRA TRUST DTVM S.A.,4,12578993484894.7,0.069692673219541
Classe,34829992000186,827355702897.904,276,276,23,CBSF DISTRIBUIDORA DE TITULOS E VALORES MOBILIARIOS S.A. - EM LIQUIDAÇÃO EXTRAJUDICIAL,5,12578993484894.7,0.0657728063768715
Classe,45246410000155,524618004449.683,97,97,23,BANCO GENIAL S.A.,6,12578993484894.7,0.041705880925979
Classe,00066670000100,472680558897.941,53,53,22,BEM - DISTRIBUIDORA DE TITULOS E VALORES MOBILIARIOS LTDA.,7,12578993484894.7,0.0375769777975919
Classe,39669186000101,433434716972.209,150,150,36,HEMERA DISTRIBUIDORA DE TITULOS E VALORES MOBILIARIOS LTDA,8,12578993484894.7,0.0344570269070172
Classe,13486793000142,376711259322.866,186,186,31,APEX GROUP DISTRIBUIDORA DE TÍTULOS E VALORES MOBILIÁRIOS S.A.,9,12578993484894.7,0.0299476472243375
Classe,22610500000188,295364573540.258,223,223,24,VORTX DISTRIBUIDORA DE TITULOS E VALORES MOBILIARIOS LTDA.,10,12578993484894.7,0.0234807795945632
Classe,03317692000194,293373856085.856,91,91,30,FINAXIS CORRETORA DE TÍTULOS E VALORES MOBILIÁRIOS S.A.,11,12578993484894.7,0.0233225223018162
Classe,62418140000131,289611143026.894,54,54,23,INTRAG DTVM LTDA.,12,12578993484894.7,0.0230233955820607
Classe,36864992000142,256468176990.229,48,48,23,APEX DISTRIBUIDORA DE TÍTULOS E VALORES MOBILIÁRIOS S.A.,13,12578993484894.7,0.0203886087784532
Classe,67030395000146,241796902057.535,91,91,23,TRUSTEE DISTRIBUIDORA DE TITULOS E VALORES MOBILIARIOS LTDA.,14,12578993484894.7,0.019222277390309
Classe,16695922000109,241678196343.672,331,331,24,ID CORRETORA DE TITULOS E VALORES MOBILIARIOS S.A.,15,12578993484894.7,0.0192128405689921
Classe,24361690000172,212484490703.387,203,203,24,LIMINE TRUST DISTRIBUIDORA DE TITULOS E VALORES MOBILIARIOS S.A.,16,12578993484894.7,0.016892010553829
Classe,02671743000119,205584790427.146,129,129,22,BANVOX DISTRIBUIDORA DE TITULOS E VALORES MOBILIARIOS LTDA,17,12578993484894.7,0.0163435008273134
Classe,02332886000104,191524879664.452,57,57,23,XP INVESTIMENTOS CCTVM S.A.,18,12578993484894.7,0.0152257714334969
Classe,02201501000161,174991221909.69,55,55,21,BNY MELLON SERVICOS FINANCEIROS DTVM S.A.,19,12578993484894.7,0.0139113850499904
Classe,00806535000154,165437980508.497,233,233,24,PLANNER CORRETORA DE VALORES S.A.,20,12578993484894.7,0.0131519251287602
Classe,37678915000160,159830812854.204,98,98,23,FIDD DISTRIBUIDORA DE TITULOS E VALORES MOBILIARIOS LTDA.,21,12578993484894.7,0.0127061686649361
Classe,27652684000162,159246678358.516,105,105,21,GENIAL INVESTIMENTOS CORRETORA DE VALORES MOBILIÁRIOS S.A.,22,12578993484894.7,0.0126597313648143
Classe,48967968000118,152790942986.632,57,57,24,VERT DISTRIBUIDORA DE TÍTULOS E VALORES MOBILIÁRIOS LTDA.,23,12578993484894.7,0.0121465157900041
Classe,00329598000167,140744024914.453,41,41,23,SEFER INVESTIMENTOS DISTRIBUIDORA DE TÍTULOS E VALORES MOBILIÁRIOS LTDA.,24,12578993484894.7,0.0111888145171125
Classe,62318407000119,125888670929.305,19,19,23,S3 CACEIS BRASIL DISTRIBUIDORA DE TITULOS E VALORES MOBILIARIOS S.A,25,12578993484894.7,0.0100078492830509
Classe,47215387000167,114507148801.31,94,94,23,CATÁLISE DISTRIBUIDORA DE TITULOS E VALORES MOBILIARIOS LTDA.,26,12578993484894.7,0.00910304540174971
Classe,03017677000120,103763761365.02,20,20,23,BANCO J. SAFRA S.A.,27,12578993484894.7,0.00824897170744412
Classe,33886862000112,86278792316.9993,97,97,23,"MASTER S/A CORRETORA DE CAMBIO, TITULOS E VALORES MOBILIARIOS",28,12578993484894.7,0.00685895834357543
Classe,42066258000130,64901338853.2782,21,21,38,RJI CORRETORA DE TÍTULOS E VALORES MOBILIÁRIOS LTDA.,29,12578993484894.7,0.00515950174640079
Classe,11758741000152,64744152571.684,17,17,23,BANCO FINAXIS S.A.,30,12578993484894.7,0.00514700581166778
Classe,46955383000152,58360419353.677,29,29,13,QI DISTRIBUIDORA DE TITULOS E VALORES MOBILIARIOS LTDA.,31,12578993484894.7,0.00463951423647356
Classe,12063256000127,54215594722.694,107,107,23,MONETAR DISTRIBUIDORA DE TITULOS E VALORES MOBILIARIOS LTDA.,32,12578993484894.7,0.0043100105575059
Classe,62264924000152,50115475916.863,49,49,12,QORE DISTRIBUIDORA DE TÍTULOS E VALORES MOBILIÁRIOS LTDA.,33,12578993484894.7,0.00398406088508143
Classe,36266751000100,45585164455.7525,49,49,23,FINVEST DISTRIBUIDORA DE TÍTULOS E VALORES MOBILIÁRIOS LTDA.,34,12578993484894.7,0.00362391192192705
Classe,13673855000125,42199857531.004,29,29,23,OSLO CAPITAL DISTRIBUIDORA DE TITULOS E VALORES MOBILIARIOS S.A.,35,12578993484894.7,0.00335478809029349
Classe,40434681000110,39314670155.435,121,121,24,AZUMI DISTRIBUIDORA DE TÍTULOS E VALORES MOBILIÁRIOS LTDA.,36,12578993484894.7,0.00312542257078403
Classe,44782130000107,37553016240.98,76,76,23,ACTUAL DISTRIBUIDORA DE TITULOS E VALORES MOBILIARIOS S.A.,37,12578993484894.7,0.0029853752834895
Classe,00360305000104,33220515684.92,4,4,21,CAIXA ECONOMICA FEDERAL,38,12578993484894.7,0.00264095181580406
Classe,30822936000169,30938091902.424,3,3,21,BB GESTAO DE RECURSOS DTVM S.A,39,12578993484894.7,0.00245950456525601
Classe,18945670000146,17763339315.33,10,10,24,INTER DISTRIBUIDORA DE TÍTULOS E VALORES MOBILIÁRIOS,40,12578993484894.7,0.00141214313662384
Classe,15489568000195,9774982833.7215,33,33,23,INTRA INVESTIMENTOS DTVM LTDA,41,12578993484894.7,0.000777087836595167
Classe,71590442000183,9395909758.78,9,9,21,LASTRO RDV DTVM LTDA,42,12578993484894.7,0.000746952430658539
Classe,45854066000187,8390134047.59,26,26,23,WNT CAPITAL DISTRIBUIDORA DE TITULOS E VALORES MOBILIARIOS S.A.,43,12578993484894.7,0.000666995658886794
Classe,14717397000141,7765279093.69249,3,3,5,BFL ADMINISTRAÇÃO DE RECURSOS LTDA,44,12578993484894.7,0.000617321179394626
Classe,34978626000199,7191739670.33,4,4,11,INTEGRAL ACCESS DISTRIBUIDORA DE TÍTULOS E VALORES MOBILIÁRIOS LTDA.,45,12578993484894.7,0.000571726162269351
Classe,44077014000189,4636007146.11,1,1,8,BR-CAPITAL DTVM S.A.,46,12578993484894.7,0.000368551518186021
Classe,05389174000101,3676740866.89,1,1,4,XP SERVIÇOS FINANCEIROS DTVM LTDA.,47,12578993484894.7,0.000292292135400592
Classe,58006471000197,2871933811.7,24,24,9,BARU DISTRIBUIDORA DE TÍTULOS E VALORES MOBILIÁRIOS LTDA.,48,12578993484894.7,0.000228311892771765
Classe,03502968000104,2560686608.73,1,1,5,SANTANDER DISTRIBUIDORA DE TÍTULOS E VALORES MOBILIÁRIOS S.A.,49,12578993484894.7,0.000203568481993807
Classe,01522368000182,2330305364.93,1,1,21,BANCO BNP PARIBAS BRASIL S/A,50,12578993484894.7,0.000185253722225734
Classe,41592532000142,2086542467.04,26,26,23,MERITO DISTRIBUIDORA DE TITULOS E VALORES MOBILIARIOS LTDA.,51,12578993484894.7,0.000165875152852698
Classe,40768766000135,1383623585.79,6,6,22,LIONS TRUST DISTRIBUIDORA DE TÍTULOS E VALORES MOBILIÁRIOS LTDA.,52,12578993484894.7,0.000109994777201491
Classe,07253654000176,821979361.92,1,1,9,HEDGE INVESTMENTS DISTRIBUIDORA DE TÍTULOS E VALORES MOBILIÁRIOS LTDA.,53,12578993484894.7,6.53454000836445e-05
Classe,33775974000104,685958747.4,4,4,16,ATIVA INVESTIMENTOS S.A. C.T.C.V.,54,12578993484894.7,5.45320854346356e-05
Classe,60746948000112,200136828.44,1,1,1,BANCO BRADESCO S.A.,55,12578993484894.7,1.59104008345606e-05
Classe,07397614000106,1254588.41,1,1,9,SICOOB DISTRIBUIDORA DE TÍTULOS E VALORES MOBILIÁRIOS LTDA.,56,12578993484894.7,9.97367882817141e-08
Fundo,62285390000140,2533885115978.08,1033,1033,70,QI CORRETORA DE TÍTULOS E VALORES MOBILIÁRIOS S.A.,1,13490961308848.2,0.187820946037123
Fundo,36113876000191,1897491441177.47,236,236,65,OLIVEIRA TRUST DTVM S.A.,2,13490961308848.2,0.140649090731064
Fundo,59281253000123,1281609316320.57,517,517,63,BTG PACTUAL SERVIÇOS FINANCEIROS S/A DTVM,3,13490961308848.2,0.0949976274470532
Fundo,13486793000142,997070293093.78,267,267,70,APEX GROUP DISTRIBUIDORA DE TÍTULOS E VALORES MOBILIÁRIOS S.A.,4,13490961308848.2,0.073906541592395
Fundo,45246410000155,723872098312.698,113,113,60,BANCO GENIAL S.A.,5,13490961308848.2,0.0536560799294517
Fundo,00066670000100,603845806974.817,57,57,70,BEM - DISTRIBUIDORA DE TITULOS E VALORES MOBILIARIOS LTDA.,6,13490961308848.2,0.0447592868403513
Fundo,62232889000190,581713789353.065,372,372,64,BANCO DAYCOVAL S.A.,7,13490961308848.2,0.0431187797545266
Fundo,34829992000186,555478122121.669,294,294,59,CBSF DISTRIBUIDORA DE TITULOS E VALORES MOBILIARIOS S.A. - EM LIQUIDAÇÃO EXTRAJUDICIAL,8,13490961308848.2,0.0411740949666317
Fundo,03317692000194,398172579443.03,104,104,60,FINAXIS CORRETORA DE TÍTULOS E VALORES MOBILIÁRIOS S.A.,9,13490961308848.2,0.0295140257486236
Fundo,02671743000119,335146443096.39,136,136,52,BANVOX DISTRIBUIDORA DE TITULOS E VALORES MOBILIARIOS LTDA,10,13490961308848.2,0.0248422951800018
Fundo,36864992000142,330864225166.531,75,75,53,APEX DISTRIBUIDORA DE TÍTULOS E VALORES MOBILIÁRIOS S.A.,11,13490961308848.2,0.024524881332921
Fundo,22610500000188,268579369305.309,217,217,62,VORTX DISTRIBUIDORA DE TITULOS E VALORES MOBILIARIOS LTDA.,12,13490961308848.2,0.0199080972183323
Fundo,67030395000146,236496117776.251,143,143,50,TRUSTEE DISTRIBUIDORA DE TITULOS E VALORES MOBILIARIOS LTDA.,13,13490961308848.2,0.0175299678326957
Fundo,39669186000101,229500507620.712,101,101,42,HEMERA DISTRIBUIDORA DE TITULOS E VALORES MOBILIARIOS LTDA,14,13490961308848.2,0.0170114273080149
Fundo,00329598000167,215696679110.92,62,62,54,SEFER INVESTIMENTOS DISTRIBUIDORA DE TÍTULOS E VALORES MOBILIÁRIOS LTDA.,15,13490961308848.2,0.015988236432748
Fundo,62418140000131,212340783879.283,43,43,54,INTRAG DTVM LTDA.,16,13490961308848.2,0.0157394850535979
Fundo,62318407000119,202520835862.011,21,21,61,S3 CACEIS BRASIL DISTRIBUIDORA DE TITULOS E VALORES MOBILIARIOS S.A,17,13490961308848.2,0.015011594150017
Fundo,02201501000161,170049844678.766,57,57,70,BNY MELLON SERVICOS FINANCEIROS DTVM S.A.,18,13490961308848.2,0.0126047240656778
Fundo,16695922000109,144038748152.449,188,188,63,ID CORRETORA DE TITULOS E VALORES MOBILIARIOS S.A.,19,13490961308848.2,0.0106766852898747
Fundo,33886862000112,143320154757.595,113,113,55,"MASTER S/A CORRETORA DE CAMBIO, TITULOS E VALORES MOBILIARIOS",20,13490961308848.2,0.0106234204869891
Fundo,05389174000101,138196813639.11,79,79,35,XP SERVIÇOS FINANCEIROS DTVM LTDA.,21,13490961308848.2,0.0102436594750644
Fundo,11758741000152,137435733304.836,29,29,50,BANCO FINAXIS S.A.,22,13490961308848.2,0.0101872453829289
Fundo,42066258000130,128863265524.544,14,14,49,RJI CORRETORA DE TÍTULOS E VALORES MOBILIÁRIOS LTDA.,23,13490961308848.2,0.00955182233307778
Fundo,36266751000100,119647109389.759,50,50,47,FINVEST DISTRIBUIDORA DE TÍTULOS E VALORES MOBILIÁRIOS LTDA.,24,13490961308848.2,0.00886868671925453
Fundo,02332886000104,89111615071.7383,42,42,46,XP INVESTIMENTOS CCTVM S.A.,25,13490961308848.2,0.00660528282838477
Fundo,37678915000160,86539668887.9092,60,60,57,FIDD DISTRIBUIDORA DE TITULOS E VALORES MOBILIARIOS LTDA.,26,13490961308848.2,0.00641464065508447
Fundo,00806535000154,83004524769.2355,192,192,65,PLANNER CORRETORA DE VALORES S.A.,27,13490961308848.2,0.00615260268479134
Fundo,00360305000104,81087227969.4085,5,5,51,CAIXA ECONOMICA FEDERAL,28,13490961308848.2,0.0060104855475515
Fundo,30822936000169,70779786579.0367,3,3,49,BB GESTAO DE RECURSOS DTVM S.A,29,13490961308848.2,0.00524645983030246
Fundo,03384738000198,70738343430.5442,6,6,48,TIVIO CAPITAL DISTRIBUIDORA DE TITULOS E VALORES MOBILIARIOS S.A.,30,13490961308848.2,0.0052433879107006
Fundo,03017677000120,68324616666.5,22,22,51,BANCO J. SAFRA S.A.,31,13490961308848.2,0.00506447354657289
Fundo,12063256000127,55992122033.7962,72,72,58,MONETAR DISTRIBUIDORA DE TITULOS E VALORES MOBILIARIOS LTDA.,32,13490961308848.2,0.00415034338561724
Fundo,24361690000172,45206609490.2973,93,93,67,LIMINE TRUST DISTRIBUIDORA DE TITULOS E VALORES MOBILIARIOS S.A.,33,13490961308848.2,0.00335088126452842
Fundo,13673855000125,41566473844.3847,33,33,55,OSLO CAPITAL DISTRIBUIDORA DE TITULOS E VALORES MOBILIARIOS S.A.,34,13490961308848.2,0.00308106093352465
Fundo,44077014000189,30837021332.032,3,3,62,BR-CAPITAL DTVM S.A.,35,13490961308848.2,0.00228575418949628
Fundo,03751794000113,30057696593.987,43,43,21,TERRA INVESTIMENTOS DISTRIBUIDORA DE TITULOS E VALORES MOBILIARIOS LTDA,36,13490961308848.2,0.00222798775460673
Fundo,52904364000108,25442671806.8,12,12,16,NECTON INVESTIMENTOS S.A. CORRETORA DE VALORES MOBILIÁRIOS E COMMODITIES,37,13490961308848.2,0.00188590503110502
Fundo,15489568000195,23386433720.3785,42,42,52,INTRA INVESTIMENTOS DTVM LTDA,38,13490961308848.2,0.00173348905129839
Fundo,47215387000167,21813880932.63,69,69,11,CATÁLISE DISTRIBUIDORA DE TITULOS E VALORES MOBILIARIOS LTDA.,39,13490961308848.2,0.00161692561658472
Fundo,27652684000162,13967419073.8377,63,63,65,GENIAL INVESTIMENTOS CORRETORA DE VALORES MOBILIÁRIOS S.A.,40,13490961308848.2,0.00103531681353775
Fundo,46955383000152,12684023809.62,26,26,22,QI DISTRIBUIDORA DE TITULOS E VALORES MOBILIARIOS LTDA.,41,13490961308848.2,0.000940186805020414
Fundo,40434681000110,12375377821.3955,79,79,56,AZUMI DISTRIBUIDORA DE TÍTULOS E VALORES MOBILIÁRIOS LTDA.,42,13490961308848.2,0.000917308821668548
Fundo,01522368000182,10893475907.94,1,1,49,BANCO BNP PARIBAS BRASIL S/A,43,13490961308848.2,0.00080746476537557
Fundo,01638542000157,6115672977.77,1,1,11,SAFRA DISTRIBUIDORA DE TÍTULOS E VALORES MOBILIÁRIOS LTDA.,44,13490961308848.2,0.000453316323260002
Fundo,71590442000183,4919858665.26,9,9,38,LASTRO RDV DTVM LTDA,45,13490961308848.2,0.000364678139135516
Fundo,07253654000176,4142795548.17,2,2,39,HEDGE INVESTMENTS DISTRIBUIDORA DE TÍTULOS E VALORES MOBILIÁRIOS LTDA.,46,13490961308848.2,0.000307079343964385
Fundo,33851064000155,3940543514.52475,3,3,62,DILLON S/A DTVM,47,13490961308848.2,0.000292087674429865
Fundo,44782130000107,3700313689.16,35,35,26,ACTUAL DISTRIBUIDORA DE TITULOS E VALORES MOBILIARIOS S.A.,48,13490961308848.2,0.000274280950367348
Fundo,30723886000162,2258451717.5,5,5,18,BANCO MODAL S.A.,49,13490961308848.2,0.000167404802800729
Fundo,18945670000146,1654074352.02,5,5,9,INTER DISTRIBUIDORA DE TÍTULOS E VALORES MOBILIÁRIOS,50,13490961308848.2,0.000122606114875977
Fundo,62264924000152,1092177070.14,16,16,6,QORE DISTRIBUIDORA DE TÍTULOS E VALORES MOBILIÁRIOS LTDA.,51,13490961308848.2,8.09562080223063e-05
Fundo,48967968000118,969659061.74475,7,7,29,VERT DISTRIBUIDORA DE TÍTULOS E VALORES MOBILIÁRIOS LTDA.,52,13490961308848.2,7.18747196397924e-05
Fundo,02685483000130,758662475.88,2,2,16,CM CAPITAL MARKETS CCTVM LTDA,53,13490961308848.2,5.62348715196761e-05
Fundo,92875780000131,577170412.88,5,5,33,WARREN CORRETORA DE VALORES MOBILIÁRIOS E CÂMBIO LTDA.,54,13490961308848.2,4.27820078693322e-05
Fundo,50657675000186,437308838.863,4,4,11,SLW CVC LTDA,55,13490961308848.2,3.24149501915913e-05
Fundo,29292189000115,317200304.14,1,1,16,FUNDO DE INVESTIMENTO EM DIREITOS CREDITORIOS HENDRIKSEN,56,13490961308848.2,2.3512060918295e-05
Fundo,45854066000187,265689367.46,8,8,8,WNT CAPITAL DISTRIBUIDORA DE TITULOS E VALORES MOBILIARIOS S.A.,57,13490961308848.2,1.96938795818608e-05
Fundo,26199830000183,111308150.6,1,1,3,SAINT JOHN FUNDO DE INVESTIMENTO EM DIREITOS CREDITORIOS NÃO PADRONIZADOS - FIDC-NP,58,13490961308848.2,8.25057222030556e-06
Fundo,40768766000135,43949388.53,1,1,14,LIONS TRUST DISTRIBUIDORA DE TÍTULOS E VALORES MOBILIÁRIOS LTDA.,59,13490961308848.2,3.25769139232319e-06
Fundo,32582247000150,10451350.56,3,3,1,FIDD ADMINISTRAÇÃO DE RECURSOS LTDA,60,13490961308848.2,7.74692797698958e-07
Fundo,41592532000142,1277457.96,1,1,3,MERITO DISTRIBUIDORA DE TITULOS E VALORES MOBILIARIOS LTDA.,61,13490961308848.2,9.46899135469439e-08
Fundo,33775974000104,560723.90975,1,1,12,ATIVA INVESTIMENTOS S.A. C.T.C.V.,62,13490961308848.2,4.15629321672017e-08
Fundo,31999785000181,0,1,1,10,BISMUT FUNDO DE INVESTIMENTO EM DIREITOS CREDITÓRIOS,63,13490961308848.2,0
Fundo legado,36113876000191,233396175306.097,82,82,10,OLIVEIRA TRUST DTVM S.A.,1,1415501682579.85,0.164885833890862
Fundo legado,62285390000140,218013379039.543,360,360,10,QI CORRETORA DE TÍTULOS E VALORES MOBILIÁRIOS S.A.,2,1415501682579.85,0.154018452766654
Fundo legado,00066670000100,131423083606.057,27,27,10,BEM - DISTRIBUIDORA DE TITULOS E VALORES MOBILIARIOS LTDA.,3,1415501682579.85,0.0928455862846655
Fundo legado,59281253000123,125702605630.11,81,81,10,BTG PACTUAL SERVIÇOS FINANCEIROS S/A DTVM,4,1415501682579.85,0.0888042784951045
Fundo legado,13486793000142,83889737063.3595,76,76,10,APEX GROUP DISTRIBUIDORA DE TÍTULOS E VALORES MOBILIÁRIOS S.A.,5,1415501682579.85,0.0592650210845844
Fundo legado,62418140000131,67303597620.6822,11,11,10,INTRAG DTVM LTDA.,6,1415501682579.85,0.0475475221604942
Fundo legado,36864992000142,52677831618.3815,19,19,10,APEX DISTRIBUIDORA DE TÍTULOS E VALORES MOBILIÁRIOS S.A.,7,1415501682579.85,0.0372149551404082
Fundo legado,03317692000194,47014044254.0668,47,47,10,FINAXIS CORRETORA DE TÍTULOS E VALORES MOBILIÁRIOS S.A.,8,1415501682579.85,0.033213697187827
Fundo legado,39669186000101,40814041008.39,47,47,10,HEMERA DISTRIBUIDORA DE TITULOS E VALORES MOBILIARIOS LTDA,9,1415501682579.85,0.0288336223903341
Fundo legado,62318407000119,32502099101.5012,12,12,10,S3 CACEIS BRASIL DISTRIBUIDORA DE TITULOS E VALORES MOBILIARIOS S.A,10,1415501682579.85,0.0229615404216715
Fundo legado,42066258000130,30105485400.539,12,12,10,RJI CORRETORA DE TÍTULOS E VALORES MOBILIÁRIOS LTDA.,11,1415501682579.85,0.021268420780447
Fundo legado,00806535000154,23103440962.062,34,34,10,PLANNER CORRETORA DE VALORES S.A.,12,1415501682579.85,0.0163217333093906
Fundo legado,11758741000152,21846381523.8002,22,22,10,BANCO FINAXIS S.A.,13,1415501682579.85,0.0154336669413092
Fundo legado,22610500000188,21470834612.8813,32,32,10,VORTX DISTRIBUIDORA DE TITULOS E VALORES MOBILIARIOS LTDA.,14,1415501682579.85,0.0151683568286186
Fundo legado,67030395000146,20705085335.0407,30,30,10,TRUSTEE DISTRIBUIDORA DE TITULOS E VALORES MOBILIARIOS LTDA.,15,1415501682579.85,0.0146273830613216
Fundo legado,27652684000162,20371777723.5422,8,8,10,GENIAL INVESTIMENTOS CORRETORA DE VALORES MOBILIÁRIOS S.A.,16,1415501682579.85,0.0143919134637928
Fundo legado,00360305000104,18938373167.8512,5,5,10,CAIXA ECONOMICA FEDERAL,17,1415501682579.85,0.0133792657408465
Fundo legado,02201501000161,18745821800.5195,14,14,10,BNY MELLON SERVICOS FINANCEIROS DTVM S.A.,18,1415501682579.85,0.0132432352650786
Fundo legado,62232889000190,16207471625.91,32,32,10,BANCO DAYCOVAL S.A.,19,1415501682579.85,0.0114499840059326
Fundo legado,03751794000113,15920053172.8117,6,6,10,TERRA INVESTIMENTOS DISTRIBUIDORA DE TITULOS E VALORES MOBILIARIOS LTDA,20,1415501682579.85,0.0112469334150111
Fundo legado,30822936000169,15681733026.9212,3,3,10,BB GESTAO DE RECURSOS DTVM S.A,21,1415501682579.85,0.0110785689765767
Fundo legado,02671743000119,14769747859.1825,22,22,10,BANVOX DISTRIBUIDORA DE TITULOS E VALORES MOBILIARIOS LTDA,22,1415501682579.85,0.0104342849188732
Fundo legado,12063256000127,13550547273.9882,12,12,10,MONETAR DISTRIBUIDORA DE TITULOS E VALORES MOBILIARIOS LTDA.,23,1415501682579.85,0.00957296444133604
Fundo legado,45246410000155,13325680738.7558,18,18,10,BANCO GENIAL S.A.,24,1415501682579.85,0.00941410448518067
Fundo legado,24361690000172,12941880038.7103,37,37,10,LIMINE TRUST DISTRIBUIDORA DE TITULOS E VALORES MOBILIARIOS S.A.,25,1415501682579.85,0.00914296337332696
Fundo legado,37678915000160,12221204188.0708,8,8,10,FIDD DISTRIBUIDORA DE TITULOS E VALORES MOBILIARIOS LTDA.,26,1415501682579.85,0.00863383232847647
Fundo legado,13673855000125,11940215988.9985,12,12,10,OSLO CAPITAL DISTRIBUIDORA DE TITULOS E VALORES MOBILIARIOS S.A.,27,1415501682579.85,0.00843532447608019
Fundo legado,34829992000186,10126658433.8792,8,8,10,CBSF DISTRIBUIDORA DE TITULOS E VALORES MOBILIARIOS S.A. - EM LIQUIDAÇÃO EXTRAJUDICIAL,28,1415501682579.85,0.00715411260792195
Fundo legado,02332886000104,8552092418.78,4,4,10,XP INVESTIMENTOS CCTVM S.A.,29,1415501682579.85,0.00604173949351528
Fundo legado,36266751000100,7499331647.42,5,5,10,FINVEST DISTRIBUIDORA DE TÍTULOS E VALORES MOBILIÁRIOS LTDA.,30,1415501682579.85,0.00529800263730662
Fundo legado,16695922000109,7194908707.93125,22,22,10,ID CORRETORA DE TITULOS E VALORES MOBILIARIOS S.A.,31,1415501682579.85,0.0050829390006927
Fundo legado,03384738000198,5653032902.15,4,4,10,TIVIO CAPITAL DISTRIBUIDORA DE TITULOS E VALORES MOBILIARIOS S.A.,32,1415501682579.85,0.00399366031967334
Fundo legado,03017677000120,5151050543.8,11,11,10,BANCO J. SAFRA S.A.,33,1415501682579.85,0.00363902820264534
Fundo legado,44077014000189,4987130053.4,1,1,10,BR-CAPITAL DTVM S.A.,34,1415501682579.85,0.00352322439088212
Fundo legado,00329598000167,4306757924.035,10,10,10,SEFER INVESTIMENTOS DISTRIBUIDORA DE TÍTULOS E VALORES MOBILIÁRIOS LTDA.,35,1415501682579.85,0.00304256644625504
Fundo legado,45854066000187,4050490712.04,6,6,10,WNT CAPITAL DISTRIBUIDORA DE TITULOS E VALORES MOBILIARIOS S.A.,36,1415501682579.85,0.00286152306414621
Fundo legado,62264924000152,3816799127.03,9,9,10,QORE DISTRIBUIDORA DE TÍTULOS E VALORES MOBILIÁRIOS LTDA.,37,1415501682579.85,0.00269642853413895
Fundo legado,15489568000195,3356341738.7075,13,13,10,INTRA INVESTIMENTOS DTVM LTDA,38,1415501682579.85,0.00237113228476729
Fundo legado,01522368000182,3079518652.08,1,1,10,BANCO BNP PARIBAS BRASIL S/A,39,1415501682579.85,0.00217556693148352
Fundo legado,40768766000135,2505882462.1,2,2,10,LIONS TRUST DISTRIBUIDORA DE TÍTULOS E VALORES MOBILIÁRIOS LTDA.,40,1415501682579.85,0.00177031401158977
Fundo legado,41592532000142,1969598146.98,4,4,10,MERITO DISTRIBUIDORA DE TITULOS E VALORES MOBILIARIOS LTDA.,41,1415501682579.85,0.00139144882073914
Fundo legado,44782130000107,1857996301.23,15,15,10,ACTUAL DISTRIBUIDORA DE TITULOS E VALORES MOBILIARIOS S.A.,42,1415501682579.85,0.00131260621170275
Fundo legado,33775974000104,1813039407.62,2,2,10,ATIVA INVESTIMENTOS S.A. C.T.C.V.,43,1415501682579.85,0.0012808458159623
Fundo legado,29650082000100,1462457042.24,2,2,10,BTG PACTUAL ASSET MANAGEMENT S/A DTVM,44,1415501682579.85,0.00103317223867553
Fundo legado,50657675000186,1402432170.77825,1,1,10,SLW CVC LTDA,45,1415501682579.85,0.000990766869469361
Fundo legado,33886862000112,751722756.337,6,6,10,"MASTER S/A CORRETORA DE CAMBIO, TITULOS E VALORES MOBILIARIOS",46,1415501682579.85,0.000531064544527375
Fundo legado,47215387000167,695063351.73,4,4,10,CATÁLISE DISTRIBUIDORA DE TITULOS E VALORES MOBILIARIOS LTDA.,47,1415501682579.85,0.000491036754165632
Fundo legado,58006471000197,290304660.58,2,2,10,BARU DISTRIBUIDORA DE TÍTULOS E VALORES MOBILIÁRIOS LTDA.,48,1415501682579.85,0.000205089590604301
Fundo legado,71590442000183,164913763.56,2,2,10,LASTRO RDV DTVM LTDA,49,1415501682579.85,0.000116505522804772
Fundo legado,40434681000110,102308506.35,2,2,10,AZUMI DISTRIBUIDORA DE TÍTULOS E VALORES MOBILIÁRIOS LTDA.,50,1415501682579.85,7.22772057490851e-05
Fundo legado,05389174000101,91767903.69,1,1,5,XP SERVIÇOS FINANCEIROS DTVM LTDA.,51,1415501682579.85,6.48306567341882e-05
Fundo legado,33918160000173,27236530.08825,2,2,9,"MASSA FALIDA DA GRADUAL CORRETORA DE CÂMBIO, TÍTULOS E VALORES MOBILIÁRIOS S. A.",52,1415501682579.85,1.9241609122364e-05
Fundo legado,30723886000162,10518027.54,1,1,10,BANCO MODAL S.A.,53,1415501682579.85,7.43060052096171e-06
