"cnpj_admin","administrador","pl_2020_T1","pl_2020_T2","pl_2020_T3","pl_2020_T4","pl_2021_T1","pl_2021_T2","pl_2021_T3","pl_2021_T4","pl_2022_T1","pl_2022_T2","pl_2022_T3","pl_2022_T4","pl_2023_T1","pl_2023_T2","pl_2023_T3","pl_2023_T4","pl_2024_T1","pl_2024_T2","pl_2024_T3","pl_2024_T4","pl_2025_T1","pl_2025_T2","pl_2025_T3","pl_2025_T4","pl_2026_T1","pl_2026_T2","pl_2026_T3","quantidade_fundos","pl_soma_periodo","percentual_pl_total"
"62285390000140","QI CORRETORA DE TÍTULOS E VALORES MOBILIÁRIOS S.A.",64000724010.4877,63532901464.405,66666075359.8625,76461884450.9982,83068314671.2525,90319700331.0085,96138301197.8609,102496792205.044,111405634063.376,122593230080.421,133748687085.892,141694385860.203,146142122248.253,152295186061.071,164651464201.188,184844474653.536,202188223172.419,218960166244.899,236905505215.665,256679217705.375,279760076282.01,297120527316.418,314322449375.801,361437404913.406,378015198528.266,383722294347.559,272372933710.094,1190,5001543874756.77,18.2240487569124
"59281253000123","BTG PACTUAL SERVIÇOS FINANCEIROS S/A DTVM",35650277205.48,35932749914.74,39590187930.21,28198295016.71,28096004372.45,32371469725.78,35551141637.877,39645762274.238,47745374287.4053,53157778432.1103,62915114010.9025,66285209730.8802,72677258752.781,78113647824.209,92438067428.236,95639882145.5913,97361490431.3935,102209783139.722,115771408828.276,143632340126.798,176892148680.354,214599013344.328,255035765376.963,275483915179.583,292942034554.397,323932199993.372,231544742568.928,608,3073413062913.72,11.1985480705985
"36113876000191","OLIVEIRA TRUST DTVM S.A.",68535407139.54,68808780647.5465,70527563946.1362,74744134333.9895,78360286653.054,88644941055.8785,94859315573.3428,96812117947.0965,99060359960.2932,99704023902.0332,111203141581.93,119275301473.08,120058219205.474,123498614192.256,124708516675.69,126381603515.421,134795850297.007,135289630933.042,139757515907.303,134530784722.646,130914725684.304,125415718753.68,120296990275.129,126790998915.428,134597702484.817,147146301710.271,104954665457.559,278,2999673212943.95,10.9298633094872
"62232889000190","BANCO DAYCOVAL S.A.",4300665027.87,4621172198.13,5184570745.66,4527620381.801,4062786309.25,5608927387.21,8212816175.1425,10204582723.588,12229268594.7552,14449159296.4602,20293732518.9825,27889776843.9367,33654666257.041,37762496153.3795,42539685778.56,49943305728.7048,59368683981.217,72448920999.5002,84937350687.819,96269210437.8615,107356786072.748,117844361716.812,130704311063.602,140375232877.383,148337951281.854,159253869658.375,122685208929.698,506,1525067119827.34,5.55686368954407
"13486793000142","APEX GROUP DISTRIBUIDORA DE TÍTULOS E VALORES MOBILIÁRIOS S.A.",24158655961.7522,25105814837.1205,25548666087.0355,41620774926.2285,56603788986.3185,61579429332.643,60841428832.0079,65542171794.992,69744085104.171,66849613567.0247,67882581018.41,69586025686.3697,69860003345.5545,68924113110.4293,61502479925.6005,57771702784.1425,58814057679.759,55455624678.7542,51062071210.937,46187473373.367,43958301219.7947,45334379896.3235,48796986263.0215,55171488184.4873,57457369350.8355,58697820684.9177,40585425988.1572,350,1454642333830.15,5.30025797621915
"34829992000186","CBSF DISTRIBUIDORA DE TITULOS E VALORES MOBILIARIOS S.A. - EM LIQUIDAÇÃO EXTRAJUDICIAL",461058448.7185,4026930246.39799,4107055535.23125,6390970158.22274,12759225503.0682,15219147481.552,12945045618.2389,11106285401.706,12147587840.8605,15993206895.9205,20091097203.467,25537061816.8107,26519496711.397,30469876292.177,36751873884.8355,48103879465.2653,71816289175.441,82912440282.4744,93869506163.8127,127469658096.475,131273480108.399,135194610568.238,130750750732.932,128163280118.992,90985641565.824,83424711607.4347,30722225538.0892,349,1389212392461.98,5.0618519017121
"45246410000155","BANCO GENIAL S.A.",2754499337.97075,3436204804.8065,4983153196.47,10492108697.0105,17432862187.9322,21003539347.7945,22042228698.2409,24546455406.2985,31571992941.6245,34062689132.3955,38769212808.8045,44918034139.5997,48767712846.838,49252035852.2305,52446850375.414,56385033528.6338,58527354275.6675,69039708376.8289,75240425817.5395,82905440538.524,88838792451.2495,87934863416.4507,84887108556.1855,82409011478.552,77235099589.981,56721918710.72,31371619643.0672,117,1257975956156.83,4.58366771023087
"00066670000100","BEM - DISTRIBUIDORA DE TITULOS E VALORES MOBILIARIOS LTDA.",40843997773.4342,39086420239.07,37622218618.2783,31892579500.8422,29064207538.2825,29146568413.392,25932961927.7709,28734107095.1895,30623804321.7957,29511326116.517,31937570931.1335,33034250599.083,34215756149.4475,34308462370.3195,36115873315.669,35710944064.7763,38348283923.717,43327902003.683,46886865428.9857,49159818209.9765,51954673869.886,59772560380.6202,70013135245.002,83667465308.019,80258295582.702,88093603058.7709,63255627794.6546,68,1202519279781.02,4.38160106851451
"03317692000194","FINAXIS CORRETORA DE TÍTULOS E VALORES MOBILIÁRIOS S.A.",14705722059.59,13839061486.7665,13737508808.169,16387392722.801,18139698811.4082,19595809686.4035,19520903543.99,19522770582.43,20465683441.23,21988258121.9803,23389128443.0615,24698128120.8012,25324538737.9695,26186032741.902,26062170569.2215,27179294998.1087,32711098183.459,34116876663.1657,31604775496.5902,33919978210.599,37213687678.4283,38625287687.0045,39261314213.287,41407834713.41,43322457189.167,44708794480.4885,30725698598.6615,129,738359905990.094,2.69035067248452
"39669186000101","HEMERA DISTRIBUIDORA DE TITULOS E VALORES MOBILIARIOS LTDA",12622768653.31,11938959514.91,12000974051.98,4251338788.19,0,0,16030400.83,0,4127092493.96,12876298043.32,15589185204.68,16433084433.35,17787581279.17,18933991539.36,25359627831.6,25758199668.31,29272492496.7655,31129663709.49,35334353433.6282,38862331117.569,42148018034.2282,46857034364.2607,51896745287.1795,60356895921.03,67896744011.5055,72022075563.337,50047159164.3072,169,703518645006.271,2.56340010385588
"36864992000142","APEX DISTRIBUIDORA DE TÍTULOS E VALORES MOBILIÁRIOS S.A.",15055733817.876,15992457595.536,15939458103.3425,5272926067.846,0,35389867.58,192926515.14,4701139606.16,11782519654.22,24489294347.1838,24543188907.049,25879979366.8002,25328716433.184,25394593152.1453,25796863545.14,31187019744.3263,34412831075.662,37239993902.7909,37026823283.847,35332346115.1765,35447126535.5265,34653649319.0027,35693279175.0395,36647009980.6882,36855018195.3785,37923136587.4892,25135757117.7295,76,637959178011.86,2.32452207880977
"22610500000188","VORTX DISTRIBUIDORA DE TITULOS E VALORES MOBILIARIOS LTDA.",6379775394.0985,6488372187.028,6446616276.488,8456238628.443,9474207179.763,11457684687.054,13607549758.01,13328435515.89,14287297060.08,14258172045.59,13879456383.52,16532647011.3557,17554048888.79,17162306358.03,16185220836.5,18280745718.31,21284793779.63,22149631868.78,22713064125.05,27999956433.19,34590785778.092,38601364187.8145,37339393819.1375,42014024793.56,47319385703.09,51492169400.75,36074015413.28,281,585357359231.324,2.13285763795642
"62418140000131","INTRAG DTVM LTDA.",19994193748.0065,20229961929.153,20179590029.6912,21362397252.5527,22503336134.2722,21091987384.264,20084700000.1839,9469023604.4395,4860057101.67525,6882519339.11025,5653681723.01,4445193813.6,4438246641.1,5359932604.12,7044547775.32,9138021605.72,13088404982.9675,17232010254.8835,18949547411.5025,19135445482.727,21379395582.0347,32965524168.1797,43315629085.778,48254490084.7638,54326306724.8955,58247804572.7177,39021557493.7172,65,568653506530.386,2.07199406589289
"02671743000119","BANVOX DISTRIBUIDORA DE TITULOS E VALORES MOBILIARIOS LTDA",4821595439.15,4373187271.9765,4066245667.041,9930713833.63,12785859344.18,15376183735.64,17498753378.95,20462088111.338,20845658591.7852,20450229125.7902,21637690963.092,22410471689.9285,22859425832.2465,23976677626.5298,20312027673.95,21080851405.39,23094094142.9,26627442161.8143,31635610924.13,34875502063.183,36649311853.4682,37653345534.7907,36765961237.834,25106251135.2048,18297542874.6685,16633937549.3992,4580689147.24199,174,554807348315.252,2.0215430314269
"67030395000146","TRUSTEE DISTRIBUIDORA DE TITULOS E VALORES MOBILIARIOS LTDA.",5412013526.5765,5912998790.74449,6747479811.58125,12583308002.7995,11050206602.334,12058346965.0505,8927694765.23,9435459643.92,10450425964.27,11669211860.88,12330962895.59,12774370865.2698,13631107795.45,15198310116.09,15180879828.15,18016565804.37,22446119537.8,21254876808.73,25837428800.12,28640287296.01,31392296691.77,33906272307.5662,40449605370.0945,39189792155.1355,30225206568.907,28796498409.1385,15327353614.9615,150,498845080798.539,1.81763417501973
"16695922000109","ID CORRETORA DE TITULOS E VALORES MOBILIARIOS S.A.",2053807979.95475,2164849422.903,2233422099.16,743056936.79,0,0,62177634.57,199056371.25,931428643.42,1481936439.83,1862250638.3595,2861011277.81,4237337885.81,5486327232.74,7688170529.29,9862836770.78,11746675367.61,14729211895.3937,18464860972.294,22821694783.86,28094524907.66,33759365582.21,41427060396.116,43815664529.04,49129879656.17,50314362977.63,37638810628.642,356,393809781559.293,1.43491866507611
"02201501000161","BNY MELLON SERVICOS FINANCEIROS DTVM S.A.",5347314456.01225,5610657524.0515,5883476339.88,5783232288.001,5729662195.85,5826670448.12,6327905304.62,6658464786.61,6381256519.55,6942725209.93,7532642787.06,8799658780.02,11535917058.6,12347376141.95,10632340032.36,10958010991.3188,11038039210.973,11308524597.0057,13812186379.2965,18674399530.048,21277056075.7965,24975749045.519,28069903566.44,28663090760.3965,29552013653.157,31203507928.9685,21258106422.5215,62,362129888034.056,1.31948712260148
"00329598000167","SEFER INVESTIMENTOS DISTRIBUIDORA DE TÍTULOS E VALORES MOBILIÁRIOS LTDA.",1801436173.81625,1201867247,928560699.85,708014794.03,442483001.57,641625579.16,3403639122.8,7917111690.3,10337294227.61,12411115264.899,18593208060.7745,19272542858.4027,17459060177.667,17428761029.1665,18420298090.0115,20140575207.8575,19903110293.5135,22191855455.048,20405992543.1625,19095328268.448,17005519128.0565,17091687049.279,20878002337.478,21580361749.3665,20099499356.177,18417854715.4885,11657868989.8515,77,359434673110.784,1.30966660929558
"62318407000119","S3 CACEIS BRASIL DISTRIBUIDORA DE TITULOS E VALORES MOBILIARIOS S.A",9824050064.8465,9649349194.80299,9586428117.84125,9561169014.60275,9725207259.98399,10239787231.7805,9702226326.85697,9618488686.568,10139730789.2652,9938407140.21025,11108305882.5825,12197047390.6402,13138356261.3285,13992758293.2095,14411214767.35,15493263511.3075,16448700392.359,16126400919.2617,15313435820.8782,17569535820.387,17140609951.1348,17438550792.0135,18752701291.226,18836248036.8248,16810828138.437,15929426914.4685,10655375920.6815,27,359347603930.849,1.30934935665918
"02332886000104","XP INVESTIMENTOS CCTVM S.A.",2572533242.42,2521944121.97,2599442705.52,858172348.87,0,0,0,0,0,828345330.48,2698735770.37,3181588631.61,3810961258.28,4971821344.63375,5249116923.327,7413809252.77875,10642481272.2765,11719934583.0517,10800319857.2682,14848894634.329,17977493329.2682,22396846334.5045,28599992549.732,33042261195.9383,36662827255.5685,38536433874.5892,26937980128.0757,59,288871935944.861,1.05255824541154
"00806535000154","PLANNER CORRETORA DE VALORES S.A.",6894420234.1265,6804268707.93949,6912858235.95225,2861127810.098,697753965.41,994798544.82,1570931433.76,1486488783.98,1142418798.57,1734586731.69,2306162309.7285,2881203458.75825,3632802986.853,4291958518.81725,6151551200.263,6496925975.2,8856055419.1815,9750310916.357,11155118599.982,12547084574.78,13688780042.6,15099978486.4,16674022503.0025,21763336636.99,35365220969.4,41286346563.76,28359294589.52,275,271405806997.939,0.988917179074059
"24361690000172","LIMINE TRUST DISTRIBUIDORA DE TITULOS E VALORES MOBILIARIOS S.A.",3641708766.48,3803235101.75,3958651865.39,1719430769.421,201378061.12,646589733.52,780212248.13,1343836196.37,1866828883.05,2179948149.26,2304789793.31,2598549670.03,2656042211.88,3000857413.81825,3247619890.61,3573377248.79,5362573005.3455,5898553794.59,7139264093.67,11095327803.6,16093263883.77,20544790361.24,25719497237.476,31874402229.62,37161492897.76,40008329542.3,32212337194.41,232,270632888046.711,0.986100906138132
"37678915000160","FIDD DISTRIBUIDORA DE TITULOS E VALORES MOBILIARIOS LTDA.",3784931674.79,3649077538.8065,3585739012.89,1201568773.261,0,477150384.52,970100823.17,1414204453.3,1700752838.31,4336260130.1715,5392920960.0825,5337890630.51024,5385622565.3705,6768588846.37975,6939889115.7115,7639011927.49875,8237116187.619,8268699143.08599,11649681604.2582,17778897208.329,20158504550.1582,19898293003.1145,22082370975.162,24392879887.8183,27363594934.1985,28485027454.9992,16684599946.1457,123,263583374569.661,0.960414701930933
"33886862000112","MASTER S/A CORRETORA DE CAMBIO, TITULOS E VALORES MOBILIARIOS",249182085.0185,238327578.78,198788551.831,2481576894.99,3931174937.2,4341722897.48,4878579014.13,5350123114.87,5895751366.22,6559876877.92,7382198074.5,8125116990.67275,9387846045.91,10074721423.75,11490580982.78,13268867605.4,16025268930.67,16285300014.7945,15245284841.816,14355788679.23,14772404638.19,14022404543.56,12809184908.302,8987483756.93,4212441415.36,16228863252.3285,3509903872.59574,140,230308763295.229,0.839172510836079
"42066258000130","RJI CORRETORA DE TÍTULOS E VALORES MOBILIÁRIOS LTDA.",6868247529.9885,8960223423.82924,10339021106.6513,11272880975.0937,11109030887.4305,11028705144.5575,9696033323.69697,6815264619.468,6598945001.53525,6736547312.65025,7405740811.07149,7615959477.53124,7500834852.9165,7560808081.42125,7599495701.763,7651785646.22875,7647661023.3,8000222699.80024,7770359877.85024,8897170163.109,8877407612.44825,9049662947.1345,9209178845.896,9679058933.56825,8711406841.6585,6723920474.07924,3724091727.55574,25,223049665042.233,0.812722645793109
