"arquivo","hash_antes","hash_depois","equivalente"
"I_rds","5cd2c1d9cd644b3473aeff5c0d45ae9197a54ce82d69df27276a821de7f35e51","5cd2c1d9cd644b3473aeff5c0d45ae9197a54ce82d69df27276a821de7f35e51",TRUE
"I_csv","2d7617ac71f9d8b294afa010ee08af6e6cbd5f0814ba2ad609856f1434b3bcde","2d7617ac71f9d8b294afa010ee08af6e6cbd5f0814ba2ad609856f1434b3bcde",TRUE
"II_rds","463b57177d57b89a232d06aaf02a400aa4660d3b8fdc58b7343e9234038a5458","463b57177d57b89a232d06aaf02a400aa4660d3b8fdc58b7343e9234038a5458",TRUE
"II_csv","8e6a0c6a1c59a6ca5cd730132a63b31b93771c6ea8fec7b42b3c26c95ed813d5","8e6a0c6a1c59a6ca5cd730132a63b31b93771c6ea8fec7b42b3c26c95ed813d5",TRUE
"III_rds","8d9e92ba345fbd86c0be10ac6eb3a4e0905ad6fc2ff25d3a3d59b73eeaca406a","8d9e92ba345fbd86c0be10ac6eb3a4e0905ad6fc2ff25d3a3d59b73eeaca406a",TRUE
"III_csv","a1d7f0076b8568fbba150a7f7aaabbf74c3f986b0620644923320e4d07e7a7b6","a1d7f0076b8568fbba150a7f7aaabbf74c3f986b0620644923320e4d07e7a7b6",TRUE
"IV_rds","62cfdbecded9c950054e8e5faa24e4d402271e9c261af22de5bfc6affe345c05","62cfdbecded9c950054e8e5faa24e4d402271e9c261af22de5bfc6affe345c05",TRUE
"IV_csv","21652c7a32bf8be91e12b80c40ffa11a16cce2a273862d76ba924e8d7452ef61","21652c7a32bf8be91e12b80c40ffa11a16cce2a273862d76ba924e8d7452ef61",TRUE
"IX_rds","f9565f0d2494e0a7dbf9d5c8b06dcf3e52b40f77b8e26512da5a280918ceaa80","f9565f0d2494e0a7dbf9d5c8b06dcf3e52b40f77b8e26512da5a280918ceaa80",TRUE
"IX_csv","5f16bf16ab46f33fc134f94f20af075349eecc53eb14bee6078c11bd17b3e60e","5f16bf16ab46f33fc134f94f20af075349eecc53eb14bee6078c11bd17b3e60e",TRUE
"V_rds","0a5f72ccaefe585e4a9fa6fdbb4c02e42cbb205a80cb77d3dcbaaeca57411eeb","0a5f72ccaefe585e4a9fa6fdbb4c02e42cbb205a80cb77d3dcbaaeca57411eeb",TRUE
"V_csv","bfd1d7bc7c9b630c51482e93ac4bc5073320f0d22cd535cfc58fd28a64e8d991","bfd1d7bc7c9b630c51482e93ac4bc5073320f0d22cd535cfc58fd28a64e8d991",TRUE
"VI_rds","8055d84de1bd83f72ef6063d2eb84584f00764fbd5f9c95805bacf6131aa057e","8055d84de1bd83f72ef6063d2eb84584f00764fbd5f9c95805bacf6131aa057e",TRUE
"VI_csv","967e92e189a60f0137972a3b11e32821c325e960e172aee3da4537096432e7d5","967e92e189a60f0137972a3b11e32821c325e960e172aee3da4537096432e7d5",TRUE
"VII_rds","8161196d2d73c874bbfb1c1608b558681abaad6fa066e23865f6702906088055","8161196d2d73c874bbfb1c1608b558681abaad6fa066e23865f6702906088055",TRUE
"VII_csv","60dcdb73b5ed7ad05ab7bd18a07422ec10fd24845d4d0eb144de2a317716be0c","60dcdb73b5ed7ad05ab7bd18a07422ec10fd24845d4d0eb144de2a317716be0c",TRUE
"VIII_rds","dbc744d66bbfd7a6f68bd4254448e836e1d6e367b669a62ef5f90c721f3caa02","dbc744d66bbfd7a6f68bd4254448e836e1d6e367b669a62ef5f90c721f3caa02",TRUE
"VIII_csv","bac4d6fc4efd3c1c4e18ca4342b39b8f98244f0d3d91b0054b966988ae49bed8","bac4d6fc4efd3c1c4e18ca4342b39b8f98244f0d3d91b0054b966988ae49bed8",TRUE
"X_rds","f8b27fbfa9d98e16305433519127ff42aad763139d4a6a7a18e9fb48d5d13dbb","f8b27fbfa9d98e16305433519127ff42aad763139d4a6a7a18e9fb48d5d13dbb",TRUE
"X_csv","eba98e5493b84fc68afcc109f2af168fd2e7705cfae653b92994f7cf3560c129","eba98e5493b84fc68afcc109f2af168fd2e7705cfae653b92994f7cf3560c129",TRUE
"X_1_rds","865ac89dc3eeddccd31a5adadbbb7a84ff36bf7289602a156bda183d0047241c","865ac89dc3eeddccd31a5adadbbb7a84ff36bf7289602a156bda183d0047241c",TRUE
"X_1_csv","4f0f0edc1b70971d839439e712fd6bdbd71a3e9da930f58436a3cfc8ea9407df","4f0f0edc1b70971d839439e712fd6bdbd71a3e9da930f58436a3cfc8ea9407df",TRUE
"X_1_1_rds","1dc3ffaed0b1a0f4e3443f58111eac52a257682f0df238ac0af12710581d396d","1dc3ffaed0b1a0f4e3443f58111eac52a257682f0df238ac0af12710581d396d",TRUE
"X_1_1_csv","76f0e8a3a576cc78e953f88a09a11d1efa01b9fecf2dd3728210584ee2a0d1ff","76f0e8a3a576cc78e953f88a09a11d1efa01b9fecf2dd3728210584ee2a0d1ff",TRUE
"X_2_rds","a211dc5bc0d238577954cfc10d6adc8e5c041df932b76e6bb176ae0581333820","a211dc5bc0d238577954cfc10d6adc8e5c041df932b76e6bb176ae0581333820",TRUE
"X_2_csv","60ec30a9f473b79e9bb074da30e0ac14a4c18fd725d744961110e6c8d42b62e3","60ec30a9f473b79e9bb074da30e0ac14a4c18fd725d744961110e6c8d42b62e3",TRUE
"X_3_rds","f6081f7f95c18d684e38b8e50005e68c93ea9ebcca29109d617d6f4ad1a282f6","f6081f7f95c18d684e38b8e50005e68c93ea9ebcca29109d617d6f4ad1a282f6",TRUE
"X_3_csv","a32c117ac123ba94d4e2a19a08f3e6ca0716d55d0f00199e2a87e3bf52cb95f4","a32c117ac123ba94d4e2a19a08f3e6ca0716d55d0f00199e2a87e3bf52cb95f4",TRUE
"X_4_rds","a5a8800d4fbe436101f1270fa90941dfc9e7f91555f8319a57ea34e3f8554613","a5a8800d4fbe436101f1270fa90941dfc9e7f91555f8319a57ea34e3f8554613",TRUE
"X_4_csv","940dee8697445755ccfaa881f1dd5dea560c1629fd6c1945942025cb3fb01045","940dee8697445755ccfaa881f1dd5dea560c1629fd6c1945942025cb3fb01045",TRUE
"X_5_rds","8a071de0626a9f4bbd91e75855c97c663815a21237dcf5d7f305b0b44b5ce962","8a071de0626a9f4bbd91e75855c97c663815a21237dcf5d7f305b0b44b5ce962",TRUE
"X_5_csv","960f2d6adf0e26308bbe78ed0e227beb0e55cc25b5bda66f83b5fa8115605864","960f2d6adf0e26308bbe78ed0e227beb0e55cc25b5bda66f83b5fa8115605864",TRUE
"X_6_rds","a52927a2d8653d480b2b2c41839849d73013077d2c018c8f1d2bb2af86ec0802","a52927a2d8653d480b2b2c41839849d73013077d2c018c8f1d2bb2af86ec0802",TRUE
"X_6_csv","9857c8bca358fa2c00e3f828dac8a69aac5b0f158ffa83eb64658c43cf8b8b91","9857c8bca358fa2c00e3f828dac8a69aac5b0f158ffa83eb64658c43cf8b8b91",TRUE
"X_7_rds","1f3d255d7f07f0450db53a30d46c4b7ccc7235d48509e2620f03f79f2cc3b17f","1f3d255d7f07f0450db53a30d46c4b7ccc7235d48509e2620f03f79f2cc3b17f",TRUE
"X_7_csv","20d903af68d78deb6578038a3039885bdaf1ef57e31e44035463e2d95fca4d8f","20d903af68d78deb6578038a3039885bdaf1ef57e31e44035463e2d95fca4d8f",TRUE
"flat_rds","fffe4a2bc9796137d9b75d319943c5cb52b9bbb00ce00ba238fc44fc044abb9f","f68a248dc562fde8c4e1c75f1a5a054e7a1c8307f10632ad04293c4392718f4d",FALSE
"flat_csv","e84e128d9d9f404e97ab12d825f59add44a756b573f7ee4512d81760991f130d","e84e128d9d9f404e97ab12d825f59add44a756b573f7ee4512d81760991f130d",TRUE
"cedentes_rds","98c8c4a70f8c73380eafba525e2cab9e52c2630ce9fd7e6970ee2736910b29c1","98c8c4a70f8c73380eafba525e2cab9e52c2630ce9fd7e6970ee2736910b29c1",TRUE
"cedentes_csv","f0cd01fcb90107c3e49b3ca22dfe594b50457fe2ffe81040cb4e79baa0a83381","f0cd01fcb90107c3e49b3ca22dfe594b50457fe2ffe81040cb4e79baa0a83381",TRUE
"qualidade_csv","962f29e56ff9fa8ba07ce2b73e83ca8a98ab0ee972bf162659dbafb65aca27a5","962f29e56ff9fa8ba07ce2b73e83ca8a98ab0ee972bf162659dbafb65aca27a5",TRUE
"qualidade_rds","b3ee5af741eec24dc397c9f4c1a79aa897784b413da8486b86ffb99735add235","b3ee5af741eec24dc397c9f4c1a79aa897784b413da8486b86ffb99735add235",TRUE
