"tabela";"competencia";"tipo";"campo";"quantidade";"detalhe"
"I";"2026-07";"registros";"";4386;""
"I";"2026-07";"data_invalida";"DT_COMPTC";0;""
"I";"2026-07";"identificador_vazio";"CNPJ_FUNDO_CLASSE";0;""
"I";"2026-07";"identificador_formato_invalido";"CNPJ_FUNDO_CLASSE";0;""
"I";"2026-07";"identificador_dv_invalido";"CNPJ_FUNDO_CLASSE";0;""
"I";"2026-07";"identificador_alfanumerico_nao_homologado";"CNPJ_FUNDO_CLASSE";0;"Preservado sem confirmação cadastral"
"I";"2026-07";"chaves_com_multiplas_linhas";"";0;""
"I";"2026-07";"repeticoes_integrais";"";0;""
"I";"2026-07";"conversao_invalida";"DT_COMPTC";0;""
"I";"2026-07";"conversao_invalida";"PRAZO_CONVERSAO_COTA";0;""
"I";"2026-07";"conversao_invalida";"PRAZO_PAGTO_RESGATE";0;""
"I";"2026-07";"conversao_invalida";"TAB_I_VL_ATIVO";0;""
"I";"2026-07";"conversao_invalida";"TAB_I1_VL_DISP";0;""
"I";"2026-07";"conversao_invalida";"TAB_I2_COTA_FIDC";0;""
"I";"2026-07";"conversao_invalida";"TAB_I2_DEBENTURE_CRI";0;""
"I";"2026-07";"conversao_invalida";"TAB_I2_VL_CARTEIRA";0;""
"I";"2026-07";"conversao_invalida";"TAB_I2_VL_OUTRO_ATIVO";0;""
"I";"2026-07";"conversao_invalida";"TAB_I2A_VL_DIRCRED_RISCO";0;""
"I";"2026-07";"conversao_invalida";"TAB_I2A1_VL_CRED_VENC_AD";0;""
"I";"2026-07";"conversao_invalida";"TAB_I2A10_VL_CRED_DIVERSO";0;""
"I";"2026-07";"conversao_invalida";"TAB_I2A11_VL_REDUCAO_RECUP";0;""
"I";"2026-07";"conversao_invalida";"TAB_I2A12_PR_CEDENTE_1";0;""
"I";"2026-07";"conversao_invalida";"TAB_I2A12_PR_CEDENTE_2";0;""
"I";"2026-07";"conversao_invalida";"TAB_I2A12_PR_CEDENTE_3";0;""
"I";"2026-07";"conversao_invalida";"TAB_I2A12_PR_CEDENTE_4";0;""
"I";"2026-07";"conversao_invalida";"TAB_I2A12_PR_CEDENTE_5";0;""
"I";"2026-07";"conversao_invalida";"TAB_I2A12_PR_CEDENTE_6";0;""
"I";"2026-07";"conversao_invalida";"TAB_I2A12_PR_CEDENTE_7";0;""
"I";"2026-07";"conversao_invalida";"TAB_I2A12_PR_CEDENTE_8";0;""
"I";"2026-07";"conversao_invalida";"TAB_I2A12_PR_CEDENTE_9";0;""
"I";"2026-07";"conversao_invalida";"TAB_I2A2_VL_CRED_VENC_INAD";0;""
"I";"2026-07";"conversao_invalida";"TAB_I2A21_VL_TOTAL_PARCELA_INAD";0;""
"I";"2026-07";"conversao_invalida";"TAB_I2A3_VL_CRED_INAD";0;""
"I";"2026-07";"conversao_invalida";"TAB_I2A4_VL_CRED_DIRCRED_PERFM";0;""
"I";"2026-07";"conversao_invalida";"TAB_I2A5_VL_CRED_VENCIDO_PENDENTE";0;""
"I";"2026-07";"conversao_invalida";"TAB_I2A6_VL_CRED_EMP_RECUP";0;""
"I";"2026-07";"conversao_invalida";"TAB_I2A7_VL_CRED_RECEITA_PUBLICA";0;""
"I";"2026-07";"conversao_invalida";"TAB_I2A8_VL_CRED_ACAO_JUDIC";0;""
"I";"2026-07";"conversao_invalida";"TAB_I2A9_VL_CRED_FATOR_RISCO";0;""
"I";"2026-07";"conversao_invalida";"TAB_I2B_VL_DIRCRED_SEM_RISCO";0;""
"I";"2026-07";"conversao_invalida";"TAB_I2B1_VL_CRED_VENC_AD";0;""
"I";"2026-07";"conversao_invalida";"TAB_I2B10_VL_CRED_DIVERSO";0;""
"I";"2026-07";"conversao_invalida";"TAB_I2B11_VL_REDUCAO_RECUP";0;""
"I";"2026-07";"conversao_invalida";"TAB_I2B12_PR_CEDENTE_1";0;""
"I";"2026-07";"conversao_invalida";"TAB_I2B12_PR_CEDENTE_2";0;""
"I";"2026-07";"conversao_invalida";"TAB_I2B12_PR_CEDENTE_3";0;""
"I";"2026-07";"conversao_invalida";"TAB_I2B12_PR_CEDENTE_4";0;""
"I";"2026-07";"conversao_invalida";"TAB_I2B12_PR_CEDENTE_5";0;""
"I";"2026-07";"conversao_invalida";"TAB_I2B12_PR_CEDENTE_6";0;""
"I";"2026-07";"conversao_invalida";"TAB_I2B12_PR_CEDENTE_7";0;""
"I";"2026-07";"conversao_invalida";"TAB_I2B12_PR_CEDENTE_8";0;""
"I";"2026-07";"conversao_invalida";"TAB_I2B12_PR_CEDENTE_9";0;""
"I";"2026-07";"conversao_invalida";"TAB_I2B2_VL_CRED_VENC_INAD";0;""
"I";"2026-07";"conversao_invalida";"TAB_I2B21_VL_TOTAL_PARCELA_INAD";0;""
"I";"2026-07";"conversao_invalida";"TAB_I2B3_VL_CRED_INAD";0;""
"I";"2026-07";"conversao_invalida";"TAB_I2B4_VL_CRED_DIRCRED_PERFM";0;""
"I";"2026-07";"conversao_invalida";"TAB_I2B5_VL_CRED_VENCIDO_PENDENTE";0;""
"I";"2026-07";"conversao_invalida";"TAB_I2B6_VL_CRED_EMP_RECUP";0;""
"I";"2026-07";"conversao_invalida";"TAB_I2B7_VL_CRED_RECEITA_PUBLICA";0;""
"I";"2026-07";"conversao_invalida";"TAB_I2B8_VL_CRED_ACAO_JUDIC";0;""
"I";"2026-07";"conversao_invalida";"TAB_I2B9_VL_CRED_FATOR_RISCO";0;""
"I";"2026-07";"conversao_invalida";"TAB_I2C_VL_VLMOB";0;""
"I";"2026-07";"conversao_invalida";"TAB_I2C1_VL_DEBENTURE";0;""
"I";"2026-07";"conversao_invalida";"TAB_I2C2_VL_CRI";0;""
"I";"2026-07";"conversao_invalida";"TAB_I2C3_VL_NP_COMERC";0;""
"I";"2026-07";"conversao_invalida";"TAB_I2C4_VL_LETRA_FINANC";0;""
"I";"2026-07";"conversao_invalida";"TAB_I2C5_VL_COTA_FIF";0;""
"I";"2026-07";"conversao_invalida";"TAB_I2C5_VL_COTA_FUNDO_ICVM555";0;""
"I";"2026-07";"conversao_invalida";"TAB_I2C6_VL_OUTRO";0;""
"I";"2026-07";"conversao_invalida";"TAB_I2D_VL_TITPUB_FED";0;""
"I";"2026-07";"conversao_invalida";"TAB_I2E_VL_CDB";0;""
"I";"2026-07";"conversao_invalida";"TAB_I2F_VL_OPER_COMPROM";0;""
"I";"2026-07";"conversao_invalida";"TAB_I2G_VL_OUTRO_RF";0;""
"I";"2026-07";"conversao_invalida";"TAB_I2H_VL_COTA_FIDC";0;""
"I";"2026-07";"conversao_invalida";"TAB_I2I_VL_COTA_FIDC_NP";0;""
"I";"2026-07";"conversao_invalida";"TAB_I2J_VL_CONTRATO_FUTURO";0;""
"I";"2026-07";"conversao_invalida";"TAB_I3_VL_POSICAO_DERIV";0;""
"I";"2026-07";"conversao_invalida";"TAB_I3A_VL_MERCADO_TERMO";0;""
"I";"2026-07";"conversao_invalida";"TAB_I3B_VL_MERCADO_OPCAO";0;""
"I";"2026-07";"conversao_invalida";"TAB_I3C_VL_MERCADO_FUTURO";0;""
"I";"2026-07";"conversao_invalida";"TAB_I3D_VL_DIFER_SWAP";0;""
"I";"2026-07";"conversao_invalida";"TAB_I3E_VL_COBERTURA";0;""
"I";"2026-07";"conversao_invalida";"TAB_I3F_VL_DEPOSITO_MARGEM";0;""
"I";"2026-07";"conversao_invalida";"TAB_I4_VL_OUTRO_ATIVO";0;""
"I";"2026-07";"conversao_invalida";"TAB_I4A_VL_CPRAZO";0;""
"I";"2026-07";"conversao_invalida";"TAB_I4B_VL_LPRAZO";0;""
"I";"2026-07";"unidades_e_escala";"";0;"Não confirmadas, valores originais preservados"
"I";"2026-08";"registros";"";4397;""
"I";"2026-08";"data_invalida";"DT_COMPTC";0;""
"I";"2026-08";"identificador_vazio";"CNPJ_FUNDO_CLASSE";0;""
"I";"2026-08";"identificador_formato_invalido";"CNPJ_FUNDO_CLASSE";0;""
"I";"2026-08";"identificador_dv_invalido";"CNPJ_FUNDO_CLASSE";0;""
"I";"2026-08";"identificador_alfanumerico_nao_homologado";"CNPJ_FUNDO_CLASSE";0;"Preservado sem confirmação cadastral"
"I";"2026-08";"chaves_com_multiplas_linhas";"";0;""
"I";"2026-08";"repeticoes_integrais";"";0;""
"I";"2026-08";"conversao_invalida";"DT_COMPTC";0;""
"I";"2026-08";"conversao_invalida";"PRAZO_CONVERSAO_COTA";0;""
"I";"2026-08";"conversao_invalida";"PRAZO_PAGTO_RESGATE";0;""
"I";"2026-08";"conversao_invalida";"TAB_I_VL_ATIVO";0;""
"I";"2026-08";"conversao_invalida";"TAB_I1_VL_DISP";0;""
"I";"2026-08";"conversao_invalida";"TAB_I2_COTA_FIDC";0;""
"I";"2026-08";"conversao_invalida";"TAB_I2_DEBENTURE_CRI";0;""
"I";"2026-08";"conversao_invalida";"TAB_I2_VL_CARTEIRA";0;""
"I";"2026-08";"conversao_invalida";"TAB_I2_VL_OUTRO_ATIVO";0;""
"I";"2026-08";"conversao_invalida";"TAB_I2A_VL_DIRCRED_RISCO";0;""
"I";"2026-08";"conversao_invalida";"TAB_I2A1_VL_CRED_VENC_AD";0;""
"I";"2026-08";"conversao_invalida";"TAB_I2A10_VL_CRED_DIVERSO";0;""
"I";"2026-08";"conversao_invalida";"TAB_I2A11_VL_REDUCAO_RECUP";0;""
"I";"2026-08";"conversao_invalida";"TAB_I2A12_PR_CEDENTE_1";0;""
"I";"2026-08";"conversao_invalida";"TAB_I2A12_PR_CEDENTE_2";0;""
"I";"2026-08";"conversao_invalida";"TAB_I2A12_PR_CEDENTE_3";0;""
"I";"2026-08";"conversao_invalida";"TAB_I2A12_PR_CEDENTE_4";0;""
"I";"2026-08";"conversao_invalida";"TAB_I2A12_PR_CEDENTE_5";0;""
"I";"2026-08";"conversao_invalida";"TAB_I2A12_PR_CEDENTE_6";0;""
"I";"2026-08";"conversao_invalida";"TAB_I2A12_PR_CEDENTE_7";0;""
"I";"2026-08";"conversao_invalida";"TAB_I2A12_PR_CEDENTE_8";0;""
"I";"2026-08";"conversao_invalida";"TAB_I2A12_PR_CEDENTE_9";0;""
"I";"2026-08";"conversao_invalida";"TAB_I2A2_VL_CRED_VENC_INAD";0;""
"I";"2026-08";"conversao_invalida";"TAB_I2A21_VL_TOTAL_PARCELA_INAD";0;""
"I";"2026-08";"conversao_invalida";"TAB_I2A3_VL_CRED_INAD";0;""
"I";"2026-08";"conversao_invalida";"TAB_I2A4_VL_CRED_DIRCRED_PERFM";0;""
"I";"2026-08";"conversao_invalida";"TAB_I2A5_VL_CRED_VENCIDO_PENDENTE";0;""
"I";"2026-08";"conversao_invalida";"TAB_I2A6_VL_CRED_EMP_RECUP";0;""
"I";"2026-08";"conversao_invalida";"TAB_I2A7_VL_CRED_RECEITA_PUBLICA";0;""
"I";"2026-08";"conversao_invalida";"TAB_I2A8_VL_CRED_ACAO_JUDIC";0;""
"I";"2026-08";"conversao_invalida";"TAB_I2A9_VL_CRED_FATOR_RISCO";0;""
"I";"2026-08";"conversao_invalida";"TAB_I2B_VL_DIRCRED_SEM_RISCO";0;""
"I";"2026-08";"conversao_invalida";"TAB_I2B1_VL_CRED_VENC_AD";0;""
"I";"2026-08";"conversao_invalida";"TAB_I2B10_VL_CRED_DIVERSO";0;""
"I";"2026-08";"conversao_invalida";"TAB_I2B11_VL_REDUCAO_RECUP";0;""
"I";"2026-08";"conversao_invalida";"TAB_I2B12_PR_CEDENTE_1";0;""
"I";"2026-08";"conversao_invalida";"TAB_I2B12_PR_CEDENTE_2";0;""
"I";"2026-08";"conversao_invalida";"TAB_I2B12_PR_CEDENTE_3";0;""
"I";"2026-08";"conversao_invalida";"TAB_I2B12_PR_CEDENTE_4";0;""
"I";"2026-08";"conversao_invalida";"TAB_I2B12_PR_CEDENTE_5";0;""
"I";"2026-08";"conversao_invalida";"TAB_I2B12_PR_CEDENTE_6";0;""
"I";"2026-08";"conversao_invalida";"TAB_I2B12_PR_CEDENTE_7";0;""
"I";"2026-08";"conversao_invalida";"TAB_I2B12_PR_CEDENTE_8";0;""
"I";"2026-08";"conversao_invalida";"TAB_I2B12_PR_CEDENTE_9";0;""
"I";"2026-08";"conversao_invalida";"TAB_I2B2_VL_CRED_VENC_INAD";0;""
"I";"2026-08";"conversao_invalida";"TAB_I2B21_VL_TOTAL_PARCELA_INAD";0;""
"I";"2026-08";"conversao_invalida";"TAB_I2B3_VL_CRED_INAD";0;""
"I";"2026-08";"conversao_invalida";"TAB_I2B4_VL_CRED_DIRCRED_PERFM";0;""
"I";"2026-08";"conversao_invalida";"TAB_I2B5_VL_CRED_VENCIDO_PENDENTE";0;""
"I";"2026-08";"conversao_invalida";"TAB_I2B6_VL_CRED_EMP_RECUP";0;""
"I";"2026-08";"conversao_invalida";"TAB_I2B7_VL_CRED_RECEITA_PUBLICA";0;""
"I";"2026-08";"conversao_invalida";"TAB_I2B8_VL_CRED_ACAO_JUDIC";0;""
"I";"2026-08";"conversao_invalida";"TAB_I2B9_VL_CRED_FATOR_RISCO";0;""
"I";"2026-08";"conversao_invalida";"TAB_I2C_VL_VLMOB";0;""
"I";"2026-08";"conversao_invalida";"TAB_I2C1_VL_DEBENTURE";0;""
"I";"2026-08";"conversao_invalida";"TAB_I2C2_VL_CRI";0;""
"I";"2026-08";"conversao_invalida";"TAB_I2C3_VL_NP_COMERC";0;""
"I";"2026-08";"conversao_invalida";"TAB_I2C4_VL_LETRA_FINANC";0;""
"I";"2026-08";"conversao_invalida";"TAB_I2C5_VL_COTA_FIF";0;""
"I";"2026-08";"conversao_invalida";"TAB_I2C5_VL_COTA_FUNDO_ICVM555";0;""
"I";"2026-08";"conversao_invalida";"TAB_I2C6_VL_OUTRO";0;""
"I";"2026-08";"conversao_invalida";"TAB_I2D_VL_TITPUB_FED";0;""
"I";"2026-08";"conversao_invalida";"TAB_I2E_VL_CDB";0;""
"I";"2026-08";"conversao_invalida";"TAB_I2F_VL_OPER_COMPROM";0;""
"I";"2026-08";"conversao_invalida";"TAB_I2G_VL_OUTRO_RF";0;""
"I";"2026-08";"conversao_invalida";"TAB_I2H_VL_COTA_FIDC";0;""
"I";"2026-08";"conversao_invalida";"TAB_I2I_VL_COTA_FIDC_NP";0;""
"I";"2026-08";"conversao_invalida";"TAB_I2J_VL_CONTRATO_FUTURO";0;""
"I";"2026-08";"conversao_invalida";"TAB_I3_VL_POSICAO_DERIV";0;""
"I";"2026-08";"conversao_invalida";"TAB_I3A_VL_MERCADO_TERMO";0;""
"I";"2026-08";"conversao_invalida";"TAB_I3B_VL_MERCADO_OPCAO";0;""
"I";"2026-08";"conversao_invalida";"TAB_I3C_VL_MERCADO_FUTURO";0;""
"I";"2026-08";"conversao_invalida";"TAB_I3D_VL_DIFER_SWAP";0;""
"I";"2026-08";"conversao_invalida";"TAB_I3E_VL_COBERTURA";0;""
"I";"2026-08";"conversao_invalida";"TAB_I3F_VL_DEPOSITO_MARGEM";0;""
"I";"2026-08";"conversao_invalida";"TAB_I4_VL_OUTRO_ATIVO";0;""
"I";"2026-08";"conversao_invalida";"TAB_I4A_VL_CPRAZO";0;""
"I";"2026-08";"conversao_invalida";"TAB_I4B_VL_LPRAZO";0;""
"I";"2026-08";"unidades_e_escala";"";0;"Não confirmadas, valores originais preservados"
"II";"2026-07";"registros";"";4386;""
"II";"2026-07";"data_invalida";"DT_COMPTC";0;""
"II";"2026-07";"identificador_vazio";"CNPJ_FUNDO_CLASSE";0;""
"II";"2026-07";"identificador_formato_invalido";"CNPJ_FUNDO_CLASSE";0;""
"II";"2026-07";"identificador_dv_invalido";"CNPJ_FUNDO_CLASSE";0;""
"II";"2026-07";"identificador_alfanumerico_nao_homologado";"CNPJ_FUNDO_CLASSE";0;"Preservado sem confirmação cadastral"
"II";"2026-07";"chaves_com_multiplas_linhas";"";0;""
"II";"2026-07";"repeticoes_integrais";"";0;""
"II";"2026-07";"conversao_invalida";"DT_COMPTC";0;""
"II";"2026-07";"conversao_invalida";"TAB_II_A_VL_INDUST";0;""
"II";"2026-07";"conversao_invalida";"TAB_II_B_VL_IMOBIL";0;""
"II";"2026-07";"conversao_invalida";"TAB_II_C_VL_COMERC";0;""
"II";"2026-07";"conversao_invalida";"TAB_II_C1_VL_COMERC";0;""
"II";"2026-07";"conversao_invalida";"TAB_II_C2_VL_VAREJO";0;""
"II";"2026-07";"conversao_invalida";"TAB_II_C3_VL_ARREND";0;""
"II";"2026-07";"conversao_invalida";"TAB_II_D_VL_SERV";0;""
"II";"2026-07";"conversao_invalida";"TAB_II_D1_VL_SERV";0;""
"II";"2026-07";"conversao_invalida";"TAB_II_D2_VL_SERV_PUBLICO";0;""
"II";"2026-07";"conversao_invalida";"TAB_II_D3_VL_SERV_EDUC";0;""
"II";"2026-07";"conversao_invalida";"TAB_II_D4_VL_ENTRET";0;""
"II";"2026-07";"conversao_invalida";"TAB_II_E_VL_AGRONEG";0;""
"II";"2026-07";"conversao_invalida";"TAB_II_F_VL_FINANC";0;""
"II";"2026-07";"conversao_invalida";"TAB_II_F1_VL_CRED_PESSOA";0;""
"II";"2026-07";"conversao_invalida";"TAB_II_F2_VL_CRED_PESSOA_CONSIG";0;""
"II";"2026-07";"conversao_invalida";"TAB_II_F3_VL_CRED_CORP";0;""
"II";"2026-07";"conversao_invalida";"TAB_II_F4_VL_MIDMARKET";0;""
"II";"2026-07";"conversao_invalida";"TAB_II_F5_VL_VEICULO";0;""
"II";"2026-07";"conversao_invalida";"TAB_II_F6_VL_IMOBIL_EMPRESA";0;""
"II";"2026-07";"conversao_invalida";"TAB_II_F7_VL_IMOBIL_RESID";0;""
"II";"2026-07";"conversao_invalida";"TAB_II_F8_VL_OUTRO";0;""
"II";"2026-07";"conversao_invalida";"TAB_II_G_VL_CREDITO";0;""
"II";"2026-07";"conversao_invalida";"TAB_II_H_VL_FACTOR";0;""
"II";"2026-07";"conversao_invalida";"TAB_II_H1_VL_PESSOA";0;""
"II";"2026-07";"conversao_invalida";"TAB_II_H2_VL_CORP";0;""
"II";"2026-07";"conversao_invalida";"TAB_II_I_VL_SETOR_PUBLICO";0;""
"II";"2026-07";"conversao_invalida";"TAB_II_I1_VL_PRECAT";0;""
"II";"2026-07";"conversao_invalida";"TAB_II_I2_VL_TRIBUT";0;""
"II";"2026-07";"conversao_invalida";"TAB_II_I3_VL_ROYALTIES";0;""
"II";"2026-07";"conversao_invalida";"TAB_II_I4_VL_OUTRO";0;""
"II";"2026-07";"conversao_invalida";"TAB_II_J_VL_JUDICIAL";0;""
"II";"2026-07";"conversao_invalida";"TAB_II_K_VL_MARCA";0;""
"II";"2026-07";"conversao_invalida";"TAB_II_VL_CARTEIRA";0;""
"II";"2026-07";"unidades_e_escala";"";0;"Não confirmadas, valores originais preservados"
"II";"2026-08";"registros";"";4397;""
"II";"2026-08";"data_invalida";"DT_COMPTC";0;""
"II";"2026-08";"identificador_vazio";"CNPJ_FUNDO_CLASSE";0;""
"II";"2026-08";"identificador_formato_invalido";"CNPJ_FUNDO_CLASSE";0;""
"II";"2026-08";"identificador_dv_invalido";"CNPJ_FUNDO_CLASSE";0;""
"II";"2026-08";"identificador_alfanumerico_nao_homologado";"CNPJ_FUNDO_CLASSE";0;"Preservado sem confirmação cadastral"
"II";"2026-08";"chaves_com_multiplas_linhas";"";0;""
"II";"2026-08";"repeticoes_integrais";"";0;""
"II";"2026-08";"conversao_invalida";"DT_COMPTC";0;""
"II";"2026-08";"conversao_invalida";"TAB_II_A_VL_INDUST";0;""
"II";"2026-08";"conversao_invalida";"TAB_II_B_VL_IMOBIL";0;""
"II";"2026-08";"conversao_invalida";"TAB_II_C_VL_COMERC";0;""
"II";"2026-08";"conversao_invalida";"TAB_II_C1_VL_COMERC";0;""
"II";"2026-08";"conversao_invalida";"TAB_II_C2_VL_VAREJO";0;""
"II";"2026-08";"conversao_invalida";"TAB_II_C3_VL_ARREND";0;""
"II";"2026-08";"conversao_invalida";"TAB_II_D_VL_SERV";0;""
"II";"2026-08";"conversao_invalida";"TAB_II_D1_VL_SERV";0;""
"II";"2026-08";"conversao_invalida";"TAB_II_D2_VL_SERV_PUBLICO";0;""
"II";"2026-08";"conversao_invalida";"TAB_II_D3_VL_SERV_EDUC";0;""
"II";"2026-08";"conversao_invalida";"TAB_II_D4_VL_ENTRET";0;""
"II";"2026-08";"conversao_invalida";"TAB_II_E_VL_AGRONEG";0;""
"II";"2026-08";"conversao_invalida";"TAB_II_F_VL_FINANC";0;""
"II";"2026-08";"conversao_invalida";"TAB_II_F1_VL_CRED_PESSOA";0;""
"II";"2026-08";"conversao_invalida";"TAB_II_F2_VL_CRED_PESSOA_CONSIG";0;""
"II";"2026-08";"conversao_invalida";"TAB_II_F3_VL_CRED_CORP";0;""
"II";"2026-08";"conversao_invalida";"TAB_II_F4_VL_MIDMARKET";0;""
"II";"2026-08";"conversao_invalida";"TAB_II_F5_VL_VEICULO";0;""
"II";"2026-08";"conversao_invalida";"TAB_II_F6_VL_IMOBIL_EMPRESA";0;""
"II";"2026-08";"conversao_invalida";"TAB_II_F7_VL_IMOBIL_RESID";0;""
"II";"2026-08";"conversao_invalida";"TAB_II_F8_VL_OUTRO";0;""
"II";"2026-08";"conversao_invalida";"TAB_II_G_VL_CREDITO";0;""
"II";"2026-08";"conversao_invalida";"TAB_II_H_VL_FACTOR";0;""
"II";"2026-08";"conversao_invalida";"TAB_II_H1_VL_PESSOA";0;""
"II";"2026-08";"conversao_invalida";"TAB_II_H2_VL_CORP";0;""
"II";"2026-08";"conversao_invalida";"TAB_II_I_VL_SETOR_PUBLICO";0;""
"II";"2026-08";"conversao_invalida";"TAB_II_I1_VL_PRECAT";0;""
"II";"2026-08";"conversao_invalida";"TAB_II_I2_VL_TRIBUT";0;""
"II";"2026-08";"conversao_invalida";"TAB_II_I3_VL_ROYALTIES";0;""
"II";"2026-08";"conversao_invalida";"TAB_II_I4_VL_OUTRO";0;""
"II";"2026-08";"conversao_invalida";"TAB_II_J_VL_JUDICIAL";0;""
"II";"2026-08";"conversao_invalida";"TAB_II_K_VL_MARCA";0;""
"II";"2026-08";"conversao_invalida";"TAB_II_VL_CARTEIRA";0;""
"II";"2026-08";"unidades_e_escala";"";0;"Não confirmadas, valores originais preservados"
"III";"2026-07";"registros";"";4386;""
"III";"2026-07";"data_invalida";"DT_COMPTC";0;""
"III";"2026-07";"identificador_vazio";"CNPJ_FUNDO_CLASSE";0;""
"III";"2026-07";"identificador_formato_invalido";"CNPJ_FUNDO_CLASSE";0;""
"III";"2026-07";"identificador_dv_invalido";"CNPJ_FUNDO_CLASSE";0;""
"III";"2026-07";"identificador_alfanumerico_nao_homologado";"CNPJ_FUNDO_CLASSE";0;"Preservado sem confirmação cadastral"
"III";"2026-07";"chaves_com_multiplas_linhas";"";0;""
"III";"2026-07";"repeticoes_integrais";"";0;""
"III";"2026-07";"conversao_invalida";"DT_COMPTC";0;""
"III";"2026-07";"conversao_invalida";"TAB_III_A_VL_PAGAR";0;""
"III";"2026-07";"conversao_invalida";"TAB_III_A1_VL_CPRAZO";0;""
"III";"2026-07";"conversao_invalida";"TAB_III_A2_VL_LPRAZO";0;""
"III";"2026-07";"conversao_invalida";"TAB_III_B_VL_POSICAO_DERIV";0;""
"III";"2026-07";"conversao_invalida";"TAB_III_B1_VL_TERMO";0;""
"III";"2026-07";"conversao_invalida";"TAB_III_B2_VL_OPCAO";0;""
"III";"2026-07";"conversao_invalida";"TAB_III_B3_VL_FUTURO";0;""
"III";"2026-07";"conversao_invalida";"TAB_III_B4_VL_SWAP_PAGAR";0;""
"III";"2026-07";"conversao_invalida";"TAB_III_VL_PASSIVO";0;""
"III";"2026-07";"unidades_e_escala";"";0;"Não confirmadas, valores originais preservados"
"III";"2026-08";"registros";"";4397;""
"III";"2026-08";"data_invalida";"DT_COMPTC";0;""
"III";"2026-08";"identificador_vazio";"CNPJ_FUNDO_CLASSE";0;""
"III";"2026-08";"identificador_formato_invalido";"CNPJ_FUNDO_CLASSE";0;""
"III";"2026-08";"identificador_dv_invalido";"CNPJ_FUNDO_CLASSE";0;""
"III";"2026-08";"identificador_alfanumerico_nao_homologado";"CNPJ_FUNDO_CLASSE";0;"Preservado sem confirmação cadastral"
"III";"2026-08";"chaves_com_multiplas_linhas";"";0;""
"III";"2026-08";"repeticoes_integrais";"";0;""
"III";"2026-08";"conversao_invalida";"DT_COMPTC";0;""
"III";"2026-08";"conversao_invalida";"TAB_III_A_VL_PAGAR";0;""
"III";"2026-08";"conversao_invalida";"TAB_III_A1_VL_CPRAZO";0;""
"III";"2026-08";"conversao_invalida";"TAB_III_A2_VL_LPRAZO";0;""
"III";"2026-08";"conversao_invalida";"TAB_III_B_VL_POSICAO_DERIV";0;""
"III";"2026-08";"conversao_invalida";"TAB_III_B1_VL_TERMO";0;""
"III";"2026-08";"conversao_invalida";"TAB_III_B2_VL_OPCAO";0;""
"III";"2026-08";"conversao_invalida";"TAB_III_B3_VL_FUTURO";0;""
"III";"2026-08";"conversao_invalida";"TAB_III_B4_VL_SWAP_PAGAR";0;""
"III";"2026-08";"conversao_invalida";"TAB_III_VL_PASSIVO";0;""
"III";"2026-08";"unidades_e_escala";"";0;"Não confirmadas, valores originais preservados"
"IV";"2026-07";"registros";"";4386;""
"IV";"2026-07";"data_invalida";"DT_COMPTC";0;""
"IV";"2026-07";"identificador_vazio";"CNPJ_FUNDO_CLASSE";0;""
"IV";"2026-07";"identificador_formato_invalido";"CNPJ_FUNDO_CLASSE";0;""
"IV";"2026-07";"identificador_dv_invalido";"CNPJ_FUNDO_CLASSE";0;""
"IV";"2026-07";"identificador_alfanumerico_nao_homologado";"CNPJ_FUNDO_CLASSE";0;"Preservado sem confirmação cadastral"
"IV";"2026-07";"chaves_com_multiplas_linhas";"";0;""
"IV";"2026-07";"repeticoes_integrais";"";0;""
"IV";"2026-07";"conversao_invalida";"DT_COMPTC";0;""
"IV";"2026-07";"conversao_invalida";"TAB_IV_A_VL_PL";0;""
"IV";"2026-07";"conversao_invalida";"TAB_IV_B_VL_PL_MEDIO";0;""
"IV";"2026-07";"unidades_e_escala";"";0;"Não confirmadas, valores originais preservados"
"IV";"2026-08";"registros";"";4397;""
"IV";"2026-08";"data_invalida";"DT_COMPTC";0;""
"IV";"2026-08";"identificador_vazio";"CNPJ_FUNDO_CLASSE";0;""
"IV";"2026-08";"identificador_formato_invalido";"CNPJ_FUNDO_CLASSE";0;""
"IV";"2026-08";"identificador_dv_invalido";"CNPJ_FUNDO_CLASSE";0;""
"IV";"2026-08";"identificador_alfanumerico_nao_homologado";"CNPJ_FUNDO_CLASSE";0;"Preservado sem confirmação cadastral"
"IV";"2026-08";"chaves_com_multiplas_linhas";"";0;""
"IV";"2026-08";"repeticoes_integrais";"";0;""
"IV";"2026-08";"conversao_invalida";"DT_COMPTC";0;""
"IV";"2026-08";"conversao_invalida";"TAB_IV_A_VL_PL";0;""
"IV";"2026-08";"conversao_invalida";"TAB_IV_B_VL_PL_MEDIO";0;""
"IV";"2026-08";"unidades_e_escala";"";0;"Não confirmadas, valores originais preservados"
"IX";"2026-07";"registros";"";4386;""
"IX";"2026-07";"data_invalida";"DT_COMPTC";0;""
"IX";"2026-07";"identificador_vazio";"CNPJ_FUNDO_CLASSE";0;""
"IX";"2026-07";"identificador_formato_invalido";"CNPJ_FUNDO_CLASSE";0;""
"IX";"2026-07";"identificador_dv_invalido";"CNPJ_FUNDO_CLASSE";0;""
"IX";"2026-07";"identificador_alfanumerico_nao_homologado";"CNPJ_FUNDO_CLASSE";0;"Preservado sem confirmação cadastral"
"IX";"2026-07";"chaves_com_multiplas_linhas";"";0;""
"IX";"2026-07";"repeticoes_integrais";"";0;""
"IX";"2026-07";"conversao_invalida";"DT_COMPTC";0;""
"IX";"2026-07";"conversao_invalida";"TAB_IX_A1_1_1_COMPRA_MIN";0;""
"IX";"2026-07";"conversao_invalida";"TAB_IX_A1_1_2_COMPRA_MEDIA";0;""
"IX";"2026-07";"conversao_invalida";"TAB_IX_A1_1_3_COMPRA_MAX";0;""
"IX";"2026-07";"conversao_invalida";"TAB_IX_A1_2_1_VENDA_MIN";0;""
"IX";"2026-07";"conversao_invalida";"TAB_IX_A1_2_2_VENDA_MEDIA";0;""
"IX";"2026-07";"conversao_invalida";"TAB_IX_A1_2_3_VENDA_MAX";0;""
"IX";"2026-07";"conversao_invalida";"TAB_IX_A2_1_1_COMPRA_MIN";0;""
"IX";"2026-07";"conversao_invalida";"TAB_IX_A2_1_2_COMPRA_MEDIA";0;""
"IX";"2026-07";"conversao_invalida";"TAB_IX_A2_1_3_COMPRA_MAX";0;""
"IX";"2026-07";"conversao_invalida";"TAB_IX_A2_2_1_VENDA_MIN";0;""
"IX";"2026-07";"conversao_invalida";"TAB_IX_A2_2_2_VENDA_MEDIA";0;""
"IX";"2026-07";"conversao_invalida";"TAB_IX_A2_2_3_VENDA_MAX";0;""
"IX";"2026-07";"conversao_invalida";"TAB_IX_B1_1_1_COMPRA_MIN";0;""
"IX";"2026-07";"conversao_invalida";"TAB_IX_B1_1_2_COMPRA_MEDIA";0;""
"IX";"2026-07";"conversao_invalida";"TAB_IX_B1_1_3_COMPRA_MAX";0;""
"IX";"2026-07";"conversao_invalida";"TAB_IX_B1_2_1_VENDA_MIN";0;""
"IX";"2026-07";"conversao_invalida";"TAB_IX_B1_2_2_VENDA_MEDIA";0;""
"IX";"2026-07";"conversao_invalida";"TAB_IX_B1_2_3_VENDA_MAX";0;""
"IX";"2026-07";"conversao_invalida";"TAB_IX_B2_1_1_COMPRA_MIN";0;""
"IX";"2026-07";"conversao_invalida";"TAB_IX_B2_1_2_COMPRA_MEDIA";0;""
"IX";"2026-07";"conversao_invalida";"TAB_IX_B2_1_3_COMPRA_MAX";0;""
"IX";"2026-07";"conversao_invalida";"TAB_IX_B2_2_1_VENDA_MIN";0;""
"IX";"2026-07";"conversao_invalida";"TAB_IX_B2_2_2_VENDA_MEDIA";0;""
"IX";"2026-07";"conversao_invalida";"TAB_IX_B2_2_3_VENDA_MAX";0;""
"IX";"2026-07";"conversao_invalida";"TAB_IX_C1_1_1_COMPRA_MIN";0;""
"IX";"2026-07";"conversao_invalida";"TAB_IX_C1_1_2_COMPRA_MEDIA";0;""
"IX";"2026-07";"conversao_invalida";"TAB_IX_C1_1_3_COMPRA_MAX";0;""
"IX";"2026-07";"conversao_invalida";"TAB_IX_C1_2_1_VENDA_MIN";0;""
"IX";"2026-07";"conversao_invalida";"TAB_IX_C1_2_2_VENDA_MEDIA";0;""
"IX";"2026-07";"conversao_invalida";"TAB_IX_C1_2_3_VENDA_MAX";0;""
"IX";"2026-07";"conversao_invalida";"TAB_IX_C2_1_1_COMPRA_MIN";0;""
"IX";"2026-07";"conversao_invalida";"TAB_IX_C2_1_2_COMPRA_MEDIA";0;""
"IX";"2026-07";"conversao_invalida";"TAB_IX_C2_1_3_COMPRA_MAX";0;""
"IX";"2026-07";"conversao_invalida";"TAB_IX_C2_2_1_VENDA_MIN";0;""
"IX";"2026-07";"conversao_invalida";"TAB_IX_C2_2_2_VENDA_MEDIA";0;""
"IX";"2026-07";"conversao_invalida";"TAB_IX_C2_2_3_VENDA_MAX";0;""
"IX";"2026-07";"conversao_invalida";"TAB_IX_D1_1_1_COMPRA_MIN";0;""
"IX";"2026-07";"conversao_invalida";"TAB_IX_D1_1_2_COMPRA_MEDIA";0;""
"IX";"2026-07";"conversao_invalida";"TAB_IX_D1_1_3_COMPRA_MAX";0;""
"IX";"2026-07";"conversao_invalida";"TAB_IX_D1_2_1_VENDA_MIN";0;""
"IX";"2026-07";"conversao_invalida";"TAB_IX_D1_2_2_VENDA_MEDIA";0;""
"IX";"2026-07";"conversao_invalida";"TAB_IX_D1_2_3_VENDA_MAX";0;""
"IX";"2026-07";"conversao_invalida";"TAB_IX_D2_1_1_COMPRA_MIN";0;""
"IX";"2026-07";"conversao_invalida";"TAB_IX_D2_1_2_COMPRA_MEDIA";0;""
"IX";"2026-07";"conversao_invalida";"TAB_IX_D2_1_3_COMPRA_MAX";0;""
"IX";"2026-07";"conversao_invalida";"TAB_IX_D2_2_1_VENDA_MIN";0;""
"IX";"2026-07";"conversao_invalida";"TAB_IX_D2_2_2_VENDA_MEDIA";0;""
"IX";"2026-07";"conversao_invalida";"TAB_IX_D2_2_3_VENDA_MAX";0;""
"IX";"2026-07";"conversao_invalida";"TAB_IX_E1_1_1_COMPRA_MIN";0;""
"IX";"2026-07";"conversao_invalida";"TAB_IX_E1_1_2_COMPRA_MEDIA";0;""
"IX";"2026-07";"conversao_invalida";"TAB_IX_E1_1_3_COMPRA_MAX";0;""
"IX";"2026-07";"conversao_invalida";"TAB_IX_E1_2_1_VENDA_MIN";0;""
"IX";"2026-07";"conversao_invalida";"TAB_IX_E1_2_2_VENDA_MEDIA";0;""
"IX";"2026-07";"conversao_invalida";"TAB_IX_E1_2_3_VENDA_MAX";0;""
"IX";"2026-07";"conversao_invalida";"TAB_IX_E2_1_1_COMPRA_MIN";0;""
"IX";"2026-07";"conversao_invalida";"TAB_IX_E2_1_2_COMPRA_MEDIA";0;""
"IX";"2026-07";"conversao_invalida";"TAB_IX_E2_1_3_COMPRA_MAX";0;""
"IX";"2026-07";"conversao_invalida";"TAB_IX_E2_2_1_VENDA_MIN";0;""
"IX";"2026-07";"conversao_invalida";"TAB_IX_E2_2_2_VENDA_MEDIA";0;""
"IX";"2026-07";"conversao_invalida";"TAB_IX_E2_2_3_VENDA_MAX";0;""
"IX";"2026-07";"conversao_invalida";"TAB_IX_F1_1_1_COMPRA_MIN";0;""
"IX";"2026-07";"conversao_invalida";"TAB_IX_F1_1_2_COMPRA_MEDIA";0;""
"IX";"2026-07";"conversao_invalida";"TAB_IX_F1_1_3_COMPRA_MAX";0;""
"IX";"2026-07";"conversao_invalida";"TAB_IX_F1_2_1_VENDA_MIN";0;""
"IX";"2026-07";"conversao_invalida";"TAB_IX_F1_2_2_VENDA_MEDIA";0;""
"IX";"2026-07";"conversao_invalida";"TAB_IX_F1_2_3_VENDA_MAX";0;""
"IX";"2026-07";"conversao_invalida";"TAB_IX_F2_1_1_COMPRA_MIN";0;""
"IX";"2026-07";"conversao_invalida";"TAB_IX_F2_1_2_COMPRA_MEDIA";0;""
"IX";"2026-07";"conversao_invalida";"TAB_IX_F2_1_3_COMPRA_MAX";0;""
"IX";"2026-07";"conversao_invalida";"TAB_IX_F2_2_1_VENDA_MIN";0;""
"IX";"2026-07";"conversao_invalida";"TAB_IX_F2_2_2_VENDA_MEDIA";0;""
"IX";"2026-07";"conversao_invalida";"TAB_IX_F2_2_3_VENDA_MAX";0;""
"IX";"2026-07";"unidades_e_escala";"";0;"Não confirmadas, valores originais preservados"
"IX";"2026-08";"registros";"";4397;""
"IX";"2026-08";"data_invalida";"DT_COMPTC";0;""
"IX";"2026-08";"identificador_vazio";"CNPJ_FUNDO_CLASSE";0;""
"IX";"2026-08";"identificador_formato_invalido";"CNPJ_FUNDO_CLASSE";0;""
"IX";"2026-08";"identificador_dv_invalido";"CNPJ_FUNDO_CLASSE";0;""
"IX";"2026-08";"identificador_alfanumerico_nao_homologado";"CNPJ_FUNDO_CLASSE";0;"Preservado sem confirmação cadastral"
"IX";"2026-08";"chaves_com_multiplas_linhas";"";0;""
"IX";"2026-08";"repeticoes_integrais";"";0;""
"IX";"2026-08";"conversao_invalida";"DT_COMPTC";0;""
"IX";"2026-08";"conversao_invalida";"TAB_IX_A1_1_1_COMPRA_MIN";0;""
"IX";"2026-08";"conversao_invalida";"TAB_IX_A1_1_2_COMPRA_MEDIA";0;""
"IX";"2026-08";"conversao_invalida";"TAB_IX_A1_1_3_COMPRA_MAX";0;""
"IX";"2026-08";"conversao_invalida";"TAB_IX_A1_2_1_VENDA_MIN";0;""
"IX";"2026-08";"conversao_invalida";"TAB_IX_A1_2_2_VENDA_MEDIA";0;""
"IX";"2026-08";"conversao_invalida";"TAB_IX_A1_2_3_VENDA_MAX";0;""
"IX";"2026-08";"conversao_invalida";"TAB_IX_A2_1_1_COMPRA_MIN";0;""
"IX";"2026-08";"conversao_invalida";"TAB_IX_A2_1_2_COMPRA_MEDIA";0;""
"IX";"2026-08";"conversao_invalida";"TAB_IX_A2_1_3_COMPRA_MAX";0;""
"IX";"2026-08";"conversao_invalida";"TAB_IX_A2_2_1_VENDA_MIN";0;""
"IX";"2026-08";"conversao_invalida";"TAB_IX_A2_2_2_VENDA_MEDIA";0;""
"IX";"2026-08";"conversao_invalida";"TAB_IX_A2_2_3_VENDA_MAX";0;""
"IX";"2026-08";"conversao_invalida";"TAB_IX_B1_1_1_COMPRA_MIN";0;""
"IX";"2026-08";"conversao_invalida";"TAB_IX_B1_1_2_COMPRA_MEDIA";0;""
"IX";"2026-08";"conversao_invalida";"TAB_IX_B1_1_3_COMPRA_MAX";0;""
"IX";"2026-08";"conversao_invalida";"TAB_IX_B1_2_1_VENDA_MIN";0;""
"IX";"2026-08";"conversao_invalida";"TAB_IX_B1_2_2_VENDA_MEDIA";0;""
"IX";"2026-08";"conversao_invalida";"TAB_IX_B1_2_3_VENDA_MAX";0;""
"IX";"2026-08";"conversao_invalida";"TAB_IX_B2_1_1_COMPRA_MIN";0;""
"IX";"2026-08";"conversao_invalida";"TAB_IX_B2_1_2_COMPRA_MEDIA";0;""
"IX";"2026-08";"conversao_invalida";"TAB_IX_B2_1_3_COMPRA_MAX";0;""
"IX";"2026-08";"conversao_invalida";"TAB_IX_B2_2_1_VENDA_MIN";0;""
"IX";"2026-08";"conversao_invalida";"TAB_IX_B2_2_2_VENDA_MEDIA";0;""
"IX";"2026-08";"conversao_invalida";"TAB_IX_B2_2_3_VENDA_MAX";0;""
"IX";"2026-08";"conversao_invalida";"TAB_IX_C1_1_1_COMPRA_MIN";0;""
"IX";"2026-08";"conversao_invalida";"TAB_IX_C1_1_2_COMPRA_MEDIA";0;""
"IX";"2026-08";"conversao_invalida";"TAB_IX_C1_1_3_COMPRA_MAX";0;""
"IX";"2026-08";"conversao_invalida";"TAB_IX_C1_2_1_VENDA_MIN";0;""
"IX";"2026-08";"conversao_invalida";"TAB_IX_C1_2_2_VENDA_MEDIA";0;""
"IX";"2026-08";"conversao_invalida";"TAB_IX_C1_2_3_VENDA_MAX";0;""
"IX";"2026-08";"conversao_invalida";"TAB_IX_C2_1_1_COMPRA_MIN";0;""
"IX";"2026-08";"conversao_invalida";"TAB_IX_C2_1_2_COMPRA_MEDIA";0;""
"IX";"2026-08";"conversao_invalida";"TAB_IX_C2_1_3_COMPRA_MAX";0;""
"IX";"2026-08";"conversao_invalida";"TAB_IX_C2_2_1_VENDA_MIN";0;""
"IX";"2026-08";"conversao_invalida";"TAB_IX_C2_2_2_VENDA_MEDIA";0;""
"IX";"2026-08";"conversao_invalida";"TAB_IX_C2_2_3_VENDA_MAX";0;""
"IX";"2026-08";"conversao_invalida";"TAB_IX_D1_1_1_COMPRA_MIN";0;""
"IX";"2026-08";"conversao_invalida";"TAB_IX_D1_1_2_COMPRA_MEDIA";0;""
"IX";"2026-08";"conversao_invalida";"TAB_IX_D1_1_3_COMPRA_MAX";0;""
"IX";"2026-08";"conversao_invalida";"TAB_IX_D1_2_1_VENDA_MIN";0;""
"IX";"2026-08";"conversao_invalida";"TAB_IX_D1_2_2_VENDA_MEDIA";0;""
"IX";"2026-08";"conversao_invalida";"TAB_IX_D1_2_3_VENDA_MAX";0;""
"IX";"2026-08";"conversao_invalida";"TAB_IX_D2_1_1_COMPRA_MIN";0;""
"IX";"2026-08";"conversao_invalida";"TAB_IX_D2_1_2_COMPRA_MEDIA";0;""
"IX";"2026-08";"conversao_invalida";"TAB_IX_D2_1_3_COMPRA_MAX";0;""
"IX";"2026-08";"conversao_invalida";"TAB_IX_D2_2_1_VENDA_MIN";0;""
"IX";"2026-08";"conversao_invalida";"TAB_IX_D2_2_2_VENDA_MEDIA";0;""
"IX";"2026-08";"conversao_invalida";"TAB_IX_D2_2_3_VENDA_MAX";0;""
"IX";"2026-08";"conversao_invalida";"TAB_IX_E1_1_1_COMPRA_MIN";0;""
"IX";"2026-08";"conversao_invalida";"TAB_IX_E1_1_2_COMPRA_MEDIA";0;""
"IX";"2026-08";"conversao_invalida";"TAB_IX_E1_1_3_COMPRA_MAX";0;""
"IX";"2026-08";"conversao_invalida";"TAB_IX_E1_2_1_VENDA_MIN";0;""
"IX";"2026-08";"conversao_invalida";"TAB_IX_E1_2_2_VENDA_MEDIA";0;""
"IX";"2026-08";"conversao_invalida";"TAB_IX_E1_2_3_VENDA_MAX";0;""
"IX";"2026-08";"conversao_invalida";"TAB_IX_E2_1_1_COMPRA_MIN";0;""
"IX";"2026-08";"conversao_invalida";"TAB_IX_E2_1_2_COMPRA_MEDIA";0;""
"IX";"2026-08";"conversao_invalida";"TAB_IX_E2_1_3_COMPRA_MAX";0;""
"IX";"2026-08";"conversao_invalida";"TAB_IX_E2_2_1_VENDA_MIN";0;""
"IX";"2026-08";"conversao_invalida";"TAB_IX_E2_2_2_VENDA_MEDIA";0;""
"IX";"2026-08";"conversao_invalida";"TAB_IX_E2_2_3_VENDA_MAX";0;""
"IX";"2026-08";"conversao_invalida";"TAB_IX_F1_1_1_COMPRA_MIN";0;""
"IX";"2026-08";"conversao_invalida";"TAB_IX_F1_1_2_COMPRA_MEDIA";0;""
"IX";"2026-08";"conversao_invalida";"TAB_IX_F1_1_3_COMPRA_MAX";0;""
"IX";"2026-08";"conversao_invalida";"TAB_IX_F1_2_1_VENDA_MIN";0;""
"IX";"2026-08";"conversao_invalida";"TAB_IX_F1_2_2_VENDA_MEDIA";0;""
"IX";"2026-08";"conversao_invalida";"TAB_IX_F1_2_3_VENDA_MAX";0;""
"IX";"2026-08";"conversao_invalida";"TAB_IX_F2_1_1_COMPRA_MIN";0;""
"IX";"2026-08";"conversao_invalida";"TAB_IX_F2_1_2_COMPRA_MEDIA";0;""
"IX";"2026-08";"conversao_invalida";"TAB_IX_F2_1_3_COMPRA_MAX";0;""
"IX";"2026-08";"conversao_invalida";"TAB_IX_F2_2_1_VENDA_MIN";0;""
"IX";"2026-08";"conversao_invalida";"TAB_IX_F2_2_2_VENDA_MEDIA";0;""
"IX";"2026-08";"conversao_invalida";"TAB_IX_F2_2_3_VENDA_MAX";0;""
"IX";"2026-08";"unidades_e_escala";"";0;"Não confirmadas, valores originais preservados"
"V";"2026-07";"registros";"";4386;""
"V";"2026-07";"data_invalida";"DT_COMPTC";0;""
"V";"2026-07";"identificador_vazio";"CNPJ_FUNDO_CLASSE";0;""
"V";"2026-07";"identificador_formato_invalido";"CNPJ_FUNDO_CLASSE";0;""
"V";"2026-07";"identificador_dv_invalido";"CNPJ_FUNDO_CLASSE";0;""
"V";"2026-07";"identificador_alfanumerico_nao_homologado";"CNPJ_FUNDO_CLASSE";0;"Preservado sem confirmação cadastral"
"V";"2026-07";"chaves_com_multiplas_linhas";"";0;""
"V";"2026-07";"repeticoes_integrais";"";0;""
"V";"2026-07";"conversao_invalida";"DT_COMPTC";0;""
"V";"2026-07";"conversao_invalida";"TAB_V_A_VL_DIRCRED_PRAZO";0;""
"V";"2026-07";"conversao_invalida";"TAB_V_A1_VL_PRAZO_VENC_30";0;""
"V";"2026-07";"conversao_invalida";"TAB_V_A10_VL_PRAZO_VENC_MAIOR_1080";0;""
"V";"2026-07";"conversao_invalida";"TAB_V_A2_VL_PRAZO_VENC_60";0;""
"V";"2026-07";"conversao_invalida";"TAB_V_A3_VL_PRAZO_VENC_90";0;""
"V";"2026-07";"conversao_invalida";"TAB_V_A4_VL_PRAZO_VENC_120";0;""
"V";"2026-07";"conversao_invalida";"TAB_V_A5_VL_PRAZO_VENC_150";0;""
"V";"2026-07";"conversao_invalida";"TAB_V_A6_VL_PRAZO_VENC_180";0;""
"V";"2026-07";"conversao_invalida";"TAB_V_A7_VL_PRAZO_VENC_360";0;""
"V";"2026-07";"conversao_invalida";"TAB_V_A8_VL_PRAZO_VENC_720";0;""
"V";"2026-07";"conversao_invalida";"TAB_V_A9_VL_PRAZO_VENC_1080";0;""
"V";"2026-07";"conversao_invalida";"TAB_V_B_VL_DIRCRED_INAD";0;""
"V";"2026-07";"conversao_invalida";"TAB_V_B1_VL_INAD_30";0;""
"V";"2026-07";"conversao_invalida";"TAB_V_B10_VL_INAD_MAIOR_1080";0;""
"V";"2026-07";"conversao_invalida";"TAB_V_B2_VL_INAD_60";0;""
"V";"2026-07";"conversao_invalida";"TAB_V_B3_VL_INAD_90";0;""
"V";"2026-07";"conversao_invalida";"TAB_V_B4_VL_INAD_120";0;""
"V";"2026-07";"conversao_invalida";"TAB_V_B5_VL_INAD_150";0;""
"V";"2026-07";"conversao_invalida";"TAB_V_B6_VL_INAD_180";0;""
"V";"2026-07";"conversao_invalida";"TAB_V_B7_VL_INAD_360";0;""
"V";"2026-07";"conversao_invalida";"TAB_V_B8_VL_INAD_720";0;""
"V";"2026-07";"conversao_invalida";"TAB_V_B9_VL_INAD_1080";0;""
"V";"2026-07";"conversao_invalida";"TAB_V_C_VL_DIRCRED_ANTECIPADO";0;""
"V";"2026-07";"conversao_invalida";"TAB_V_C1_VL_ANTECIPADO_30";0;""
"V";"2026-07";"conversao_invalida";"TAB_V_C10_VL_ANTECIPADO_MAIOR_1080";0;""
"V";"2026-07";"conversao_invalida";"TAB_V_C2_VL_ANTECIPADO_60";0;""
"V";"2026-07";"conversao_invalida";"TAB_V_C3_VL_ANTECIPADO_90";0;""
"V";"2026-07";"conversao_invalida";"TAB_V_C4_VL_ANTECIPADO_120";0;""
"V";"2026-07";"conversao_invalida";"TAB_V_C5_VL_ANTECIPADO_150";0;""
"V";"2026-07";"conversao_invalida";"TAB_V_C6_VL_ANTECIPADO_180";0;""
"V";"2026-07";"conversao_invalida";"TAB_V_C7_VL_ANTECIPADO_360";0;""
"V";"2026-07";"conversao_invalida";"TAB_V_C8_VL_ANTECIPADO_720";0;""
"V";"2026-07";"conversao_invalida";"TAB_V_C9_VL_ANTECIPADO_1080";0;""
"V";"2026-07";"unidades_e_escala";"";0;"Não confirmadas, valores originais preservados"
"V";"2026-08";"registros";"";4397;""
"V";"2026-08";"data_invalida";"DT_COMPTC";0;""
"V";"2026-08";"identificador_vazio";"CNPJ_FUNDO_CLASSE";0;""
"V";"2026-08";"identificador_formato_invalido";"CNPJ_FUNDO_CLASSE";0;""
"V";"2026-08";"identificador_dv_invalido";"CNPJ_FUNDO_CLASSE";0;""
"V";"2026-08";"identificador_alfanumerico_nao_homologado";"CNPJ_FUNDO_CLASSE";0;"Preservado sem confirmação cadastral"
"V";"2026-08";"chaves_com_multiplas_linhas";"";0;""
"V";"2026-08";"repeticoes_integrais";"";0;""
"V";"2026-08";"conversao_invalida";"DT_COMPTC";0;""
"V";"2026-08";"conversao_invalida";"TAB_V_A_VL_DIRCRED_PRAZO";0;""
"V";"2026-08";"conversao_invalida";"TAB_V_A1_VL_PRAZO_VENC_30";0;""
"V";"2026-08";"conversao_invalida";"TAB_V_A10_VL_PRAZO_VENC_MAIOR_1080";0;""
"V";"2026-08";"conversao_invalida";"TAB_V_A2_VL_PRAZO_VENC_60";0;""
"V";"2026-08";"conversao_invalida";"TAB_V_A3_VL_PRAZO_VENC_90";0;""
"V";"2026-08";"conversao_invalida";"TAB_V_A4_VL_PRAZO_VENC_120";0;""
"V";"2026-08";"conversao_invalida";"TAB_V_A5_VL_PRAZO_VENC_150";0;""
"V";"2026-08";"conversao_invalida";"TAB_V_A6_VL_PRAZO_VENC_180";0;""
"V";"2026-08";"conversao_invalida";"TAB_V_A7_VL_PRAZO_VENC_360";0;""
"V";"2026-08";"conversao_invalida";"TAB_V_A8_VL_PRAZO_VENC_720";0;""
"V";"2026-08";"conversao_invalida";"TAB_V_A9_VL_PRAZO_VENC_1080";0;""
"V";"2026-08";"conversao_invalida";"TAB_V_B_VL_DIRCRED_INAD";0;""
"V";"2026-08";"conversao_invalida";"TAB_V_B1_VL_INAD_30";0;""
"V";"2026-08";"conversao_invalida";"TAB_V_B10_VL_INAD_MAIOR_1080";0;""
"V";"2026-08";"conversao_invalida";"TAB_V_B2_VL_INAD_60";0;""
"V";"2026-08";"conversao_invalida";"TAB_V_B3_VL_INAD_90";0;""
"V";"2026-08";"conversao_invalida";"TAB_V_B4_VL_INAD_120";0;""
"V";"2026-08";"conversao_invalida";"TAB_V_B5_VL_INAD_150";0;""
"V";"2026-08";"conversao_invalida";"TAB_V_B6_VL_INAD_180";0;""
"V";"2026-08";"conversao_invalida";"TAB_V_B7_VL_INAD_360";0;""
"V";"2026-08";"conversao_invalida";"TAB_V_B8_VL_INAD_720";0;""
"V";"2026-08";"conversao_invalida";"TAB_V_B9_VL_INAD_1080";0;""
"V";"2026-08";"conversao_invalida";"TAB_V_C_VL_DIRCRED_ANTECIPADO";0;""
"V";"2026-08";"conversao_invalida";"TAB_V_C1_VL_ANTECIPADO_30";0;""
"V";"2026-08";"conversao_invalida";"TAB_V_C10_VL_ANTECIPADO_MAIOR_1080";0;""
"V";"2026-08";"conversao_invalida";"TAB_V_C2_VL_ANTECIPADO_60";0;""
"V";"2026-08";"conversao_invalida";"TAB_V_C3_VL_ANTECIPADO_90";0;""
"V";"2026-08";"conversao_invalida";"TAB_V_C4_VL_ANTECIPADO_120";0;""
"V";"2026-08";"conversao_invalida";"TAB_V_C5_VL_ANTECIPADO_150";0;""
"V";"2026-08";"conversao_invalida";"TAB_V_C6_VL_ANTECIPADO_180";0;""
"V";"2026-08";"conversao_invalida";"TAB_V_C7_VL_ANTECIPADO_360";0;""
"V";"2026-08";"conversao_invalida";"TAB_V_C8_VL_ANTECIPADO_720";0;""
"V";"2026-08";"conversao_invalida";"TAB_V_C9_VL_ANTECIPADO_1080";0;""
"V";"2026-08";"unidades_e_escala";"";0;"Não confirmadas, valores originais preservados"
"VI";"2026-07";"registros";"";4386;""
"VI";"2026-07";"data_invalida";"DT_COMPTC";0;""
"VI";"2026-07";"identificador_vazio";"CNPJ_FUNDO_CLASSE";0;""
"VI";"2026-07";"identificador_formato_invalido";"CNPJ_FUNDO_CLASSE";0;""
"VI";"2026-07";"identificador_dv_invalido";"CNPJ_FUNDO_CLASSE";0;""
"VI";"2026-07";"identificador_alfanumerico_nao_homologado";"CNPJ_FUNDO_CLASSE";0;"Preservado sem confirmação cadastral"
"VI";"2026-07";"chaves_com_multiplas_linhas";"";0;""
"VI";"2026-07";"repeticoes_integrais";"";0;""
"VI";"2026-07";"conversao_invalida";"DT_COMPTC";0;""
"VI";"2026-07";"conversao_invalida";"TAB_VI_A_VL_DIRCRED_PRAZO";0;""
"VI";"2026-07";"conversao_invalida";"TAB_VI_A1_VL_PRAZO_VENC_30";0;""
"VI";"2026-07";"conversao_invalida";"TAB_VI_A10_VL_PRAZO_VENC_MAIOR_1080";0;""
"VI";"2026-07";"conversao_invalida";"TAB_VI_A2_VL_PRAZO_VENC_60";0;""
"VI";"2026-07";"conversao_invalida";"TAB_VI_A3_VL_PRAZO_VENC_90";0;""
"VI";"2026-07";"conversao_invalida";"TAB_VI_A4_VL_PRAZO_VENC_120";0;""
"VI";"2026-07";"conversao_invalida";"TAB_VI_A5_VL_PRAZO_VENC_150";0;""
"VI";"2026-07";"conversao_invalida";"TAB_VI_A6_VL_PRAZO_VENC_180";0;""
"VI";"2026-07";"conversao_invalida";"TAB_VI_A7_VL_PRAZO_VENC_360";0;""
"VI";"2026-07";"conversao_invalida";"TAB_VI_A8_VL_PRAZO_VENC_720";0;""
"VI";"2026-07";"conversao_invalida";"TAB_VI_A9_VL_PRAZO_VENC_1080";0;""
"VI";"2026-07";"conversao_invalida";"TAB_VI_B_VL_DIRCRED_INAD";0;""
"VI";"2026-07";"conversao_invalida";"TAB_VI_B1_VL_INAD_30";0;""
"VI";"2026-07";"conversao_invalida";"TAB_VI_B10_VL_INAD_MAIOR_1080";0;""
"VI";"2026-07";"conversao_invalida";"TAB_VI_B2_VL_INAD_60";0;""
"VI";"2026-07";"conversao_invalida";"TAB_VI_B3_VL_INAD_90";0;""
"VI";"2026-07";"conversao_invalida";"TAB_VI_B4_VL_INAD_120";0;""
"VI";"2026-07";"conversao_invalida";"TAB_VI_B5_VL_INAD_150";0;""
"VI";"2026-07";"conversao_invalida";"TAB_VI_B6_VL_INAD_180";0;""
"VI";"2026-07";"conversao_invalida";"TAB_VI_B7_VL_INAD_360";0;""
"VI";"2026-07";"conversao_invalida";"TAB_VI_B8_VL_INAD_720";0;""
"VI";"2026-07";"conversao_invalida";"TAB_VI_B9_VL_INAD_1080";0;""
"VI";"2026-07";"conversao_invalida";"TAB_VI_C_VL_DIRCRED_ANTECIPADO";0;""
"VI";"2026-07";"conversao_invalida";"TAB_VI_C1_VL_ANTECIPADO_30";0;""
"VI";"2026-07";"conversao_invalida";"TAB_VI_C10_VL_ANTECIPADO_MAIOR_1080";0;""
"VI";"2026-07";"conversao_invalida";"TAB_VI_C2_VL_ANTECIPADO_60";0;""
"VI";"2026-07";"conversao_invalida";"TAB_VI_C3_VL_ANTECIPADO_90";0;""
"VI";"2026-07";"conversao_invalida";"TAB_VI_C4_VL_ANTECIPADO_120";0;""
"VI";"2026-07";"conversao_invalida";"TAB_VI_C5_VL_ANTECIPADO_150";0;""
"VI";"2026-07";"conversao_invalida";"TAB_VI_C6_VL_ANTECIPADO_180";0;""
"VI";"2026-07";"conversao_invalida";"TAB_VI_C7_VL_ANTECIPADO_360";0;""
"VI";"2026-07";"conversao_invalida";"TAB_VI_C8_VL_ANTECIPADO_720";0;""
"VI";"2026-07";"conversao_invalida";"TAB_VI_C9_VL_ANTECIPADO_1080";0;""
"VI";"2026-07";"unidades_e_escala";"";0;"Não confirmadas, valores originais preservados"
"VI";"2026-08";"registros";"";4397;""
"VI";"2026-08";"data_invalida";"DT_COMPTC";0;""
"VI";"2026-08";"identificador_vazio";"CNPJ_FUNDO_CLASSE";0;""
"VI";"2026-08";"identificador_formato_invalido";"CNPJ_FUNDO_CLASSE";0;""
"VI";"2026-08";"identificador_dv_invalido";"CNPJ_FUNDO_CLASSE";0;""
"VI";"2026-08";"identificador_alfanumerico_nao_homologado";"CNPJ_FUNDO_CLASSE";0;"Preservado sem confirmação cadastral"
"VI";"2026-08";"chaves_com_multiplas_linhas";"";0;""
"VI";"2026-08";"repeticoes_integrais";"";0;""
"VI";"2026-08";"conversao_invalida";"DT_COMPTC";0;""
"VI";"2026-08";"conversao_invalida";"TAB_VI_A_VL_DIRCRED_PRAZO";0;""
"VI";"2026-08";"conversao_invalida";"TAB_VI_A1_VL_PRAZO_VENC_30";0;""
"VI";"2026-08";"conversao_invalida";"TAB_VI_A10_VL_PRAZO_VENC_MAIOR_1080";0;""
"VI";"2026-08";"conversao_invalida";"TAB_VI_A2_VL_PRAZO_VENC_60";0;""
"VI";"2026-08";"conversao_invalida";"TAB_VI_A3_VL_PRAZO_VENC_90";0;""
"VI";"2026-08";"conversao_invalida";"TAB_VI_A4_VL_PRAZO_VENC_120";0;""
"VI";"2026-08";"conversao_invalida";"TAB_VI_A5_VL_PRAZO_VENC_150";0;""
"VI";"2026-08";"conversao_invalida";"TAB_VI_A6_VL_PRAZO_VENC_180";0;""
"VI";"2026-08";"conversao_invalida";"TAB_VI_A7_VL_PRAZO_VENC_360";0;""
"VI";"2026-08";"conversao_invalida";"TAB_VI_A8_VL_PRAZO_VENC_720";0;""
"VI";"2026-08";"conversao_invalida";"TAB_VI_A9_VL_PRAZO_VENC_1080";0;""
"VI";"2026-08";"conversao_invalida";"TAB_VI_B_VL_DIRCRED_INAD";0;""
"VI";"2026-08";"conversao_invalida";"TAB_VI_B1_VL_INAD_30";0;""
"VI";"2026-08";"conversao_invalida";"TAB_VI_B10_VL_INAD_MAIOR_1080";0;""
"VI";"2026-08";"conversao_invalida";"TAB_VI_B2_VL_INAD_60";0;""
"VI";"2026-08";"conversao_invalida";"TAB_VI_B3_VL_INAD_90";0;""
"VI";"2026-08";"conversao_invalida";"TAB_VI_B4_VL_INAD_120";0;""
"VI";"2026-08";"conversao_invalida";"TAB_VI_B5_VL_INAD_150";0;""
"VI";"2026-08";"conversao_invalida";"TAB_VI_B6_VL_INAD_180";0;""
"VI";"2026-08";"conversao_invalida";"TAB_VI_B7_VL_INAD_360";0;""
"VI";"2026-08";"conversao_invalida";"TAB_VI_B8_VL_INAD_720";0;""
"VI";"2026-08";"conversao_invalida";"TAB_VI_B9_VL_INAD_1080";0;""
"VI";"2026-08";"conversao_invalida";"TAB_VI_C_VL_DIRCRED_ANTECIPADO";0;""
"VI";"2026-08";"conversao_invalida";"TAB_VI_C1_VL_ANTECIPADO_30";0;""
"VI";"2026-08";"conversao_invalida";"TAB_VI_C10_VL_ANTECIPADO_MAIOR_1080";0;""
"VI";"2026-08";"conversao_invalida";"TAB_VI_C2_VL_ANTECIPADO_60";0;""
"VI";"2026-08";"conversao_invalida";"TAB_VI_C3_VL_ANTECIPADO_90";0;""
"VI";"2026-08";"conversao_invalida";"TAB_VI_C4_VL_ANTECIPADO_120";0;""
"VI";"2026-08";"conversao_invalida";"TAB_VI_C5_VL_ANTECIPADO_150";0;""
"VI";"2026-08";"conversao_invalida";"TAB_VI_C6_VL_ANTECIPADO_180";0;""
"VI";"2026-08";"conversao_invalida";"TAB_VI_C7_VL_ANTECIPADO_360";0;""
"VI";"2026-08";"conversao_invalida";"TAB_VI_C8_VL_ANTECIPADO_720";0;""
"VI";"2026-08";"conversao_invalida";"TAB_VI_C9_VL_ANTECIPADO_1080";0;""
"VI";"2026-08";"unidades_e_escala";"";0;"Não confirmadas, valores originais preservados"
"VII";"2026-07";"registros";"";4386;""
"VII";"2026-07";"data_invalida";"DT_COMPTC";0;""
"VII";"2026-07";"identificador_vazio";"CNPJ_FUNDO_CLASSE";0;""
"VII";"2026-07";"identificador_formato_invalido";"CNPJ_FUNDO_CLASSE";0;""
"VII";"2026-07";"identificador_dv_invalido";"CNPJ_FUNDO_CLASSE";0;""
"VII";"2026-07";"identificador_alfanumerico_nao_homologado";"CNPJ_FUNDO_CLASSE";0;"Preservado sem confirmação cadastral"
"VII";"2026-07";"chaves_com_multiplas_linhas";"";0;""
"VII";"2026-07";"repeticoes_integrais";"";0;""
"VII";"2026-07";"conversao_invalida";"DT_COMPTC";0;""
"VII";"2026-07";"conversao_invalida";"TAB_VII_A1_1_QT_DIRCRED_RISCO";0;""
"VII";"2026-07";"conversao_invalida";"TAB_VII_A1_2_VL_DIRCRED_RISCO";0;""
"VII";"2026-07";"conversao_invalida";"TAB_VII_A2_1_QT_DIRCRED_SEM_RISCO";0;""
"VII";"2026-07";"conversao_invalida";"TAB_VII_A2_2_VL_DIRCRED_SEM_RISCO";0;""
"VII";"2026-07";"conversao_invalida";"TAB_VII_A3_1_QT_DIRCRED_VENC_AD";0;""
"VII";"2026-07";"conversao_invalida";"TAB_VII_A3_2_VL_DIRCRED_VENC_AD";0;""
"VII";"2026-07";"conversao_invalida";"TAB_VII_A4_1_QT_DIRCRED_VENC_INAD";0;""
"VII";"2026-07";"conversao_invalida";"TAB_VII_A4_2_VL_DIRCRED_VENC_INAD";0;""
"VII";"2026-07";"conversao_invalida";"TAB_VII_A5_1_QT_DIRCRED_INAD";0;""
"VII";"2026-07";"conversao_invalida";"TAB_VII_A5_2_VL_DIRCRED_INAD";0;""
"VII";"2026-07";"conversao_invalida";"TAB_VII_B1_1_QT_CEDENTE";0;""
"VII";"2026-07";"conversao_invalida";"TAB_VII_B1_2_VL_CEDENTE";0;""
"VII";"2026-07";"conversao_invalida";"TAB_VII_B1_3_VL_CONTAB_CEDENTE";0;""
"VII";"2026-07";"conversao_invalida";"TAB_VII_B2_1_QT_PREST";0;""
"VII";"2026-07";"conversao_invalida";"TAB_VII_B2_2_VL_PREST";0;""
"VII";"2026-07";"conversao_invalida";"TAB_VII_B2_3_VL_CONTAB_PREST";0;""
"VII";"2026-07";"conversao_invalida";"TAB_VII_B3_1_QT_TERCEIRO";0;""
"VII";"2026-07";"conversao_invalida";"TAB_VII_B3_2_VL_TERCEIRO";0;""
"VII";"2026-07";"conversao_invalida";"TAB_VII_B3_3_VL_CONTAB_TERCEIRO";0;""
"VII";"2026-07";"conversao_invalida";"TAB_VII_C_1_QT_SUBST";0;""
"VII";"2026-07";"conversao_invalida";"TAB_VII_C_2_VL_SUBST";0;""
"VII";"2026-07";"conversao_invalida";"TAB_VII_C_3_VL_CONTAB_SUBST";0;""
"VII";"2026-07";"conversao_invalida";"TAB_VII_D_1_QT_RECOMPRA";0;""
"VII";"2026-07";"conversao_invalida";"TAB_VII_D_2_VL_RECOMPRA";0;""
"VII";"2026-07";"conversao_invalida";"TAB_VII_D_3_VL_CONTAB_RECOMPRA";0;""
"VII";"2026-07";"unidades_e_escala";"";0;"Não confirmadas, valores originais preservados"
"VII";"2026-08";"registros";"";4397;""
"VII";"2026-08";"data_invalida";"DT_COMPTC";0;""
"VII";"2026-08";"identificador_vazio";"CNPJ_FUNDO_CLASSE";0;""
"VII";"2026-08";"identificador_formato_invalido";"CNPJ_FUNDO_CLASSE";0;""
"VII";"2026-08";"identificador_dv_invalido";"CNPJ_FUNDO_CLASSE";0;""
"VII";"2026-08";"identificador_alfanumerico_nao_homologado";"CNPJ_FUNDO_CLASSE";0;"Preservado sem confirmação cadastral"
"VII";"2026-08";"chaves_com_multiplas_linhas";"";0;""
"VII";"2026-08";"repeticoes_integrais";"";0;""
"VII";"2026-08";"conversao_invalida";"DT_COMPTC";0;""
"VII";"2026-08";"conversao_invalida";"TAB_VII_A1_1_QT_DIRCRED_RISCO";0;""
"VII";"2026-08";"conversao_invalida";"TAB_VII_A1_2_VL_DIRCRED_RISCO";0;""
"VII";"2026-08";"conversao_invalida";"TAB_VII_A2_1_QT_DIRCRED_SEM_RISCO";0;""
"VII";"2026-08";"conversao_invalida";"TAB_VII_A2_2_VL_DIRCRED_SEM_RISCO";0;""
"VII";"2026-08";"conversao_invalida";"TAB_VII_A3_1_QT_DIRCRED_VENC_AD";0;""
"VII";"2026-08";"conversao_invalida";"TAB_VII_A3_2_VL_DIRCRED_VENC_AD";0;""
"VII";"2026-08";"conversao_invalida";"TAB_VII_A4_1_QT_DIRCRED_VENC_INAD";0;""
"VII";"2026-08";"conversao_invalida";"TAB_VII_A4_2_VL_DIRCRED_VENC_INAD";0;""
"VII";"2026-08";"conversao_invalida";"TAB_VII_A5_1_QT_DIRCRED_INAD";0;""
"VII";"2026-08";"conversao_invalida";"TAB_VII_A5_2_VL_DIRCRED_INAD";0;""
"VII";"2026-08";"conversao_invalida";"TAB_VII_B1_1_QT_CEDENTE";0;""
"VII";"2026-08";"conversao_invalida";"TAB_VII_B1_2_VL_CEDENTE";0;""
"VII";"2026-08";"conversao_invalida";"TAB_VII_B1_3_VL_CONTAB_CEDENTE";0;""
"VII";"2026-08";"conversao_invalida";"TAB_VII_B2_1_QT_PREST";0;""
"VII";"2026-08";"conversao_invalida";"TAB_VII_B2_2_VL_PREST";0;""
"VII";"2026-08";"conversao_invalida";"TAB_VII_B2_3_VL_CONTAB_PREST";0;""
"VII";"2026-08";"conversao_invalida";"TAB_VII_B3_1_QT_TERCEIRO";0;""
"VII";"2026-08";"conversao_invalida";"TAB_VII_B3_2_VL_TERCEIRO";0;""
"VII";"2026-08";"conversao_invalida";"TAB_VII_B3_3_VL_CONTAB_TERCEIRO";0;""
"VII";"2026-08";"conversao_invalida";"TAB_VII_C_1_QT_SUBST";0;""
"VII";"2026-08";"conversao_invalida";"TAB_VII_C_2_VL_SUBST";0;""
"VII";"2026-08";"conversao_invalida";"TAB_VII_C_3_VL_CONTAB_SUBST";0;""
"VII";"2026-08";"conversao_invalida";"TAB_VII_D_1_QT_RECOMPRA";0;""
"VII";"2026-08";"conversao_invalida";"TAB_VII_D_2_VL_RECOMPRA";0;""
"VII";"2026-08";"conversao_invalida";"TAB_VII_D_3_VL_CONTAB_RECOMPRA";0;""
"VII";"2026-08";"unidades_e_escala";"";0;"Não confirmadas, valores originais preservados"
"VIII";"2026-07";"registros";"";41248;""
"VIII";"2026-07";"data_invalida";"DT_COMPTC";0;""
"VIII";"2026-07";"identificador_vazio";"CNPJ_FUNDO_CLASSE";0;""
"VIII";"2026-07";"identificador_formato_invalido";"CNPJ_FUNDO_CLASSE";0;""
"VIII";"2026-07";"identificador_dv_invalido";"CNPJ_FUNDO_CLASSE";0;""
"VIII";"2026-07";"identificador_alfanumerico_nao_homologado";"CNPJ_FUNDO_CLASSE";0;"Preservado sem confirmação cadastral"
"VIII";"2026-07";"chaves_com_multiplas_linhas";"";2077;""
"VIII";"2026-07";"repeticoes_integrais";"";0;""
"VIII";"2026-07";"conversao_invalida";"DT_COMPTC";0;""
"VIII";"2026-07";"conversao_invalida";"VALOR";0;""
"VIII";"2026-07";"unidades_e_escala";"";0;"Não confirmadas, valores originais preservados"
"VIII";"2026-08";"registros";"";42796;""
"VIII";"2026-08";"data_invalida";"DT_COMPTC";0;""
"VIII";"2026-08";"identificador_vazio";"CNPJ_FUNDO_CLASSE";0;""
"VIII";"2026-08";"identificador_formato_invalido";"CNPJ_FUNDO_CLASSE";0;""
"VIII";"2026-08";"identificador_dv_invalido";"CNPJ_FUNDO_CLASSE";0;""
"VIII";"2026-08";"identificador_alfanumerico_nao_homologado";"CNPJ_FUNDO_CLASSE";0;"Preservado sem confirmação cadastral"
"VIII";"2026-08";"chaves_com_multiplas_linhas";"";2150;""
"VIII";"2026-08";"repeticoes_integrais";"";0;""
"VIII";"2026-08";"conversao_invalida";"DT_COMPTC";0;""
"VIII";"2026-08";"conversao_invalida";"VALOR";0;""
"VIII";"2026-08";"unidades_e_escala";"";0;"Não confirmadas, valores originais preservados"
"X";"2026-07";"registros";"";4386;""
"X";"2026-07";"data_invalida";"DT_COMPTC";0;""
"X";"2026-07";"identificador_vazio";"CNPJ_FUNDO_CLASSE";0;""
"X";"2026-07";"identificador_formato_invalido";"CNPJ_FUNDO_CLASSE";0;""
"X";"2026-07";"identificador_dv_invalido";"CNPJ_FUNDO_CLASSE";0;""
"X";"2026-07";"identificador_alfanumerico_nao_homologado";"CNPJ_FUNDO_CLASSE";0;"Preservado sem confirmação cadastral"
"X";"2026-07";"chaves_com_multiplas_linhas";"";0;""
"X";"2026-07";"repeticoes_integrais";"";0;""
"X";"2026-07";"conversao_invalida";"DT_COMPTC";0;""
"X";"2026-07";"conversao_invalida";"TAB_X_DEBITO_TRIBUT";0;""
"X";"2026-07";"conversao_invalida";"TAB_X_SCR_RISCO_DEVEDOR_A";0;""
"X";"2026-07";"conversao_invalida";"TAB_X_SCR_RISCO_DEVEDOR_AA";0;""
"X";"2026-07";"conversao_invalida";"TAB_X_SCR_RISCO_DEVEDOR_B";0;""
"X";"2026-07";"conversao_invalida";"TAB_X_SCR_RISCO_DEVEDOR_C";0;""
"X";"2026-07";"conversao_invalida";"TAB_X_SCR_RISCO_DEVEDOR_D";0;""
"X";"2026-07";"conversao_invalida";"TAB_X_SCR_RISCO_DEVEDOR_E";0;""
"X";"2026-07";"conversao_invalida";"TAB_X_SCR_RISCO_DEVEDOR_F";0;""
"X";"2026-07";"conversao_invalida";"TAB_X_SCR_RISCO_DEVEDOR_G";0;""
"X";"2026-07";"conversao_invalida";"TAB_X_SCR_RISCO_DEVEDOR_H";0;""
"X";"2026-07";"conversao_invalida";"TAB_X_SCR_RISCO_OPER_A";0;""
"X";"2026-07";"conversao_invalida";"TAB_X_SCR_RISCO_OPER_AA";0;""
"X";"2026-07";"conversao_invalida";"TAB_X_SCR_RISCO_OPER_B";0;""
"X";"2026-07";"conversao_invalida";"TAB_X_SCR_RISCO_OPER_C";0;""
"X";"2026-07";"conversao_invalida";"TAB_X_SCR_RISCO_OPER_D";0;""
"X";"2026-07";"conversao_invalida";"TAB_X_SCR_RISCO_OPER_E";0;""
"X";"2026-07";"conversao_invalida";"TAB_X_SCR_RISCO_OPER_F";0;""
"X";"2026-07";"conversao_invalida";"TAB_X_SCR_RISCO_OPER_G";0;""
"X";"2026-07";"conversao_invalida";"TAB_X_SCR_RISCO_OPER_H";0;""
"X";"2026-07";"unidades_e_escala";"";0;"Não confirmadas, valores originais preservados"
"X";"2026-08";"registros";"";4397;""
"X";"2026-08";"data_invalida";"DT_COMPTC";0;""
"X";"2026-08";"identificador_vazio";"CNPJ_FUNDO_CLASSE";0;""
"X";"2026-08";"identificador_formato_invalido";"CNPJ_FUNDO_CLASSE";0;""
"X";"2026-08";"identificador_dv_invalido";"CNPJ_FUNDO_CLASSE";0;""
"X";"2026-08";"identificador_alfanumerico_nao_homologado";"CNPJ_FUNDO_CLASSE";0;"Preservado sem confirmação cadastral"
"X";"2026-08";"chaves_com_multiplas_linhas";"";0;""
"X";"2026-08";"repeticoes_integrais";"";0;""
"X";"2026-08";"conversao_invalida";"DT_COMPTC";0;""
"X";"2026-08";"conversao_invalida";"TAB_X_DEBITO_TRIBUT";0;""
"X";"2026-08";"conversao_invalida";"TAB_X_SCR_RISCO_DEVEDOR_A";0;""
"X";"2026-08";"conversao_invalida";"TAB_X_SCR_RISCO_DEVEDOR_AA";0;""
"X";"2026-08";"conversao_invalida";"TAB_X_SCR_RISCO_DEVEDOR_B";0;""
"X";"2026-08";"conversao_invalida";"TAB_X_SCR_RISCO_DEVEDOR_C";0;""
"X";"2026-08";"conversao_invalida";"TAB_X_SCR_RISCO_DEVEDOR_D";0;""
"X";"2026-08";"conversao_invalida";"TAB_X_SCR_RISCO_DEVEDOR_E";0;""
"X";"2026-08";"conversao_invalida";"TAB_X_SCR_RISCO_DEVEDOR_F";0;""
"X";"2026-08";"conversao_invalida";"TAB_X_SCR_RISCO_DEVEDOR_G";0;""
"X";"2026-08";"conversao_invalida";"TAB_X_SCR_RISCO_DEVEDOR_H";0;""
"X";"2026-08";"conversao_invalida";"TAB_X_SCR_RISCO_OPER_A";0;""
"X";"2026-08";"conversao_invalida";"TAB_X_SCR_RISCO_OPER_AA";0;""
"X";"2026-08";"conversao_invalida";"TAB_X_SCR_RISCO_OPER_B";0;""
"X";"2026-08";"conversao_invalida";"TAB_X_SCR_RISCO_OPER_C";0;""
"X";"2026-08";"conversao_invalida";"TAB_X_SCR_RISCO_OPER_D";0;""
"X";"2026-08";"conversao_invalida";"TAB_X_SCR_RISCO_OPER_E";0;""
"X";"2026-08";"conversao_invalida";"TAB_X_SCR_RISCO_OPER_F";0;""
"X";"2026-08";"conversao_invalida";"TAB_X_SCR_RISCO_OPER_G";0;""
"X";"2026-08";"conversao_invalida";"TAB_X_SCR_RISCO_OPER_H";0;""
"X";"2026-08";"unidades_e_escala";"";0;"Não confirmadas, valores originais preservados"
"X_1";"2026-07";"registros";"";11790;""
"X_1";"2026-07";"campo_novo";"TP_FUNDO_CLASSE";11790;""
"X_1";"2026-07";"campo_novo";"CNPJ_FUNDO_CLASSE";11790;""
"X_1";"2026-07";"campo_novo";"ID_SUBCLASSE";11790;""
"X_1";"2026-07";"campo_ausente";"CNPJ_FUNDO";11790;""
"X_1";"2026-07";"data_invalida";"DT_COMPTC";0;""
"X_1";"2026-07";"identificador_vazio";"CNPJ_FUNDO_CLASSE";0;""
"X_1";"2026-07";"identificador_formato_invalido";"CNPJ_FUNDO_CLASSE";0;""
"X_1";"2026-07";"identificador_dv_invalido";"CNPJ_FUNDO_CLASSE";0;""
"X_1";"2026-07";"identificador_alfanumerico_nao_homologado";"CNPJ_FUNDO_CLASSE";0;"Preservado sem confirmação cadastral"
"X_1";"2026-07";"chaves_com_multiplas_linhas";"";2794;""
"X_1";"2026-07";"repeticoes_integrais";"";0;""
"X_1";"2026-07";"conversao_invalida";"DT_COMPTC";0;""
"X_1";"2026-07";"conversao_invalida";"TAB_X_NR_COTST";0;""
"X_1";"2026-07";"unidades_e_escala";"";0;"Não confirmadas, valores originais preservados"
"X_1";"2026-08";"registros";"";12021;""
"X_1";"2026-08";"campo_novo";"TP_FUNDO_CLASSE";12021;""
"X_1";"2026-08";"campo_novo";"CNPJ_FUNDO_CLASSE";12021;""
"X_1";"2026-08";"campo_novo";"ID_SUBCLASSE";12021;""
"X_1";"2026-08";"campo_ausente";"CNPJ_FUNDO";12021;""
"X_1";"2026-08";"data_invalida";"DT_COMPTC";0;""
"X_1";"2026-08";"identificador_vazio";"CNPJ_FUNDO_CLASSE";0;""
"X_1";"2026-08";"identificador_formato_invalido";"CNPJ_FUNDO_CLASSE";0;""
"X_1";"2026-08";"identificador_dv_invalido";"CNPJ_FUNDO_CLASSE";0;""
"X_1";"2026-08";"identificador_alfanumerico_nao_homologado";"CNPJ_FUNDO_CLASSE";0;"Preservado sem confirmação cadastral"
"X_1";"2026-08";"chaves_com_multiplas_linhas";"";2845;""
"X_1";"2026-08";"repeticoes_integrais";"";0;""
"X_1";"2026-08";"conversao_invalida";"DT_COMPTC";0;""
"X_1";"2026-08";"conversao_invalida";"TAB_X_NR_COTST";0;""
"X_1";"2026-08";"unidades_e_escala";"";0;"Não confirmadas, valores originais preservados"
"X_1_1";"2026-07";"registros";"";4386;""
"X_1_1";"2026-07";"data_invalida";"DT_COMPTC";0;""
"X_1_1";"2026-07";"identificador_vazio";"CNPJ_FUNDO_CLASSE";0;""
"X_1_1";"2026-07";"identificador_formato_invalido";"CNPJ_FUNDO_CLASSE";0;""
"X_1_1";"2026-07";"identificador_dv_invalido";"CNPJ_FUNDO_CLASSE";0;""
"X_1_1";"2026-07";"identificador_alfanumerico_nao_homologado";"CNPJ_FUNDO_CLASSE";0;"Preservado sem confirmação cadastral"
"X_1_1";"2026-07";"chaves_com_multiplas_linhas";"";0;""
"X_1_1";"2026-07";"repeticoes_integrais";"";0;""
"X_1_1";"2026-07";"conversao_invalida";"DT_COMPTC";0;""
"X_1_1";"2026-07";"conversao_invalida";"TAB_X_NR_COTST_SENIOR_BANCO";0;""
"X_1_1";"2026-07";"conversao_invalida";"TAB_X_NR_COTST_SENIOR_CAPITALIZ";0;""
"X_1_1";"2026-07";"conversao_invalida";"TAB_X_NR_COTST_SENIOR_CLUBE";0;""
"X_1_1";"2026-07";"conversao_invalida";"TAB_X_NR_COTST_SENIOR_CORRETORA_DISTRIB";0;""
"X_1_1";"2026-07";"conversao_invalida";"TAB_X_NR_COTST_SENIOR_COTA_FIDC";0;""
"X_1_1";"2026-07";"conversao_invalida";"TAB_X_NR_COTST_SENIOR_EAPC";0;""
"X_1_1";"2026-07";"conversao_invalida";"TAB_X_NR_COTST_SENIOR_EFPC";0;""
"X_1_1";"2026-07";"conversao_invalida";"TAB_X_NR_COTST_SENIOR_FII";0;""
"X_1_1";"2026-07";"conversao_invalida";"TAB_X_NR_COTST_SENIOR_INVNR";0;""
"X_1_1";"2026-07";"conversao_invalida";"TAB_X_NR_COTST_SENIOR_OUTRO";0;""
"X_1_1";"2026-07";"conversao_invalida";"TAB_X_NR_COTST_SENIOR_OUTRO_FI";0;""
"X_1_1";"2026-07";"conversao_invalida";"TAB_X_NR_COTST_SENIOR_PF";0;""
"X_1_1";"2026-07";"conversao_invalida";"TAB_X_NR_COTST_SENIOR_PJ_FINANC";0;""
"X_1_1";"2026-07";"conversao_invalida";"TAB_X_NR_COTST_SENIOR_PJ_NAO_FINANC";0;""
"X_1_1";"2026-07";"conversao_invalida";"TAB_X_NR_COTST_SENIOR_RPPS";0;""
"X_1_1";"2026-07";"conversao_invalida";"TAB_X_NR_COTST_SENIOR_SEGUR";0;""
"X_1_1";"2026-07";"conversao_invalida";"TAB_X_NR_COTST_SUBORD_BANCO";0;""
"X_1_1";"2026-07";"conversao_invalida";"TAB_X_NR_COTST_SUBORD_CAPITALIZ";0;""
"X_1_1";"2026-07";"conversao_invalida";"TAB_X_NR_COTST_SUBORD_CLUBE";0;""
"X_1_1";"2026-07";"conversao_invalida";"TAB_X_NR_COTST_SUBORD_CORRETORA_DISTRIB";0;""
"X_1_1";"2026-07";"conversao_invalida";"TAB_X_NR_COTST_SUBORD_COTA_FIDC";0;""
"X_1_1";"2026-07";"conversao_invalida";"TAB_X_NR_COTST_SUBORD_EAPC";0;""
"X_1_1";"2026-07";"conversao_invalida";"TAB_X_NR_COTST_SUBORD_EFPC";0;""
"X_1_1";"2026-07";"conversao_invalida";"TAB_X_NR_COTST_SUBORD_FII";0;""
"X_1_1";"2026-07";"conversao_invalida";"TAB_X_NR_COTST_SUBORD_INVNR";0;""
"X_1_1";"2026-07";"conversao_invalida";"TAB_X_NR_COTST_SUBORD_OUTRO";0;""
"X_1_1";"2026-07";"conversao_invalida";"TAB_X_NR_COTST_SUBORD_OUTRO_FI";0;""
"X_1_1";"2026-07";"conversao_invalida";"TAB_X_NR_COTST_SUBORD_PF";0;""
"X_1_1";"2026-07";"conversao_invalida";"TAB_X_NR_COTST_SUBORD_PJ_FINANC";0;""
"X_1_1";"2026-07";"conversao_invalida";"TAB_X_NR_COTST_SUBORD_PJ_NAO_FINANC";0;""
"X_1_1";"2026-07";"conversao_invalida";"TAB_X_NR_COTST_SUBORD_RPPS";0;""
"X_1_1";"2026-07";"conversao_invalida";"TAB_X_NR_COTST_SUBORD_SEGUR";0;""
"X_1_1";"2026-07";"unidades_e_escala";"";0;"Não confirmadas, valores originais preservados"
"X_1_1";"2026-08";"registros";"";4397;""
"X_1_1";"2026-08";"data_invalida";"DT_COMPTC";0;""
"X_1_1";"2026-08";"identificador_vazio";"CNPJ_FUNDO_CLASSE";0;""
"X_1_1";"2026-08";"identificador_formato_invalido";"CNPJ_FUNDO_CLASSE";0;""
"X_1_1";"2026-08";"identificador_dv_invalido";"CNPJ_FUNDO_CLASSE";0;""
"X_1_1";"2026-08";"identificador_alfanumerico_nao_homologado";"CNPJ_FUNDO_CLASSE";0;"Preservado sem confirmação cadastral"
"X_1_1";"2026-08";"chaves_com_multiplas_linhas";"";0;""
"X_1_1";"2026-08";"repeticoes_integrais";"";0;""
"X_1_1";"2026-08";"conversao_invalida";"DT_COMPTC";0;""
"X_1_1";"2026-08";"conversao_invalida";"TAB_X_NR_COTST_SENIOR_BANCO";0;""
"X_1_1";"2026-08";"conversao_invalida";"TAB_X_NR_COTST_SENIOR_CAPITALIZ";0;""
"X_1_1";"2026-08";"conversao_invalida";"TAB_X_NR_COTST_SENIOR_CLUBE";0;""
"X_1_1";"2026-08";"conversao_invalida";"TAB_X_NR_COTST_SENIOR_CORRETORA_DISTRIB";0;""
"X_1_1";"2026-08";"conversao_invalida";"TAB_X_NR_COTST_SENIOR_COTA_FIDC";0;""
"X_1_1";"2026-08";"conversao_invalida";"TAB_X_NR_COTST_SENIOR_EAPC";0;""
"X_1_1";"2026-08";"conversao_invalida";"TAB_X_NR_COTST_SENIOR_EFPC";0;""
"X_1_1";"2026-08";"conversao_invalida";"TAB_X_NR_COTST_SENIOR_FII";0;""
"X_1_1";"2026-08";"conversao_invalida";"TAB_X_NR_COTST_SENIOR_INVNR";0;""
"X_1_1";"2026-08";"conversao_invalida";"TAB_X_NR_COTST_SENIOR_OUTRO";0;""
"X_1_1";"2026-08";"conversao_invalida";"TAB_X_NR_COTST_SENIOR_OUTRO_FI";0;""
"X_1_1";"2026-08";"conversao_invalida";"TAB_X_NR_COTST_SENIOR_PF";0;""
"X_1_1";"2026-08";"conversao_invalida";"TAB_X_NR_COTST_SENIOR_PJ_FINANC";0;""
"X_1_1";"2026-08";"conversao_invalida";"TAB_X_NR_COTST_SENIOR_PJ_NAO_FINANC";0;""
"X_1_1";"2026-08";"conversao_invalida";"TAB_X_NR_COTST_SENIOR_RPPS";0;""
"X_1_1";"2026-08";"conversao_invalida";"TAB_X_NR_COTST_SENIOR_SEGUR";0;""
"X_1_1";"2026-08";"conversao_invalida";"TAB_X_NR_COTST_SUBORD_BANCO";0;""
"X_1_1";"2026-08";"conversao_invalida";"TAB_X_NR_COTST_SUBORD_CAPITALIZ";0;""
"X_1_1";"2026-08";"conversao_invalida";"TAB_X_NR_COTST_SUBORD_CLUBE";0;""
"X_1_1";"2026-08";"conversao_invalida";"TAB_X_NR_COTST_SUBORD_CORRETORA_DISTRIB";0;""
"X_1_1";"2026-08";"conversao_invalida";"TAB_X_NR_COTST_SUBORD_COTA_FIDC";0;""
"X_1_1";"2026-08";"conversao_invalida";"TAB_X_NR_COTST_SUBORD_EAPC";0;""
"X_1_1";"2026-08";"conversao_invalida";"TAB_X_NR_COTST_SUBORD_EFPC";0;""
"X_1_1";"2026-08";"conversao_invalida";"TAB_X_NR_COTST_SUBORD_FII";0;""
"X_1_1";"2026-08";"conversao_invalida";"TAB_X_NR_COTST_SUBORD_INVNR";0;""
"X_1_1";"2026-08";"conversao_invalida";"TAB_X_NR_COTST_SUBORD_OUTRO";0;""
"X_1_1";"2026-08";"conversao_invalida";"TAB_X_NR_COTST_SUBORD_OUTRO_FI";0;""
"X_1_1";"2026-08";"conversao_invalida";"TAB_X_NR_COTST_SUBORD_PF";0;""
"X_1_1";"2026-08";"conversao_invalida";"TAB_X_NR_COTST_SUBORD_PJ_FINANC";0;""
"X_1_1";"2026-08";"conversao_invalida";"TAB_X_NR_COTST_SUBORD_PJ_NAO_FINANC";0;""
"X_1_1";"2026-08";"conversao_invalida";"TAB_X_NR_COTST_SUBORD_RPPS";0;""
"X_1_1";"2026-08";"conversao_invalida";"TAB_X_NR_COTST_SUBORD_SEGUR";0;""
"X_1_1";"2026-08";"unidades_e_escala";"";0;"Não confirmadas, valores originais preservados"
"X_2";"2026-07";"registros";"";12375;""
"X_2";"2026-07";"campo_novo";"TP_FUNDO_CLASSE";12375;""
"X_2";"2026-07";"campo_novo";"CNPJ_FUNDO_CLASSE";12375;""
"X_2";"2026-07";"campo_ausente";"CNPJ_FUNDO";12375;""
"X_2";"2026-07";"data_invalida";"DT_COMPTC";0;""
"X_2";"2026-07";"identificador_vazio";"CNPJ_FUNDO_CLASSE";0;""
"X_2";"2026-07";"identificador_formato_invalido";"CNPJ_FUNDO_CLASSE";0;""
"X_2";"2026-07";"identificador_dv_invalido";"CNPJ_FUNDO_CLASSE";0;""
"X_2";"2026-07";"identificador_alfanumerico_nao_homologado";"CNPJ_FUNDO_CLASSE";0;"Preservado sem confirmação cadastral"
"X_2";"2026-07";"chaves_com_multiplas_linhas";"";3377;""
"X_2";"2026-07";"repeticoes_integrais";"";0;""
"X_2";"2026-07";"conversao_invalida";"DT_COMPTC";0;""
"X_2";"2026-07";"conversao_invalida";"TAB_X_QT_COTA";0;""
"X_2";"2026-07";"conversao_invalida";"TAB_X_VL_COTA";0;""
"X_2";"2026-07";"unidades_e_escala";"";0;"Não confirmadas, valores originais preservados"
"X_2";"2026-08";"registros";"";12534;""
"X_2";"2026-08";"campo_novo";"TP_FUNDO_CLASSE";12534;""
"X_2";"2026-08";"campo_novo";"CNPJ_FUNDO_CLASSE";12534;""
"X_2";"2026-08";"campo_ausente";"CNPJ_FUNDO";12534;""
"X_2";"2026-08";"data_invalida";"DT_COMPTC";0;""
"X_2";"2026-08";"identificador_vazio";"CNPJ_FUNDO_CLASSE";0;""
"X_2";"2026-08";"identificador_formato_invalido";"CNPJ_FUNDO_CLASSE";0;""
"X_2";"2026-08";"identificador_dv_invalido";"CNPJ_FUNDO_CLASSE";0;""
"X_2";"2026-08";"identificador_alfanumerico_nao_homologado";"CNPJ_FUNDO_CLASSE";0;"Preservado sem confirmação cadastral"
"X_2";"2026-08";"chaves_com_multiplas_linhas";"";3359;""
"X_2";"2026-08";"repeticoes_integrais";"";0;""
"X_2";"2026-08";"conversao_invalida";"DT_COMPTC";0;""
"X_2";"2026-08";"conversao_invalida";"TAB_X_QT_COTA";0;""
"X_2";"2026-08";"conversao_invalida";"TAB_X_VL_COTA";0;""
"X_2";"2026-08";"unidades_e_escala";"";0;"Não confirmadas, valores originais preservados"
"X_3";"2026-07";"registros";"";12378;""
"X_3";"2026-07";"campo_novo";"TP_FUNDO_CLASSE";12378;""
"X_3";"2026-07";"campo_novo";"CNPJ_FUNDO_CLASSE";12378;""
"X_3";"2026-07";"campo_ausente";"CNPJ_FUNDO";12378;""
"X_3";"2026-07";"data_invalida";"DT_COMPTC";0;""
"X_3";"2026-07";"identificador_vazio";"CNPJ_FUNDO_CLASSE";0;""
"X_3";"2026-07";"identificador_formato_invalido";"CNPJ_FUNDO_CLASSE";0;""
"X_3";"2026-07";"identificador_dv_invalido";"CNPJ_FUNDO_CLASSE";0;""
"X_3";"2026-07";"identificador_alfanumerico_nao_homologado";"CNPJ_FUNDO_CLASSE";0;"Preservado sem confirmação cadastral"
"X_3";"2026-07";"chaves_com_multiplas_linhas";"";3376;""
"X_3";"2026-07";"repeticoes_integrais";"";0;""
"X_3";"2026-07";"conversao_invalida";"DT_COMPTC";0;""
"X_3";"2026-07";"conversao_invalida";"TAB_X_VL_RENTAB_MES";0;""
"X_3";"2026-07";"unidades_e_escala";"";0;"Não confirmadas, valores originais preservados"
"X_3";"2026-08";"registros";"";12534;""
"X_3";"2026-08";"campo_novo";"TP_FUNDO_CLASSE";12534;""
"X_3";"2026-08";"campo_novo";"CNPJ_FUNDO_CLASSE";12534;""
"X_3";"2026-08";"campo_ausente";"CNPJ_FUNDO";12534;""
"X_3";"2026-08";"data_invalida";"DT_COMPTC";0;""
"X_3";"2026-08";"identificador_vazio";"CNPJ_FUNDO_CLASSE";0;""
"X_3";"2026-08";"identificador_formato_invalido";"CNPJ_FUNDO_CLASSE";0;""
"X_3";"2026-08";"identificador_dv_invalido";"CNPJ_FUNDO_CLASSE";0;""
"X_3";"2026-08";"identificador_alfanumerico_nao_homologado";"CNPJ_FUNDO_CLASSE";0;"Preservado sem confirmação cadastral"
"X_3";"2026-08";"chaves_com_multiplas_linhas";"";3356;""
"X_3";"2026-08";"repeticoes_integrais";"";0;""
"X_3";"2026-08";"conversao_invalida";"DT_COMPTC";0;""
"X_3";"2026-08";"conversao_invalida";"TAB_X_VL_RENTAB_MES";0;""
"X_3";"2026-08";"unidades_e_escala";"";0;"Não confirmadas, valores originais preservados"
"X_4";"2026-07";"registros";"";46976;""
"X_4";"2026-07";"campo_novo";"TP_FUNDO_CLASSE";46976;""
"X_4";"2026-07";"campo_novo";"CNPJ_FUNDO_CLASSE";46976;""
"X_4";"2026-07";"campo_ausente";"CNPJ_FUNDO";46976;""
"X_4";"2026-07";"data_invalida";"DT_COMPTC";0;""
"X_4";"2026-07";"identificador_vazio";"CNPJ_FUNDO_CLASSE";0;""
"X_4";"2026-07";"identificador_formato_invalido";"CNPJ_FUNDO_CLASSE";0;""
"X_4";"2026-07";"identificador_dv_invalido";"CNPJ_FUNDO_CLASSE";0;""
"X_4";"2026-07";"identificador_alfanumerico_nao_homologado";"CNPJ_FUNDO_CLASSE";0;"Preservado sem confirmação cadastral"
"X_4";"2026-07";"chaves_com_multiplas_linhas";"";4386;""
"X_4";"2026-07";"repeticoes_integrais";"";0;""
"X_4";"2026-07";"conversao_invalida";"DT_COMPTC";0;""
"X_4";"2026-07";"conversao_invalida";"TAB_X_QT_COTA";0;""
"X_4";"2026-07";"conversao_invalida";"TAB_X_VL_TOTAL";0;""
"X_4";"2026-07";"unidades_e_escala";"";0;"Não confirmadas, valores originais preservados"
"X_4";"2026-08";"registros";"";47939;""
"X_4";"2026-08";"campo_novo";"TP_FUNDO_CLASSE";47939;""
"X_4";"2026-08";"campo_novo";"CNPJ_FUNDO_CLASSE";47939;""
"X_4";"2026-08";"campo_ausente";"CNPJ_FUNDO";47939;""
"X_4";"2026-08";"data_invalida";"DT_COMPTC";0;""
"X_4";"2026-08";"identificador_vazio";"CNPJ_FUNDO_CLASSE";0;""
"X_4";"2026-08";"identificador_formato_invalido";"CNPJ_FUNDO_CLASSE";0;""
"X_4";"2026-08";"identificador_dv_invalido";"CNPJ_FUNDO_CLASSE";0;""
"X_4";"2026-08";"identificador_alfanumerico_nao_homologado";"CNPJ_FUNDO_CLASSE";0;"Preservado sem confirmação cadastral"
"X_4";"2026-08";"chaves_com_multiplas_linhas";"";4397;""
"X_4";"2026-08";"repeticoes_integrais";"";0;""
"X_4";"2026-08";"conversao_invalida";"DT_COMPTC";0;""
"X_4";"2026-08";"conversao_invalida";"TAB_X_QT_COTA";0;""
"X_4";"2026-08";"conversao_invalida";"TAB_X_VL_TOTAL";0;""
"X_4";"2026-08";"unidades_e_escala";"";0;"Não confirmadas, valores originais preservados"
"X_5";"2026-07";"registros";"";4386;""
"X_5";"2026-07";"data_invalida";"DT_COMPTC";0;""
"X_5";"2026-07";"identificador_vazio";"CNPJ_FUNDO_CLASSE";0;""
"X_5";"2026-07";"identificador_formato_invalido";"CNPJ_FUNDO_CLASSE";0;""
"X_5";"2026-07";"identificador_dv_invalido";"CNPJ_FUNDO_CLASSE";0;""
"X_5";"2026-07";"identificador_alfanumerico_nao_homologado";"CNPJ_FUNDO_CLASSE";0;"Preservado sem confirmação cadastral"
"X_5";"2026-07";"chaves_com_multiplas_linhas";"";0;""
"X_5";"2026-07";"repeticoes_integrais";"";0;""
"X_5";"2026-07";"conversao_invalida";"DT_COMPTC";0;""
"X_5";"2026-07";"conversao_invalida";"TAB_X_VL_LIQUIDEZ_0";0;""
"X_5";"2026-07";"conversao_invalida";"TAB_X_VL_LIQUIDEZ_180";0;""
"X_5";"2026-07";"conversao_invalida";"TAB_X_VL_LIQUIDEZ_30";0;""
"X_5";"2026-07";"conversao_invalida";"TAB_X_VL_LIQUIDEZ_360";0;""
"X_5";"2026-07";"conversao_invalida";"TAB_X_VL_LIQUIDEZ_60";0;""
"X_5";"2026-07";"conversao_invalida";"TAB_X_VL_LIQUIDEZ_90";0;""
"X_5";"2026-07";"conversao_invalida";"TAB_X_VL_LIQUIDEZ_MAIOR_360";0;""
"X_5";"2026-07";"unidades_e_escala";"";0;"Não confirmadas, valores originais preservados"
"X_5";"2026-08";"registros";"";4397;""
"X_5";"2026-08";"data_invalida";"DT_COMPTC";0;""
"X_5";"2026-08";"identificador_vazio";"CNPJ_FUNDO_CLASSE";0;""
"X_5";"2026-08";"identificador_formato_invalido";"CNPJ_FUNDO_CLASSE";0;""
"X_5";"2026-08";"identificador_dv_invalido";"CNPJ_FUNDO_CLASSE";0;""
"X_5";"2026-08";"identificador_alfanumerico_nao_homologado";"CNPJ_FUNDO_CLASSE";0;"Preservado sem confirmação cadastral"
"X_5";"2026-08";"chaves_com_multiplas_linhas";"";0;""
"X_5";"2026-08";"repeticoes_integrais";"";0;""
"X_5";"2026-08";"conversao_invalida";"DT_COMPTC";0;""
"X_5";"2026-08";"conversao_invalida";"TAB_X_VL_LIQUIDEZ_0";0;""
"X_5";"2026-08";"conversao_invalida";"TAB_X_VL_LIQUIDEZ_180";0;""
"X_5";"2026-08";"conversao_invalida";"TAB_X_VL_LIQUIDEZ_30";0;""
"X_5";"2026-08";"conversao_invalida";"TAB_X_VL_LIQUIDEZ_360";0;""
"X_5";"2026-08";"conversao_invalida";"TAB_X_VL_LIQUIDEZ_60";0;""
"X_5";"2026-08";"conversao_invalida";"TAB_X_VL_LIQUIDEZ_90";0;""
"X_5";"2026-08";"conversao_invalida";"TAB_X_VL_LIQUIDEZ_MAIOR_360";0;""
"X_5";"2026-08";"unidades_e_escala";"";0;"Não confirmadas, valores originais preservados"
"X_6";"2026-07";"registros";"";12178;""
"X_6";"2026-07";"campo_novo";"TP_FUNDO_CLASSE";12178;""
"X_6";"2026-07";"campo_novo";"CNPJ_FUNDO_CLASSE";12178;""
"X_6";"2026-07";"campo_ausente";"CNPJ_FUNDO";12178;""
"X_6";"2026-07";"data_invalida";"DT_COMPTC";0;""
"X_6";"2026-07";"identificador_vazio";"CNPJ_FUNDO_CLASSE";0;""
"X_6";"2026-07";"identificador_formato_invalido";"CNPJ_FUNDO_CLASSE";0;""
"X_6";"2026-07";"identificador_dv_invalido";"CNPJ_FUNDO_CLASSE";0;""
"X_6";"2026-07";"identificador_alfanumerico_nao_homologado";"CNPJ_FUNDO_CLASSE";0;"Preservado sem confirmação cadastral"
"X_6";"2026-07";"chaves_com_multiplas_linhas";"";3362;""
"X_6";"2026-07";"repeticoes_integrais";"";0;""
"X_6";"2026-07";"conversao_invalida";"DT_COMPTC";0;""
"X_6";"2026-07";"conversao_invalida";"TAB_X_PR_DESEMP_REAL";0;""
"X_6";"2026-07";"conversao_invalida";"TAB_X_PR_DESEMP_ESPERADO";0;""
"X_6";"2026-07";"unidades_e_escala";"";0;"Não confirmadas, valores originais preservados"
"X_6";"2026-08";"registros";"";12287;""
"X_6";"2026-08";"campo_novo";"TP_FUNDO_CLASSE";12287;""
"X_6";"2026-08";"campo_novo";"CNPJ_FUNDO_CLASSE";12287;""
"X_6";"2026-08";"campo_ausente";"CNPJ_FUNDO";12287;""
"X_6";"2026-08";"data_invalida";"DT_COMPTC";0;""
"X_6";"2026-08";"identificador_vazio";"CNPJ_FUNDO_CLASSE";0;""
"X_6";"2026-08";"identificador_formato_invalido";"CNPJ_FUNDO_CLASSE";0;""
"X_6";"2026-08";"identificador_dv_invalido";"CNPJ_FUNDO_CLASSE";0;""
"X_6";"2026-08";"identificador_alfanumerico_nao_homologado";"CNPJ_FUNDO_CLASSE";0;"Preservado sem confirmação cadastral"
"X_6";"2026-08";"chaves_com_multiplas_linhas";"";3289;""
"X_6";"2026-08";"repeticoes_integrais";"";0;""
"X_6";"2026-08";"conversao_invalida";"DT_COMPTC";0;""
"X_6";"2026-08";"conversao_invalida";"TAB_X_PR_DESEMP_REAL";0;""
"X_6";"2026-08";"conversao_invalida";"TAB_X_PR_DESEMP_ESPERADO";0;""
"X_6";"2026-08";"unidades_e_escala";"";0;"Não confirmadas, valores originais preservados"
"X_7";"2026-07";"registros";"";4386;""
"X_7";"2026-07";"data_invalida";"DT_COMPTC";0;""
"X_7";"2026-07";"identificador_vazio";"CNPJ_FUNDO_CLASSE";0;""
"X_7";"2026-07";"identificador_formato_invalido";"CNPJ_FUNDO_CLASSE";0;""
"X_7";"2026-07";"identificador_dv_invalido";"CNPJ_FUNDO_CLASSE";0;""
"X_7";"2026-07";"identificador_alfanumerico_nao_homologado";"CNPJ_FUNDO_CLASSE";0;"Preservado sem confirmação cadastral"
"X_7";"2026-07";"chaves_com_multiplas_linhas";"";0;""
"X_7";"2026-07";"repeticoes_integrais";"";0;""
"X_7";"2026-07";"conversao_invalida";"DT_COMPTC";0;""
"X_7";"2026-07";"conversao_invalida";"TAB_X_PR_GARANTIA_DIRCRED";0;""
"X_7";"2026-07";"conversao_invalida";"TAB_X_VL_GARANTIA_DIRCRED";0;""
"X_7";"2026-07";"unidades_e_escala";"";0;"Não confirmadas, valores originais preservados"
"X_7";"2026-08";"registros";"";4397;""
"X_7";"2026-08";"data_invalida";"DT_COMPTC";0;""
"X_7";"2026-08";"identificador_vazio";"CNPJ_FUNDO_CLASSE";0;""
"X_7";"2026-08";"identificador_formato_invalido";"CNPJ_FUNDO_CLASSE";0;""
"X_7";"2026-08";"identificador_dv_invalido";"CNPJ_FUNDO_CLASSE";0;""
"X_7";"2026-08";"identificador_alfanumerico_nao_homologado";"CNPJ_FUNDO_CLASSE";0;"Preservado sem confirmação cadastral"
"X_7";"2026-08";"chaves_com_multiplas_linhas";"";0;""
"X_7";"2026-08";"repeticoes_integrais";"";0;""
"X_7";"2026-08";"conversao_invalida";"DT_COMPTC";0;""
"X_7";"2026-08";"conversao_invalida";"TAB_X_PR_GARANTIA_DIRCRED";0;""
"X_7";"2026-08";"conversao_invalida";"TAB_X_VL_GARANTIA_DIRCRED";0;""
"X_7";"2026-08";"unidades_e_escala";"";0;"Não confirmadas, valores originais preservados"
