"tabela","campo","tipo","tamanho","precisao","scale","arquivo","descricao_ausente","dominio_ausente"
"I","ADMIN","varchar","100",,,"meta_inf_mensal_fidc_tab_I.txt","False","False"
"I","CLASSE","varchar","255",,,"meta_inf_mensal_fidc_tab_I.txt","False","False"
"I","CNPJ_ADMIN","varchar","18",,,"meta_inf_mensal_fidc_tab_I.txt","False","False"
"I","CNPJ_FUNDO_CLASSE","varchar","18",,,"meta_inf_mensal_fidc_tab_I.txt","False","False"
"I","CONDOM","varchar","255",,,"meta_inf_mensal_fidc_tab_I.txt","False","False"
"I","COTST_INTERESSE","varchar","1",,,"meta_inf_mensal_fidc_tab_I.txt","False","False"
"I","DENOM_SOCIAL","varchar","100",,,"meta_inf_mensal_fidc_tab_I.txt","False","False"
"I","DT_COMPTC","date","10",,,"meta_inf_mensal_fidc_tab_I.txt","False","False"
"I","FUNDO_EXCLUSIVO","varchar","1",,,"meta_inf_mensal_fidc_tab_I.txt","False","False"
"I","PRAZO_CONVERSAO_COTA","int",,"10","0","meta_inf_mensal_fidc_tab_I.txt","False","False"
"I","PRAZO_PAGTO_RESGATE","int",,"10","0","meta_inf_mensal_fidc_tab_I.txt","False","False"
"I","TAB_I_VL_ATIVO","numeric",,"38","2","meta_inf_mensal_fidc_tab_I.txt","False","False"
"I","TAB_I1_VL_DISP","numeric",,"17","2","meta_inf_mensal_fidc_tab_I.txt","False","False"
"I","TAB_I2_COTA_FIDC","numeric",,"17","2","meta_inf_mensal_fidc_tab_I.txt","False","False"
"I","TAB_I2_DEBENTURE_CRI","numeric",,"17","2","meta_inf_mensal_fidc_tab_I.txt","False","False"
"I","TAB_I2_VL_CARTEIRA","numeric",,"37","2","meta_inf_mensal_fidc_tab_I.txt","False","False"
"I","TAB_I2_VL_OUTRO_ATIVO","numeric",,"17","2","meta_inf_mensal_fidc_tab_I.txt","False","False"
"I","TAB_I2A_VL_DIRCRED_RISCO","numeric",,"22","2","meta_inf_mensal_fidc_tab_I.txt","False","False"
"I","TAB_I2A1_VL_CRED_VENC_AD","numeric",,"17","2","meta_inf_mensal_fidc_tab_I.txt","False","False"
"I","TAB_I2A10_VL_CRED_DIVERSO","numeric",,"17","2","meta_inf_mensal_fidc_tab_I.txt","False","False"
"I","TAB_I2A11_VL_REDUCAO_RECUP","numeric",,"17","2","meta_inf_mensal_fidc_tab_I.txt","False","False"
"I","TAB_I2A12_CPF_CNPJ_CEDENTE_1","varchar","255",,,"meta_inf_mensal_fidc_tab_I.txt","False","False"
"I","TAB_I2A12_CPF_CNPJ_CEDENTE_2","varchar","255",,,"meta_inf_mensal_fidc_tab_I.txt","False","False"
"I","TAB_I2A12_CPF_CNPJ_CEDENTE_3","varchar","255",,,"meta_inf_mensal_fidc_tab_I.txt","False","False"
"I","TAB_I2A12_CPF_CNPJ_CEDENTE_4","varchar","255",,,"meta_inf_mensal_fidc_tab_I.txt","False","False"
"I","TAB_I2A12_CPF_CNPJ_CEDENTE_5","varchar","255",,,"meta_inf_mensal_fidc_tab_I.txt","False","False"
"I","TAB_I2A12_CPF_CNPJ_CEDENTE_6","varchar","255",,,"meta_inf_mensal_fidc_tab_I.txt","False","False"
"I","TAB_I2A12_CPF_CNPJ_CEDENTE_7","varchar","255",,,"meta_inf_mensal_fidc_tab_I.txt","False","False"
"I","TAB_I2A12_CPF_CNPJ_CEDENTE_8","varchar","255",,,"meta_inf_mensal_fidc_tab_I.txt","False","False"
"I","TAB_I2A12_CPF_CNPJ_CEDENTE_9","varchar","255",,,"meta_inf_mensal_fidc_tab_I.txt","False","False"
"I","TAB_I2A12_PR_CEDENTE_1","numeric",,"17","2","meta_inf_mensal_fidc_tab_I.txt","False","False"
"I","TAB_I2A12_PR_CEDENTE_2","numeric",,"17","2","meta_inf_mensal_fidc_tab_I.txt","False","False"
"I","TAB_I2A12_PR_CEDENTE_3","numeric",,"17","2","meta_inf_mensal_fidc_tab_I.txt","False","False"
"I","TAB_I2A12_PR_CEDENTE_4","numeric",,"17","2","meta_inf_mensal_fidc_tab_I.txt","False","False"
"I","TAB_I2A12_PR_CEDENTE_5","numeric",,"17","2","meta_inf_mensal_fidc_tab_I.txt","False","False"
"I","TAB_I2A12_PR_CEDENTE_6","numeric",,"17","2","meta_inf_mensal_fidc_tab_I.txt","False","False"
"I","TAB_I2A12_PR_CEDENTE_7","numeric",,"17","2","meta_inf_mensal_fidc_tab_I.txt","False","False"
"I","TAB_I2A12_PR_CEDENTE_8","numeric",,"17","2","meta_inf_mensal_fidc_tab_I.txt","False","False"
"I","TAB_I2A12_PR_CEDENTE_9","numeric",,"17","2","meta_inf_mensal_fidc_tab_I.txt","False","False"
"I","TAB_I2A2_VL_CRED_VENC_INAD","numeric",,"17","2","meta_inf_mensal_fidc_tab_I.txt","False","False"
"I","TAB_I2A21_VL_TOTAL_PARCELA_INAD","numeric",,"17","2","meta_inf_mensal_fidc_tab_I.txt","False","False"
"I","TAB_I2A3_VL_CRED_INAD","numeric",,"17","2","meta_inf_mensal_fidc_tab_I.txt","False","False"
"I","TAB_I2A4_VL_CRED_DIRCRED_PERFM","numeric",,"17","2","meta_inf_mensal_fidc_tab_I.txt","False","False"
"I","TAB_I2A5_VL_CRED_VENCIDO_PENDENTE","numeric",,"17","2","meta_inf_mensal_fidc_tab_I.txt","False","False"
"I","TAB_I2A6_VL_CRED_EMP_RECUP","numeric",,"17","2","meta_inf_mensal_fidc_tab_I.txt","False","False"
"I","TAB_I2A7_VL_CRED_RECEITA_PUBLICA","numeric",,"17","2","meta_inf_mensal_fidc_tab_I.txt","False","False"
"I","TAB_I2A8_VL_CRED_ACAO_JUDIC","numeric",,"17","2","meta_inf_mensal_fidc_tab_I.txt","False","False"
"I","TAB_I2A9_VL_CRED_FATOR_RISCO","numeric",,"17","2","meta_inf_mensal_fidc_tab_I.txt","False","False"
"I","TAB_I2B_VL_DIRCRED_SEM_RISCO","numeric",,"17","2","meta_inf_mensal_fidc_tab_I.txt","False","False"
"I","TAB_I2B1_VL_CRED_VENC_AD","numeric",,"17","2","meta_inf_mensal_fidc_tab_I.txt","False","False"
"I","TAB_I2B10_VL_CRED_DIVERSO","numeric",,"17","2","meta_inf_mensal_fidc_tab_I.txt","False","False"
"I","TAB_I2B11_VL_REDUCAO_RECUP","numeric",,"17","2","meta_inf_mensal_fidc_tab_I.txt","False","False"
"I","TAB_I2B12_CPF_CNPJ_CEDENTE_1","varchar","255",,,"meta_inf_mensal_fidc_tab_I.txt","False","False"
"I","TAB_I2B12_CPF_CNPJ_CEDENTE_2","varchar","255",,,"meta_inf_mensal_fidc_tab_I.txt","False","False"
"I","TAB_I2B12_CPF_CNPJ_CEDENTE_3","varchar","255",,,"meta_inf_mensal_fidc_tab_I.txt","False","False"
"I","TAB_I2B12_CPF_CNPJ_CEDENTE_4","varchar","255",,,"meta_inf_mensal_fidc_tab_I.txt","False","False"
"I","TAB_I2B12_CPF_CNPJ_CEDENTE_5","varchar","255",,,"meta_inf_mensal_fidc_tab_I.txt","False","False"
"I","TAB_I2B12_CPF_CNPJ_CEDENTE_6","varchar","255",,,"meta_inf_mensal_fidc_tab_I.txt","False","False"
"I","TAB_I2B12_CPF_CNPJ_CEDENTE_7","varchar","255",,,"meta_inf_mensal_fidc_tab_I.txt","False","False"
"I","TAB_I2B12_CPF_CNPJ_CEDENTE_8","varchar","255",,,"meta_inf_mensal_fidc_tab_I.txt","False","False"
"I","TAB_I2B12_CPF_CNPJ_CEDENTE_9","varchar","255",,,"meta_inf_mensal_fidc_tab_I.txt","False","False"
"I","TAB_I2B12_PR_CEDENTE_1","numeric",,"17","2","meta_inf_mensal_fidc_tab_I.txt","False","False"
"I","TAB_I2B12_PR_CEDENTE_2","numeric",,"17","2","meta_inf_mensal_fidc_tab_I.txt","False","False"
"I","TAB_I2B12_PR_CEDENTE_3","numeric",,"17","2","meta_inf_mensal_fidc_tab_I.txt","False","False"
"I","TAB_I2B12_PR_CEDENTE_4","numeric",,"17","2","meta_inf_mensal_fidc_tab_I.txt","False","False"
"I","TAB_I2B12_PR_CEDENTE_5","numeric",,"17","2","meta_inf_mensal_fidc_tab_I.txt","False","False"
"I","TAB_I2B12_PR_CEDENTE_6","numeric",,"17","2","meta_inf_mensal_fidc_tab_I.txt","False","False"
"I","TAB_I2B12_PR_CEDENTE_7","numeric",,"17","2","meta_inf_mensal_fidc_tab_I.txt","False","False"
"I","TAB_I2B12_PR_CEDENTE_8","numeric",,"17","2","meta_inf_mensal_fidc_tab_I.txt","False","False"
"I","TAB_I2B12_PR_CEDENTE_9","numeric",,"17","2","meta_inf_mensal_fidc_tab_I.txt","False","False"
"I","TAB_I2B2_VL_CRED_VENC_INAD","numeric",,"17","2","meta_inf_mensal_fidc_tab_I.txt","False","False"
"I","TAB_I2B21_VL_TOTAL_PARCELA_INAD","numeric",,"17","2","meta_inf_mensal_fidc_tab_I.txt","False","False"
"I","TAB_I2B3_VL_CRED_INAD","numeric",,"17","2","meta_inf_mensal_fidc_tab_I.txt","False","False"
"I","TAB_I2B4_VL_CRED_DIRCRED_PERFM","numeric",,"17","2","meta_inf_mensal_fidc_tab_I.txt","False","False"
"I","TAB_I2B5_VL_CRED_VENCIDO_PENDENTE","numeric",,"17","2","meta_inf_mensal_fidc_tab_I.txt","False","False"
"I","TAB_I2B6_VL_CRED_EMP_RECUP","numeric",,"17","2","meta_inf_mensal_fidc_tab_I.txt","False","False"
"I","TAB_I2B7_VL_CRED_RECEITA_PUBLICA","numeric",,"17","2","meta_inf_mensal_fidc_tab_I.txt","False","False"
"I","TAB_I2B8_VL_CRED_ACAO_JUDIC","numeric",,"17","2","meta_inf_mensal_fidc_tab_I.txt","False","False"
"I","TAB_I2B9_VL_CRED_FATOR_RISCO","numeric",,"17","2","meta_inf_mensal_fidc_tab_I.txt","False","False"
"I","TAB_I2C_VL_VLMOB","numeric",,"22","2","meta_inf_mensal_fidc_tab_I.txt","False","False"
"I","TAB_I2C1_VL_DEBENTURE","numeric",,"17","2","meta_inf_mensal_fidc_tab_I.txt","False","False"
"I","TAB_I2C2_VL_CRI","numeric",,"17","2","meta_inf_mensal_fidc_tab_I.txt","False","False"
"I","TAB_I2C3_VL_NP_COMERC","numeric",,"17","2","meta_inf_mensal_fidc_tab_I.txt","False","False"
"I","TAB_I2C4_VL_LETRA_FINANC","numeric",,"17","2","meta_inf_mensal_fidc_tab_I.txt","False","False"
"I","TAB_I2C5_VL_COTA_FIF","numeric",,"17","2","meta_inf_mensal_fidc_tab_I.txt","False","False"
"I","TAB_I2C5_VL_COTA_FUNDO_ICVM555","numeric",,"17","2","meta_inf_mensal_fidc_tab_I.txt","False","False"
"I","TAB_I2C6_VL_OUTRO","numeric",,"17","2","meta_inf_mensal_fidc_tab_I.txt","False","False"
"I","TAB_I2D_VL_TITPUB_FED","numeric",,"17","2","meta_inf_mensal_fidc_tab_I.txt","False","False"
"I","TAB_I2E_VL_CDB","numeric",,"17","2","meta_inf_mensal_fidc_tab_I.txt","False","False"
"I","TAB_I2F_VL_OPER_COMPROM","numeric",,"17","2","meta_inf_mensal_fidc_tab_I.txt","False","False"
"I","TAB_I2G_VL_OUTRO_RF","numeric",,"17","2","meta_inf_mensal_fidc_tab_I.txt","False","False"
"I","TAB_I2H_VL_COTA_FIDC","numeric",,"17","2","meta_inf_mensal_fidc_tab_I.txt","False","False"
"I","TAB_I2I_VL_COTA_FIDC_NP","numeric",,"17","2","meta_inf_mensal_fidc_tab_I.txt","False","False"
"I","TAB_I2J_VL_CONTRATO_FUTURO","numeric",,"17","2","meta_inf_mensal_fidc_tab_I.txt","False","False"
"I","TAB_I3_VL_POSICAO_DERIV","numeric",,"20","2","meta_inf_mensal_fidc_tab_I.txt","False","False"
"I","TAB_I3A_VL_MERCADO_TERMO","numeric",,"17","2","meta_inf_mensal_fidc_tab_I.txt","False","False"
"I","TAB_I3B_VL_MERCADO_OPCAO","numeric",,"17","2","meta_inf_mensal_fidc_tab_I.txt","False","False"
"I","TAB_I3C_VL_MERCADO_FUTURO","numeric",,"17","2","meta_inf_mensal_fidc_tab_I.txt","False","False"
"I","TAB_I3D_VL_DIFER_SWAP","numeric",,"17","2","meta_inf_mensal_fidc_tab_I.txt","False","False"
"I","TAB_I3E_VL_COBERTURA","numeric",,"17","2","meta_inf_mensal_fidc_tab_I.txt","False","False"
"I","TAB_I3F_VL_DEPOSITO_MARGEM","numeric",,"17","2","meta_inf_mensal_fidc_tab_I.txt","False","False"
"I","TAB_I4_VL_OUTRO_ATIVO","numeric",,"17","2","meta_inf_mensal_fidc_tab_I.txt","False","False"
"I","TAB_I4A_VL_CPRAZO","numeric",,"17","2","meta_inf_mensal_fidc_tab_I.txt","False","False"
"I","TAB_I4B_VL_LPRAZO","numeric",,"17","2","meta_inf_mensal_fidc_tab_I.txt","False","False"
"I","TP_FUNDO_CLASSE","varchar","25",,,"meta_inf_mensal_fidc_tab_I.txt","False","False"
"I","TP_PRAZO_CONVERSAO_COTA","varchar","13",,,"meta_inf_mensal_fidc_tab_I.txt","False","False"
"I","TP_PRAZO_PAGTO_RESGATE","varchar","13",,,"meta_inf_mensal_fidc_tab_I.txt","False","False"
"I","CLASSE_UNICA","varchar","1",,,"meta_inf_mensal_fidc_tab_I.txt","True","True"
"I","CNPJ_CLASSE","varchar","50",,,"meta_inf_mensal_fidc_tab_I.txt","True","True"
"II","CNPJ_FUNDO_CLASSE","varchar","18",,,"meta_inf_mensal_fidc_tab_II.txt","False","False"
"II","DENOM_SOCIAL","varchar","100",,,"meta_inf_mensal_fidc_tab_II.txt","False","False"
"II","DT_COMPTC","date","10",,,"meta_inf_mensal_fidc_tab_II.txt","False","False"
"II","TAB_II_A_VL_INDUST","numeric",,"17","2","meta_inf_mensal_fidc_tab_II.txt","False","False"
"II","TAB_II_B_VL_IMOBIL","numeric",,"17","2","meta_inf_mensal_fidc_tab_II.txt","False","False"
"II","TAB_II_C_VL_COMERC","numeric",,"19","2","meta_inf_mensal_fidc_tab_II.txt","False","False"
"II","TAB_II_C1_VL_COMERC","numeric",,"17","2","meta_inf_mensal_fidc_tab_II.txt","False","False"
"II","TAB_II_C2_VL_VAREJO","numeric",,"17","2","meta_inf_mensal_fidc_tab_II.txt","False","False"
"II","TAB_II_C3_VL_ARREND","numeric",,"17","2","meta_inf_mensal_fidc_tab_II.txt","False","False"
"II","TAB_II_D_VL_SERV","numeric",,"20","2","meta_inf_mensal_fidc_tab_II.txt","False","False"
"II","TAB_II_D1_VL_SERV","numeric",,"17","2","meta_inf_mensal_fidc_tab_II.txt","False","False"
"II","TAB_II_D2_VL_SERV_PUBLICO","numeric",,"17","2","meta_inf_mensal_fidc_tab_II.txt","False","False"
"II","TAB_II_D3_VL_SERV_EDUC","numeric",,"17","2","meta_inf_mensal_fidc_tab_II.txt","False","False"
"II","TAB_II_D4_VL_ENTRET","numeric",,"17","2","meta_inf_mensal_fidc_tab_II.txt","False","False"
"II","TAB_II_E_VL_AGRONEG","numeric",,"17","2","meta_inf_mensal_fidc_tab_II.txt","False","False"
"II","TAB_II_F_VL_FINANC","numeric",,"24","2","meta_inf_mensal_fidc_tab_II.txt","False","False"
"II","TAB_II_F1_VL_CRED_PESSOA","numeric",,"17","2","meta_inf_mensal_fidc_tab_II.txt","False","False"
"II","TAB_II_F2_VL_CRED_PESSOA_CONSIG","numeric",,"17","2","meta_inf_mensal_fidc_tab_II.txt","False","False"
"II","TAB_II_F3_VL_CRED_CORP","numeric",,"17","2","meta_inf_mensal_fidc_tab_II.txt","False","False"
"II","TAB_II_F4_VL_MIDMARKET","numeric",,"17","2","meta_inf_mensal_fidc_tab_II.txt","False","False"
"II","TAB_II_F5_VL_VEICULO","numeric",,"17","2","meta_inf_mensal_fidc_tab_II.txt","False","False"
"II","TAB_II_F6_VL_IMOBIL_EMPRESA","numeric",,"17","2","meta_inf_mensal_fidc_tab_II.txt","False","False"
"II","TAB_II_F7_VL_IMOBIL_RESID","numeric",,"17","2","meta_inf_mensal_fidc_tab_II.txt","False","False"
"II","TAB_II_F8_VL_OUTRO","numeric",,"17","2","meta_inf_mensal_fidc_tab_II.txt","False","False"
"II","TAB_II_G_VL_CREDITO","numeric",,"17","2","meta_inf_mensal_fidc_tab_II.txt","False","False"
"II","TAB_II_H_VL_FACTOR","numeric",,"18","2","meta_inf_mensal_fidc_tab_II.txt","False","False"
"II","TAB_II_H1_VL_PESSOA","numeric",,"17","2","meta_inf_mensal_fidc_tab_II.txt","False","False"
"II","TAB_II_H2_VL_CORP","numeric",,"17","2","meta_inf_mensal_fidc_tab_II.txt","False","False"
"II","TAB_II_I_VL_SETOR_PUBLICO","numeric",,"20","2","meta_inf_mensal_fidc_tab_II.txt","False","False"
"II","TAB_II_I1_VL_PRECAT","numeric",,"17","2","meta_inf_mensal_fidc_tab_II.txt","False","False"
"II","TAB_II_I2_VL_TRIBUT","numeric",,"17","2","meta_inf_mensal_fidc_tab_II.txt","False","False"
"II","TAB_II_I3_VL_ROYALTIES","numeric",,"17","2","meta_inf_mensal_fidc_tab_II.txt","False","False"
"II","TAB_II_I4_VL_OUTRO","numeric",,"17","2","meta_inf_mensal_fidc_tab_II.txt","False","False"
"II","TAB_II_J_VL_JUDICIAL","numeric",,"17","2","meta_inf_mensal_fidc_tab_II.txt","False","False"
"II","TAB_II_K_VL_MARCA","numeric",,"17","2","meta_inf_mensal_fidc_tab_II.txt","False","False"
"II","TAB_II_VL_CARTEIRA","numeric",,"30","2","meta_inf_mensal_fidc_tab_II.txt","False","False"
"II","TP_FUNDO_CLASSE","varchar","25",,,"meta_inf_mensal_fidc_tab_II.txt","False","False"
"III","CNPJ_FUNDO_CLASSE","varchar","18",,,"meta_inf_mensal_fidc_tab_III.txt","False","False"
"III","DENOM_SOCIAL","varchar","100",,,"meta_inf_mensal_fidc_tab_III.txt","False","False"
"III","DT_COMPTC","date","10",,,"meta_inf_mensal_fidc_tab_III.txt","False","False"
"III","TAB_III_A_VL_PAGAR","numeric",,"18","2","meta_inf_mensal_fidc_tab_III.txt","False","False"
"III","TAB_III_A1_VL_CPRAZO","numeric",,"17","2","meta_inf_mensal_fidc_tab_III.txt","False","False"
"III","TAB_III_A2_VL_LPRAZO","numeric",,"17","2","meta_inf_mensal_fidc_tab_III.txt","False","False"
"III","TAB_III_B_VL_POSICAO_DERIV","numeric",,"20","2","meta_inf_mensal_fidc_tab_III.txt","False","False"
"III","TAB_III_B1_VL_TERMO","numeric",,"17","2","meta_inf_mensal_fidc_tab_III.txt","False","False"
"III","TAB_III_B2_VL_OPCAO","numeric",,"17","2","meta_inf_mensal_fidc_tab_III.txt","False","False"
"III","TAB_III_B3_VL_FUTURO","numeric",,"17","2","meta_inf_mensal_fidc_tab_III.txt","False","False"
"III","TAB_III_B4_VL_SWAP_PAGAR","numeric",,"17","2","meta_inf_mensal_fidc_tab_III.txt","False","False"
"III","TAB_III_VL_PASSIVO","numeric",,"21","2","meta_inf_mensal_fidc_tab_III.txt","False","False"
"III","TP_FUNDO_CLASSE","varchar","25",,,"meta_inf_mensal_fidc_tab_III.txt","False","False"
"IV","CNPJ_FUNDO_CLASSE","varchar","18",,,"meta_inf_mensal_fidc_tab_IV.txt","False","False"
"IV","DENOM_SOCIAL","varchar","100",,,"meta_inf_mensal_fidc_tab_IV.txt","False","False"
"IV","DT_COMPTC","date","10",,,"meta_inf_mensal_fidc_tab_IV.txt","False","False"
"IV","TAB_IV_A_VL_PL","numeric",,"17","2","meta_inf_mensal_fidc_tab_IV.txt","False","False"
"IV","TAB_IV_B_VL_PL_MEDIO","numeric",,"17","2","meta_inf_mensal_fidc_tab_IV.txt","False","False"
"IV","TP_FUNDO_CLASSE","varchar","25",,,"meta_inf_mensal_fidc_tab_IV.txt","False","False"
"IX","CNPJ_FUNDO_CLASSE","varchar","18",,,"meta_inf_mensal_fidc_tab_IX.txt","False","False"
"IX","DENOM_SOCIAL","varchar","100",,,"meta_inf_mensal_fidc_tab_IX.txt","False","False"
"IX","DT_COMPTC","date","10",,,"meta_inf_mensal_fidc_tab_IX.txt","False","False"
"IX","TAB_IX_A1_1_1_COMPRA_MIN","float",,"53","","meta_inf_mensal_fidc_tab_IX.txt","False","False"
"IX","TAB_IX_A1_1_2_COMPRA_MEDIA","float",,"53","","meta_inf_mensal_fidc_tab_IX.txt","False","False"
"IX","TAB_IX_A1_1_3_COMPRA_MAX","float",,"53","","meta_inf_mensal_fidc_tab_IX.txt","False","False"
"IX","TAB_IX_A1_2_1_VENDA_MIN","float",,"53","","meta_inf_mensal_fidc_tab_IX.txt","False","False"
"IX","TAB_IX_A1_2_2_VENDA_MEDIA","float",,"53","","meta_inf_mensal_fidc_tab_IX.txt","False","False"
"IX","TAB_IX_A1_2_3_VENDA_MAX","float",,"53","","meta_inf_mensal_fidc_tab_IX.txt","False","False"
"IX","TAB_IX_A2_1_1_COMPRA_MIN","float",,"53","","meta_inf_mensal_fidc_tab_IX.txt","False","False"
"IX","TAB_IX_A2_1_2_COMPRA_MEDIA","float",,"53","","meta_inf_mensal_fidc_tab_IX.txt","False","False"
"IX","TAB_IX_A2_1_3_COMPRA_MAX","float",,"53","","meta_inf_mensal_fidc_tab_IX.txt","False","False"
"IX","TAB_IX_A2_2_1_VENDA_MIN","float",,"53","","meta_inf_mensal_fidc_tab_IX.txt","False","False"
"IX","TAB_IX_A2_2_2_VENDA_MEDIA","float",,"53","","meta_inf_mensal_fidc_tab_IX.txt","False","False"
"IX","TAB_IX_A2_2_3_VENDA_MAX","float",,"53","","meta_inf_mensal_fidc_tab_IX.txt","False","False"
"IX","TAB_IX_B1_1_1_COMPRA_MIN","float",,"53","","meta_inf_mensal_fidc_tab_IX.txt","False","False"
"IX","TAB_IX_B1_1_2_COMPRA_MEDIA","float",,"53","","meta_inf_mensal_fidc_tab_IX.txt","False","False"
"IX","TAB_IX_B1_1_3_COMPRA_MAX","float",,"53","","meta_inf_mensal_fidc_tab_IX.txt","False","False"
"IX","TAB_IX_B1_2_1_VENDA_MIN","float",,"53","","meta_inf_mensal_fidc_tab_IX.txt","False","False"
"IX","TAB_IX_B1_2_2_VENDA_MEDIA","float",,"53","","meta_inf_mensal_fidc_tab_IX.txt","False","False"
"IX","TAB_IX_B1_2_3_VENDA_MAX","float",,"53","","meta_inf_mensal_fidc_tab_IX.txt","False","False"
"IX","TAB_IX_B2_1_1_COMPRA_MIN","float",,"53","","meta_inf_mensal_fidc_tab_IX.txt","False","False"
"IX","TAB_IX_B2_1_2_COMPRA_MEDIA","float",,"53","","meta_inf_mensal_fidc_tab_IX.txt","False","False"
"IX","TAB_IX_B2_1_3_COMPRA_MAX","float",,"53","","meta_inf_mensal_fidc_tab_IX.txt","False","False"
"IX","TAB_IX_B2_2_1_VENDA_MIN","float",,"53","","meta_inf_mensal_fidc_tab_IX.txt","False","False"
"IX","TAB_IX_B2_2_2_VENDA_MEDIA","float",,"53","","meta_inf_mensal_fidc_tab_IX.txt","False","False"
"IX","TAB_IX_B2_2_3_VENDA_MAX","float",,"53","","meta_inf_mensal_fidc_tab_IX.txt","False","False"
"IX","TAB_IX_C1_1_1_COMPRA_MIN","float",,"53","","meta_inf_mensal_fidc_tab_IX.txt","False","False"
"IX","TAB_IX_C1_1_2_COMPRA_MEDIA","float",,"53","","meta_inf_mensal_fidc_tab_IX.txt","False","False"
"IX","TAB_IX_C1_1_3_COMPRA_MAX","float",,"53","","meta_inf_mensal_fidc_tab_IX.txt","False","False"
"IX","TAB_IX_C1_2_1_VENDA_MIN","float",,"53","","meta_inf_mensal_fidc_tab_IX.txt","False","False"
"IX","TAB_IX_C1_2_2_VENDA_MEDIA","float",,"53","","meta_inf_mensal_fidc_tab_IX.txt","False","False"
"IX","TAB_IX_C1_2_3_VENDA_MAX","float",,"53","","meta_inf_mensal_fidc_tab_IX.txt","False","False"
"IX","TAB_IX_C2_1_1_COMPRA_MIN","float",,"53","","meta_inf_mensal_fidc_tab_IX.txt","False","False"
"IX","TAB_IX_C2_1_2_COMPRA_MEDIA","float",,"53","","meta_inf_mensal_fidc_tab_IX.txt","False","False"
"IX","TAB_IX_C2_1_3_COMPRA_MAX","float",,"53","","meta_inf_mensal_fidc_tab_IX.txt","False","False"
"IX","TAB_IX_C2_2_1_VENDA_MIN","float",,"53","","meta_inf_mensal_fidc_tab_IX.txt","False","False"
"IX","TAB_IX_C2_2_2_VENDA_MEDIA","float",,"53","","meta_inf_mensal_fidc_tab_IX.txt","False","False"
"IX","TAB_IX_C2_2_3_VENDA_MAX","float",,"53","","meta_inf_mensal_fidc_tab_IX.txt","False","False"
"IX","TAB_IX_D1_1_1_COMPRA_MIN","float",,"53","","meta_inf_mensal_fidc_tab_IX.txt","False","False"
"IX","TAB_IX_D1_1_2_COMPRA_MEDIA","float",,"53","","meta_inf_mensal_fidc_tab_IX.txt","False","False"
"IX","TAB_IX_D1_1_3_COMPRA_MAX","float",,"53","","meta_inf_mensal_fidc_tab_IX.txt","False","False"
"IX","TAB_IX_D1_2_1_VENDA_MIN","float",,"53","","meta_inf_mensal_fidc_tab_IX.txt","False","False"
"IX","TAB_IX_D1_2_2_VENDA_MEDIA","float",,"53","","meta_inf_mensal_fidc_tab_IX.txt","False","False"
"IX","TAB_IX_D1_2_3_VENDA_MAX","float",,"53","","meta_inf_mensal_fidc_tab_IX.txt","False","False"
"IX","TAB_IX_D2_1_1_COMPRA_MIN","float",,"53","","meta_inf_mensal_fidc_tab_IX.txt","False","False"
"IX","TAB_IX_D2_1_2_COMPRA_MEDIA","float",,"53","","meta_inf_mensal_fidc_tab_IX.txt","False","False"
"IX","TAB_IX_D2_1_3_COMPRA_MAX","float",,"53","","meta_inf_mensal_fidc_tab_IX.txt","False","False"
"IX","TAB_IX_D2_2_1_VENDA_MIN","float",,"53","","meta_inf_mensal_fidc_tab_IX.txt","False","False"
"IX","TAB_IX_D2_2_2_VENDA_MEDIA","float",,"53","","meta_inf_mensal_fidc_tab_IX.txt","False","False"
"IX","TAB_IX_D2_2_3_VENDA_MAX","float",,"53","","meta_inf_mensal_fidc_tab_IX.txt","False","False"
"IX","TAB_IX_E1_1_1_COMPRA_MIN","float",,"53","","meta_inf_mensal_fidc_tab_IX.txt","False","False"
"IX","TAB_IX_E1_1_2_COMPRA_MEDIA","float",,"53","","meta_inf_mensal_fidc_tab_IX.txt","False","False"
"IX","TAB_IX_E1_1_3_COMPRA_MAX","float",,"53","","meta_inf_mensal_fidc_tab_IX.txt","False","False"
"IX","TAB_IX_E1_2_1_VENDA_MIN","float",,"53","","meta_inf_mensal_fidc_tab_IX.txt","False","False"
"IX","TAB_IX_E1_2_2_VENDA_MEDIA","float",,"53","","meta_inf_mensal_fidc_tab_IX.txt","False","False"
"IX","TAB_IX_E1_2_3_VENDA_MAX","float",,"53","","meta_inf_mensal_fidc_tab_IX.txt","False","False"
"IX","TAB_IX_E2_1_1_COMPRA_MIN","float",,"53","","meta_inf_mensal_fidc_tab_IX.txt","False","False"
"IX","TAB_IX_E2_1_2_COMPRA_MEDIA","float",,"53","","meta_inf_mensal_fidc_tab_IX.txt","False","False"
"IX","TAB_IX_E2_1_3_COMPRA_MAX","float",,"53","","meta_inf_mensal_fidc_tab_IX.txt","False","False"
"IX","TAB_IX_E2_2_1_VENDA_MIN","float",,"53","","meta_inf_mensal_fidc_tab_IX.txt","False","False"
"IX","TAB_IX_E2_2_2_VENDA_MEDIA","float",,"53","","meta_inf_mensal_fidc_tab_IX.txt","False","False"
"IX","TAB_IX_E2_2_3_VENDA_MAX","float",,"53","","meta_inf_mensal_fidc_tab_IX.txt","False","False"
"IX","TAB_IX_F1_1_1_COMPRA_MIN","float",,"53","","meta_inf_mensal_fidc_tab_IX.txt","False","False"
"IX","TAB_IX_F1_1_2_COMPRA_MEDIA","float",,"53","","meta_inf_mensal_fidc_tab_IX.txt","False","False"
"IX","TAB_IX_F1_1_3_COMPRA_MAX","float",,"53","","meta_inf_mensal_fidc_tab_IX.txt","False","False"
"IX","TAB_IX_F1_2_1_VENDA_MIN","float",,"53","","meta_inf_mensal_fidc_tab_IX.txt","False","False"
"IX","TAB_IX_F1_2_2_VENDA_MEDIA","float",,"53","","meta_inf_mensal_fidc_tab_IX.txt","False","False"
"IX","TAB_IX_F1_2_3_VENDA_MAX","float",,"53","","meta_inf_mensal_fidc_tab_IX.txt","False","False"
"IX","TAB_IX_F2_1_1_COMPRA_MIN","float",,"53","","meta_inf_mensal_fidc_tab_IX.txt","False","False"
"IX","TAB_IX_F2_1_2_COMPRA_MEDIA","float",,"53","","meta_inf_mensal_fidc_tab_IX.txt","False","False"
"IX","TAB_IX_F2_1_3_COMPRA_MAX","float",,"53","","meta_inf_mensal_fidc_tab_IX.txt","False","False"
"IX","TAB_IX_F2_2_1_VENDA_MIN","float",,"53","","meta_inf_mensal_fidc_tab_IX.txt","False","False"
"IX","TAB_IX_F2_2_2_VENDA_MEDIA","float",,"53","","meta_inf_mensal_fidc_tab_IX.txt","False","False"
"IX","TAB_IX_F2_2_3_VENDA_MAX","float",,"53","","meta_inf_mensal_fidc_tab_IX.txt","False","False"
"IX","TP_FUNDO_CLASSE","varchar","25",,,"meta_inf_mensal_fidc_tab_IX.txt","False","False"
"V","CNPJ_FUNDO_CLASSE","varchar","18",,,"meta_inf_mensal_fidc_tab_V.txt","False","False"
"V","DENOM_SOCIAL","varchar","100",,,"meta_inf_mensal_fidc_tab_V.txt","False","False"
"V","DT_COMPTC","date","10",,,"meta_inf_mensal_fidc_tab_V.txt","False","False"
"V","TAB_V_A_VL_DIRCRED_PRAZO","numeric",,"26","2","meta_inf_mensal_fidc_tab_V.txt","False","False"
"V","TAB_V_A1_VL_PRAZO_VENC_30","numeric",,"17","2","meta_inf_mensal_fidc_tab_V.txt","False","False"
"V","TAB_V_A10_VL_PRAZO_VENC_MAIOR_1080","numeric",,"17","2","meta_inf_mensal_fidc_tab_V.txt","False","False"
"V","TAB_V_A2_VL_PRAZO_VENC_60","numeric",,"17","2","meta_inf_mensal_fidc_tab_V.txt","False","False"
"V","TAB_V_A3_VL_PRAZO_VENC_90","numeric",,"17","2","meta_inf_mensal_fidc_tab_V.txt","False","False"
"V","TAB_V_A4_VL_PRAZO_VENC_120","numeric",,"17","2","meta_inf_mensal_fidc_tab_V.txt","False","False"
"V","TAB_V_A5_VL_PRAZO_VENC_150","numeric",,"17","2","meta_inf_mensal_fidc_tab_V.txt","False","False"
"V","TAB_V_A6_VL_PRAZO_VENC_180","numeric",,"17","2","meta_inf_mensal_fidc_tab_V.txt","False","False"
"V","TAB_V_A7_VL_PRAZO_VENC_360","numeric",,"17","2","meta_inf_mensal_fidc_tab_V.txt","False","False"
"V","TAB_V_A8_VL_PRAZO_VENC_720","numeric",,"17","2","meta_inf_mensal_fidc_tab_V.txt","False","False"
"V","TAB_V_A9_VL_PRAZO_VENC_1080","numeric",,"17","2","meta_inf_mensal_fidc_tab_V.txt","False","False"
"V","TAB_V_B_VL_DIRCRED_INAD","numeric",,"26","2","meta_inf_mensal_fidc_tab_V.txt","False","False"
"V","TAB_V_B1_VL_INAD_30","numeric",,"17","2","meta_inf_mensal_fidc_tab_V.txt","False","False"
"V","TAB_V_B10_VL_INAD_MAIOR_1080","numeric",,"17","2","meta_inf_mensal_fidc_tab_V.txt","False","False"
"V","TAB_V_B2_VL_INAD_60","numeric",,"17","2","meta_inf_mensal_fidc_tab_V.txt","False","False"
"V","TAB_V_B3_VL_INAD_90","numeric",,"17","2","meta_inf_mensal_fidc_tab_V.txt","False","False"
"V","TAB_V_B4_VL_INAD_120","numeric",,"17","2","meta_inf_mensal_fidc_tab_V.txt","False","False"
"V","TAB_V_B5_VL_INAD_150","numeric",,"17","2","meta_inf_mensal_fidc_tab_V.txt","False","False"
"V","TAB_V_B6_VL_INAD_180","numeric",,"17","2","meta_inf_mensal_fidc_tab_V.txt","False","False"
"V","TAB_V_B7_VL_INAD_360","numeric",,"17","2","meta_inf_mensal_fidc_tab_V.txt","False","False"
"V","TAB_V_B8_VL_INAD_720","numeric",,"17","2","meta_inf_mensal_fidc_tab_V.txt","False","False"
"V","TAB_V_B9_VL_INAD_1080","numeric",,"17","2","meta_inf_mensal_fidc_tab_V.txt","False","False"
"V","TAB_V_C_VL_DIRCRED_ANTECIPADO","numeric",,"26","2","meta_inf_mensal_fidc_tab_V.txt","False","False"
"V","TAB_V_C1_VL_ANTECIPADO_30","numeric",,"17","2","meta_inf_mensal_fidc_tab_V.txt","False","False"
"V","TAB_V_C10_VL_ANTECIPADO_MAIOR_1080","numeric",,"17","2","meta_inf_mensal_fidc_tab_V.txt","False","False"
"V","TAB_V_C2_VL_ANTECIPADO_60","numeric",,"17","2","meta_inf_mensal_fidc_tab_V.txt","False","False"
"V","TAB_V_C3_VL_ANTECIPADO_90","numeric",,"17","2","meta_inf_mensal_fidc_tab_V.txt","False","False"
"V","TAB_V_C4_VL_ANTECIPADO_120","numeric",,"17","2","meta_inf_mensal_fidc_tab_V.txt","False","False"
"V","TAB_V_C5_VL_ANTECIPADO_150","numeric",,"17","2","meta_inf_mensal_fidc_tab_V.txt","False","False"
"V","TAB_V_C6_VL_ANTECIPADO_180","numeric",,"17","2","meta_inf_mensal_fidc_tab_V.txt","False","False"
"V","TAB_V_C7_VL_ANTECIPADO_360","numeric",,"17","2","meta_inf_mensal_fidc_tab_V.txt","False","False"
"V","TAB_V_C8_VL_ANTECIPADO_720","numeric",,"17","2","meta_inf_mensal_fidc_tab_V.txt","False","False"
"V","TAB_V_C9_VL_ANTECIPADO_1080","numeric",,"17","2","meta_inf_mensal_fidc_tab_V.txt","False","False"
"V","TP_FUNDO_CLASSE","varchar","25",,,"meta_inf_mensal_fidc_tab_V.txt","False","False"
"VI","CNPJ_FUNDO_CLASSE","varchar","18",,,"meta_inf_mensal_fidc_tab_VI.txt","False","False"
"VI","DENOM_SOCIAL","varchar","100",,,"meta_inf_mensal_fidc_tab_VI.txt","False","False"
"VI","DT_COMPTC","date","10",,,"meta_inf_mensal_fidc_tab_VI.txt","False","False"
"VI","TAB_VI_A_VL_DIRCRED_PRAZO","numeric",,"26","2","meta_inf_mensal_fidc_tab_VI.txt","False","False"
"VI","TAB_VI_A1_VL_PRAZO_VENC_30","numeric",,"17","2","meta_inf_mensal_fidc_tab_VI.txt","False","False"
"VI","TAB_VI_A10_VL_PRAZO_VENC_MAIOR_1080","numeric",,"17","2","meta_inf_mensal_fidc_tab_VI.txt","False","False"
"VI","TAB_VI_A2_VL_PRAZO_VENC_60","numeric",,"17","2","meta_inf_mensal_fidc_tab_VI.txt","False","False"
"VI","TAB_VI_A3_VL_PRAZO_VENC_90","numeric",,"17","2","meta_inf_mensal_fidc_tab_VI.txt","False","False"
"VI","TAB_VI_A4_VL_PRAZO_VENC_120","numeric",,"17","2","meta_inf_mensal_fidc_tab_VI.txt","False","False"
"VI","TAB_VI_A5_VL_PRAZO_VENC_150","numeric",,"17","2","meta_inf_mensal_fidc_tab_VI.txt","False","False"
"VI","TAB_VI_A6_VL_PRAZO_VENC_180","numeric",,"17","2","meta_inf_mensal_fidc_tab_VI.txt","False","False"
"VI","TAB_VI_A7_VL_PRAZO_VENC_360","numeric",,"17","2","meta_inf_mensal_fidc_tab_VI.txt","False","False"
"VI","TAB_VI_A8_VL_PRAZO_VENC_720","numeric",,"17","2","meta_inf_mensal_fidc_tab_VI.txt","False","False"
"VI","TAB_VI_A9_VL_PRAZO_VENC_1080","numeric",,"17","2","meta_inf_mensal_fidc_tab_VI.txt","False","False"
"VI","TAB_VI_B_VL_DIRCRED_INAD","numeric",,"26","2","meta_inf_mensal_fidc_tab_VI.txt","False","False"
"VI","TAB_VI_B1_VL_INAD_30","numeric",,"17","2","meta_inf_mensal_fidc_tab_VI.txt","False","False"
"VI","TAB_VI_B10_VL_INAD_MAIOR_1080","numeric",,"17","2","meta_inf_mensal_fidc_tab_VI.txt","False","False"
"VI","TAB_VI_B2_VL_INAD_60","numeric",,"17","2","meta_inf_mensal_fidc_tab_VI.txt","False","False"
"VI","TAB_VI_B3_VL_INAD_90","numeric",,"17","2","meta_inf_mensal_fidc_tab_VI.txt","False","False"
"VI","TAB_VI_B4_VL_INAD_120","numeric",,"17","2","meta_inf_mensal_fidc_tab_VI.txt","False","False"
"VI","TAB_VI_B5_VL_INAD_150","numeric",,"17","2","meta_inf_mensal_fidc_tab_VI.txt","False","False"
"VI","TAB_VI_B6_VL_INAD_180","numeric",,"17","2","meta_inf_mensal_fidc_tab_VI.txt","False","False"
"VI","TAB_VI_B7_VL_INAD_360","numeric",,"17","2","meta_inf_mensal_fidc_tab_VI.txt","False","False"
"VI","TAB_VI_B8_VL_INAD_720","numeric",,"17","2","meta_inf_mensal_fidc_tab_VI.txt","False","False"
"VI","TAB_VI_B9_VL_INAD_1080","numeric",,"17","2","meta_inf_mensal_fidc_tab_VI.txt","False","False"
"VI","TAB_VI_C_VL_DIRCRED_ANTECIPADO","numeric",,"26","2","meta_inf_mensal_fidc_tab_VI.txt","False","False"
"VI","TAB_VI_C1_VL_ANTECIPADO_30","numeric",,"17","2","meta_inf_mensal_fidc_tab_VI.txt","False","False"
"VI","TAB_VI_C10_VL_ANTECIPADO_MAIOR_1080","numeric",,"17","2","meta_inf_mensal_fidc_tab_VI.txt","False","False"
"VI","TAB_VI_C2_VL_ANTECIPADO_60","numeric",,"17","2","meta_inf_mensal_fidc_tab_VI.txt","False","False"
"VI","TAB_VI_C3_VL_ANTECIPADO_90","numeric",,"17","2","meta_inf_mensal_fidc_tab_VI.txt","False","False"
"VI","TAB_VI_C4_VL_ANTECIPADO_120","numeric",,"17","2","meta_inf_mensal_fidc_tab_VI.txt","False","False"
"VI","TAB_VI_C5_VL_ANTECIPADO_150","numeric",,"17","2","meta_inf_mensal_fidc_tab_VI.txt","False","False"
"VI","TAB_VI_C6_VL_ANTECIPADO_180","numeric",,"17","2","meta_inf_mensal_fidc_tab_VI.txt","False","False"
"VI","TAB_VI_C7_VL_ANTECIPADO_360","numeric",,"17","2","meta_inf_mensal_fidc_tab_VI.txt","False","False"
"VI","TAB_VI_C8_VL_ANTECIPADO_720","numeric",,"17","2","meta_inf_mensal_fidc_tab_VI.txt","False","False"
"VI","TAB_VI_C9_VL_ANTECIPADO_1080","numeric",,"17","2","meta_inf_mensal_fidc_tab_VI.txt","False","False"
"VI","TP_FUNDO_CLASSE","varchar","25",,,"meta_inf_mensal_fidc_tab_VI.txt","False","False"
"VII","CNPJ_FUNDO_CLASSE","varchar","18",,,"meta_inf_mensal_fidc_tab_VII.txt","False","False"
"VII","DENOM_SOCIAL","varchar","100",,,"meta_inf_mensal_fidc_tab_VII.txt","False","False"
"VII","DT_COMPTC","date","10",,,"meta_inf_mensal_fidc_tab_VII.txt","False","False"
"VII","TAB_VII_A1_1_QT_DIRCRED_RISCO","numeric",,"17","2","meta_inf_mensal_fidc_tab_VII.txt","False","False"
"VII","TAB_VII_A1_2_VL_DIRCRED_RISCO","numeric",,"17","2","meta_inf_mensal_fidc_tab_VII.txt","False","False"
"VII","TAB_VII_A2_1_QT_DIRCRED_SEM_RISCO","numeric",,"17","2","meta_inf_mensal_fidc_tab_VII.txt","False","False"
"VII","TAB_VII_A2_2_VL_DIRCRED_SEM_RISCO","numeric",,"17","2","meta_inf_mensal_fidc_tab_VII.txt","False","False"
"VII","TAB_VII_A3_1_QT_DIRCRED_VENC_AD","numeric",,"17","2","meta_inf_mensal_fidc_tab_VII.txt","False","False"
"VII","TAB_VII_A3_2_VL_DIRCRED_VENC_AD","numeric",,"17","2","meta_inf_mensal_fidc_tab_VII.txt","False","False"
"VII","TAB_VII_A4_1_QT_DIRCRED_VENC_INAD","numeric",,"17","2","meta_inf_mensal_fidc_tab_VII.txt","False","False"
"VII","TAB_VII_A4_2_VL_DIRCRED_VENC_INAD","numeric",,"17","2","meta_inf_mensal_fidc_tab_VII.txt","False","False"
"VII","TAB_VII_A5_1_QT_DIRCRED_INAD","numeric",,"17","2","meta_inf_mensal_fidc_tab_VII.txt","False","False"
"VII","TAB_VII_A5_2_VL_DIRCRED_INAD","numeric",,"17","2","meta_inf_mensal_fidc_tab_VII.txt","False","False"
"VII","TAB_VII_B1_1_QT_CEDENTE","numeric",,"17","2","meta_inf_mensal_fidc_tab_VII.txt","False","False"
"VII","TAB_VII_B1_2_VL_CEDENTE","numeric",,"17","2","meta_inf_mensal_fidc_tab_VII.txt","False","False"
"VII","TAB_VII_B1_3_VL_CONTAB_CEDENTE","numeric",,"17","2","meta_inf_mensal_fidc_tab_VII.txt","False","False"
"VII","TAB_VII_B2_1_QT_PREST","numeric",,"17","2","meta_inf_mensal_fidc_tab_VII.txt","False","False"
"VII","TAB_VII_B2_2_VL_PREST","numeric",,"17","2","meta_inf_mensal_fidc_tab_VII.txt","False","False"
"VII","TAB_VII_B2_3_VL_CONTAB_PREST","numeric",,"17","2","meta_inf_mensal_fidc_tab_VII.txt","False","False"
"VII","TAB_VII_B3_1_QT_TERCEIRO","numeric",,"17","2","meta_inf_mensal_fidc_tab_VII.txt","False","False"
"VII","TAB_VII_B3_2_VL_TERCEIRO","numeric",,"17","2","meta_inf_mensal_fidc_tab_VII.txt","False","False"
"VII","TAB_VII_B3_3_VL_CONTAB_TERCEIRO","numeric",,"17","2","meta_inf_mensal_fidc_tab_VII.txt","False","False"
"VII","TAB_VII_C_1_QT_SUBST","numeric",,"17","2","meta_inf_mensal_fidc_tab_VII.txt","False","False"
"VII","TAB_VII_C_2_VL_SUBST","numeric",,"17","2","meta_inf_mensal_fidc_tab_VII.txt","False","False"
"VII","TAB_VII_C_3_VL_CONTAB_SUBST","numeric",,"17","2","meta_inf_mensal_fidc_tab_VII.txt","False","False"
"VII","TAB_VII_D_1_QT_RECOMPRA","numeric",,"17","2","meta_inf_mensal_fidc_tab_VII.txt","False","False"
"VII","TAB_VII_D_2_VL_RECOMPRA","numeric",,"17","2","meta_inf_mensal_fidc_tab_VII.txt","False","False"
"VII","TAB_VII_D_3_VL_CONTAB_RECOMPRA","numeric",,"17","2","meta_inf_mensal_fidc_tab_VII.txt","False","False"
"VII","TP_FUNDO_CLASSE","varchar","25",,,"meta_inf_mensal_fidc_tab_VII.txt","False","False"
"VIII","CNPJ_FUNDO_CLASSE","varchar","18",,,"meta_inf_mensal_fidc_tab_VIII.txt","False","False"
"VIII","DENOM_SOCIAL","varchar","100",,,"meta_inf_mensal_fidc_tab_VIII.txt","False","False"
"VIII","DT_COMPTC","date","10",,,"meta_inf_mensal_fidc_tab_VIII.txt","False","False"
"VIII","TP_FUNDO_CLASSE","varchar","6",,,"meta_inf_mensal_fidc_tab_VIII.txt","False","False"
"VIII","VALOR","numeric",,"20","2","meta_inf_mensal_fidc_tab_VIII.txt","True","True"
"VIII","SEQUENCIAL","bigint",,"19","0","meta_inf_mensal_fidc_tab_VIII.txt","True","True"
"X","CNPJ_FUNDO_CLASSE","varchar","18",,,"meta_inf_mensal_fidc_tab_X.txt","False","False"
"X","DENOM_SOCIAL","varchar","100",,,"meta_inf_mensal_fidc_tab_X.txt","False","False"
"X","DT_COMPTC","date","10",,,"meta_inf_mensal_fidc_tab_X.txt","False","False"
"X","TAB_X_DEBITO_TRIBUT","numeric",,"14","2","meta_inf_mensal_fidc_tab_X.txt","False","False"
"X","TAB_X_SCR_RISCO_DEVEDOR_A","numeric",,"14","2","meta_inf_mensal_fidc_tab_X.txt","False","False"
"X","TAB_X_SCR_RISCO_DEVEDOR_AA","numeric",,"14","2","meta_inf_mensal_fidc_tab_X.txt","False","False"
"X","TAB_X_SCR_RISCO_DEVEDOR_B","numeric",,"14","2","meta_inf_mensal_fidc_tab_X.txt","False","False"
"X","TAB_X_SCR_RISCO_DEVEDOR_C","numeric",,"14","2","meta_inf_mensal_fidc_tab_X.txt","False","False"
"X","TAB_X_SCR_RISCO_DEVEDOR_D","numeric",,"14","2","meta_inf_mensal_fidc_tab_X.txt","False","False"
"X","TAB_X_SCR_RISCO_DEVEDOR_E","numeric",,"14","2","meta_inf_mensal_fidc_tab_X.txt","False","False"
"X","TAB_X_SCR_RISCO_DEVEDOR_F","numeric",,"14","2","meta_inf_mensal_fidc_tab_X.txt","False","False"
"X","TAB_X_SCR_RISCO_DEVEDOR_G","numeric",,"14","2","meta_inf_mensal_fidc_tab_X.txt","False","False"
"X","TAB_X_SCR_RISCO_DEVEDOR_H","numeric",,"14","2","meta_inf_mensal_fidc_tab_X.txt","False","False"
"X","TAB_X_SCR_RISCO_OPER_A","numeric",,"14","2","meta_inf_mensal_fidc_tab_X.txt","False","False"
"X","TAB_X_SCR_RISCO_OPER_AA","numeric",,"14","2","meta_inf_mensal_fidc_tab_X.txt","False","False"
"X","TAB_X_SCR_RISCO_OPER_B","numeric",,"14","2","meta_inf_mensal_fidc_tab_X.txt","False","False"
"X","TAB_X_SCR_RISCO_OPER_C","numeric",,"14","2","meta_inf_mensal_fidc_tab_X.txt","False","False"
"X","TAB_X_SCR_RISCO_OPER_D","numeric",,"14","2","meta_inf_mensal_fidc_tab_X.txt","False","False"
"X","TAB_X_SCR_RISCO_OPER_E","numeric",,"14","2","meta_inf_mensal_fidc_tab_X.txt","False","False"
"X","TAB_X_SCR_RISCO_OPER_F","numeric",,"14","2","meta_inf_mensal_fidc_tab_X.txt","False","False"
"X","TAB_X_SCR_RISCO_OPER_G","numeric",,"14","2","meta_inf_mensal_fidc_tab_X.txt","False","False"
"X","TAB_X_SCR_RISCO_OPER_H","numeric",,"14","2","meta_inf_mensal_fidc_tab_X.txt","False","False"
"X","TP_FUNDO_CLASSE","varchar","25",,,"meta_inf_mensal_fidc_tab_X.txt","False","False"
"X_1","CNPJ_FUNDO","varchar","18",,,"meta_inf_mensal_fidc_tab_X_1.txt","False","False"
"X_1","DENOM_SOCIAL","varchar","100",,,"meta_inf_mensal_fidc_tab_X_1.txt","False","False"
"X_1","DT_COMPTC","date","10",,,"meta_inf_mensal_fidc_tab_X_1.txt","False","False"
"X_1","TAB_X_CLASSE_SERIE","varchar","49",,,"meta_inf_mensal_fidc_tab_X_1.txt","False","False"
"X_1","TAB_X_NR_COTST","numeric",,"17","0","meta_inf_mensal_fidc_tab_X_1.txt","False","False"
"X_1_1","CNPJ_FUNDO_CLASSE","varchar","18",,,"meta_inf_mensal_fidc_tab_X_1_1.txt","False","False"
"X_1_1","DENOM_SOCIAL","varchar","100",,,"meta_inf_mensal_fidc_tab_X_1_1.txt","False","False"
"X_1_1","DT_COMPTC","date","10",,,"meta_inf_mensal_fidc_tab_X_1_1.txt","False","False"
"X_1_1","TAB_X_NR_COTST_SENIOR_BANCO","numeric",,"14","0","meta_inf_mensal_fidc_tab_X_1_1.txt","False","False"
"X_1_1","TAB_X_NR_COTST_SENIOR_CAPITALIZ","numeric",,"14","0","meta_inf_mensal_fidc_tab_X_1_1.txt","False","False"
"X_1_1","TAB_X_NR_COTST_SENIOR_CLUBE","numeric",,"14","0","meta_inf_mensal_fidc_tab_X_1_1.txt","False","False"
"X_1_1","TAB_X_NR_COTST_SENIOR_CORRETORA_DISTRIB","numeric",,"14","0","meta_inf_mensal_fidc_tab_X_1_1.txt","False","False"
"X_1_1","TAB_X_NR_COTST_SENIOR_COTA_FIDC","numeric",,"14","0","meta_inf_mensal_fidc_tab_X_1_1.txt","False","False"
"X_1_1","TAB_X_NR_COTST_SENIOR_EAPC","numeric",,"14","0","meta_inf_mensal_fidc_tab_X_1_1.txt","False","False"
"X_1_1","TAB_X_NR_COTST_SENIOR_EFPC","numeric",,"14","0","meta_inf_mensal_fidc_tab_X_1_1.txt","False","False"
"X_1_1","TAB_X_NR_COTST_SENIOR_FII","numeric",,"14","0","meta_inf_mensal_fidc_tab_X_1_1.txt","False","False"
"X_1_1","TAB_X_NR_COTST_SENIOR_INVNR","numeric",,"14","0","meta_inf_mensal_fidc_tab_X_1_1.txt","False","False"
"X_1_1","TAB_X_NR_COTST_SENIOR_OUTRO","numeric",,"14","0","meta_inf_mensal_fidc_tab_X_1_1.txt","False","False"
"X_1_1","TAB_X_NR_COTST_SENIOR_OUTRO_FI","numeric",,"14","0","meta_inf_mensal_fidc_tab_X_1_1.txt","False","False"
"X_1_1","TAB_X_NR_COTST_SENIOR_PF","numeric",,"14","0","meta_inf_mensal_fidc_tab_X_1_1.txt","False","False"
"X_1_1","TAB_X_NR_COTST_SENIOR_PJ_FINANC","numeric",,"14","0","meta_inf_mensal_fidc_tab_X_1_1.txt","False","False"
"X_1_1","TAB_X_NR_COTST_SENIOR_PJ_NAO_FINANC","numeric",,"14","0","meta_inf_mensal_fidc_tab_X_1_1.txt","False","False"
"X_1_1","TAB_X_NR_COTST_SENIOR_RPPS","numeric",,"14","0","meta_inf_mensal_fidc_tab_X_1_1.txt","False","False"
"X_1_1","TAB_X_NR_COTST_SENIOR_SEGUR","numeric",,"14","0","meta_inf_mensal_fidc_tab_X_1_1.txt","False","False"
"X_1_1","TAB_X_NR_COTST_SUBORD_BANCO","numeric",,"14","0","meta_inf_mensal_fidc_tab_X_1_1.txt","False","False"
"X_1_1","TAB_X_NR_COTST_SUBORD_CAPITALIZ","numeric",,"14","0","meta_inf_mensal_fidc_tab_X_1_1.txt","False","False"
"X_1_1","TAB_X_NR_COTST_SUBORD_CLUBE","numeric",,"14","0","meta_inf_mensal_fidc_tab_X_1_1.txt","False","False"
"X_1_1","TAB_X_NR_COTST_SUBORD_CORRETORA_DISTRIB","numeric",,"14","0","meta_inf_mensal_fidc_tab_X_1_1.txt","False","False"
"X_1_1","TAB_X_NR_COTST_SUBORD_COTA_FIDC","numeric",,"14","0","meta_inf_mensal_fidc_tab_X_1_1.txt","False","False"
"X_1_1","TAB_X_NR_COTST_SUBORD_EAPC","numeric",,"14","0","meta_inf_mensal_fidc_tab_X_1_1.txt","False","False"
"X_1_1","TAB_X_NR_COTST_SUBORD_EFPC","numeric",,"14","0","meta_inf_mensal_fidc_tab_X_1_1.txt","False","False"
"X_1_1","TAB_X_NR_COTST_SUBORD_FII","numeric",,"14","0","meta_inf_mensal_fidc_tab_X_1_1.txt","False","False"
"X_1_1","TAB_X_NR_COTST_SUBORD_INVNR","numeric",,"14","0","meta_inf_mensal_fidc_tab_X_1_1.txt","False","False"
"X_1_1","TAB_X_NR_COTST_SUBORD_OUTRO","numeric",,"14","0","meta_inf_mensal_fidc_tab_X_1_1.txt","False","False"
"X_1_1","TAB_X_NR_COTST_SUBORD_OUTRO_FI","numeric",,"14","0","meta_inf_mensal_fidc_tab_X_1_1.txt","False","False"
"X_1_1","TAB_X_NR_COTST_SUBORD_PF","numeric",,"14","0","meta_inf_mensal_fidc_tab_X_1_1.txt","False","False"
"X_1_1","TAB_X_NR_COTST_SUBORD_PJ_FINANC","numeric",,"14","0","meta_inf_mensal_fidc_tab_X_1_1.txt","False","False"
"X_1_1","TAB_X_NR_COTST_SUBORD_PJ_NAO_FINANC","numeric",,"14","0","meta_inf_mensal_fidc_tab_X_1_1.txt","False","False"
"X_1_1","TAB_X_NR_COTST_SUBORD_RPPS","numeric",,"14","0","meta_inf_mensal_fidc_tab_X_1_1.txt","False","False"
"X_1_1","TAB_X_NR_COTST_SUBORD_SEGUR","numeric",,"14","0","meta_inf_mensal_fidc_tab_X_1_1.txt","False","False"
"X_1_1","TP_FUNDO_CLASSE","varchar","25",,,"meta_inf_mensal_fidc_tab_X_1_1.txt","False","False"
"X_2","CNPJ_FUNDO","varchar","18",,,"meta_inf_mensal_fidc_tab_X_2.txt","False","False"
"X_2","DENOM_SOCIAL","varchar","100",,,"meta_inf_mensal_fidc_tab_X_2.txt","False","False"
"X_2","DT_COMPTC","date","10",,,"meta_inf_mensal_fidc_tab_X_2.txt","False","False"
"X_2","TAB_X_CLASSE_SERIE","varchar","49",,,"meta_inf_mensal_fidc_tab_X_2.txt","False","False"
"X_2","TAB_X_QT_COTA","numeric",,"29","8","meta_inf_mensal_fidc_tab_X_2.txt","False","False"
"X_2","TAB_X_VL_COTA","numeric",,"29","8","meta_inf_mensal_fidc_tab_X_2.txt","False","False"
"X_3","CNPJ_FUNDO","varchar","18",,,"meta_inf_mensal_fidc_tab_X_3.txt","False","False"
"X_3","DENOM_SOCIAL","varchar","100",,,"meta_inf_mensal_fidc_tab_X_3.txt","False","False"
"X_3","DT_COMPTC","date","10",,,"meta_inf_mensal_fidc_tab_X_3.txt","False","False"
"X_3","TAB_X_CLASSE_SERIE","varchar","49",,,"meta_inf_mensal_fidc_tab_X_3.txt","False","False"
"X_3","TAB_X_VL_RENTAB_MES","numeric",,"17","2","meta_inf_mensal_fidc_tab_X_3.txt","False","False"
"X_4","CNPJ_FUNDO","varchar","18",,,"meta_inf_mensal_fidc_tab_X_4.txt","False","False"
"X_4","DENOM_SOCIAL","varchar","100",,,"meta_inf_mensal_fidc_tab_X_4.txt","False","False"
"X_4","DT_COMPTC","date","10",,,"meta_inf_mensal_fidc_tab_X_4.txt","False","False"
"X_4","TAB_X_CLASSE_SERIE","varchar","49",,,"meta_inf_mensal_fidc_tab_X_4.txt","False","False"
"X_4","TAB_X_QT_COTA","numeric",,"29","8","meta_inf_mensal_fidc_tab_X_4.txt","False","False"
"X_4","TAB_X_TP_OPER","varchar","20",,,"meta_inf_mensal_fidc_tab_X_4.txt","False","False"
"X_4","TAB_X_VL_TOTAL","numeric",,"23","8","meta_inf_mensal_fidc_tab_X_4.txt","False","False"
"X_5","CNPJ_FUNDO_CLASSE","varchar","18",,,"meta_inf_mensal_fidc_tab_X_5.txt","False","False"
"X_5","DENOM_SOCIAL","varchar","100",,,"meta_inf_mensal_fidc_tab_X_5.txt","False","False"
"X_5","DT_COMPTC","date","10",,,"meta_inf_mensal_fidc_tab_X_5.txt","False","False"
"X_5","TAB_X_VL_LIQUIDEZ_0","numeric",,"17","2","meta_inf_mensal_fidc_tab_X_5.txt","False","False"
"X_5","TAB_X_VL_LIQUIDEZ_180","numeric",,"17","2","meta_inf_mensal_fidc_tab_X_5.txt","False","False"
"X_5","TAB_X_VL_LIQUIDEZ_30","numeric",,"17","2","meta_inf_mensal_fidc_tab_X_5.txt","False","False"
"X_5","TAB_X_VL_LIQUIDEZ_360","numeric",,"17","2","meta_inf_mensal_fidc_tab_X_5.txt","False","False"
"X_5","TAB_X_VL_LIQUIDEZ_60","numeric",,"17","2","meta_inf_mensal_fidc_tab_X_5.txt","False","False"
"X_5","TAB_X_VL_LIQUIDEZ_90","numeric",,"17","2","meta_inf_mensal_fidc_tab_X_5.txt","False","False"
"X_5","TAB_X_VL_LIQUIDEZ_MAIOR_360","numeric",,"17","2","meta_inf_mensal_fidc_tab_X_5.txt","False","False"
"X_5","TP_FUNDO_CLASSE","varchar","25",,,"meta_inf_mensal_fidc_tab_X_5.txt","False","False"
"X_6","CNPJ_FUNDO","varchar","18",,,"meta_inf_mensal_fidc_tab_X_6.txt","False","False"
"X_6","DENOM_SOCIAL","varchar","100",,,"meta_inf_mensal_fidc_tab_X_6.txt","False","False"
"X_6","DT_COMPTC","date","10",,,"meta_inf_mensal_fidc_tab_X_6.txt","False","False"
"X_6","TAB_X_CLASSE_SERIE","varchar","49",,,"meta_inf_mensal_fidc_tab_X_6.txt","False","False"
"X_6","TAB_X_PR_DESEMP_REAL","numeric",,"17","2","meta_inf_mensal_fidc_tab_X_6.txt","True","True"
"X_6","TAB_X_PR_DESEMP_ESPERADO","numeric",,"17","2","meta_inf_mensal_fidc_tab_X_6.txt","True","True"
"X_7","CNPJ_FUNDO_CLASSE","varchar","18",,,"meta_inf_mensal_fidc_tab_X_7.txt","False","False"
"X_7","DENOM_SOCIAL","varchar","100",,,"meta_inf_mensal_fidc_tab_X_7.txt","False","False"
"X_7","DT_COMPTC","date","10",,,"meta_inf_mensal_fidc_tab_X_7.txt","False","False"
"X_7","TP_FUNDO_CLASSE","varchar","25",,,"meta_inf_mensal_fidc_tab_X_7.txt","False","False"
"X_7","TAB_X_PR_GARANTIA_DIRCRED","numeric",,"17","2","meta_inf_mensal_fidc_tab_X_7.txt","True","True"
"X_7","TAB_X_VL_GARANTIA_DIRCRED","numeric",,"17","2","meta_inf_mensal_fidc_tab_X_7.txt","True","True"
