tabela,campo,descricao,dominio,tipo,fonte,consulta
I,ADMIN,Nome do Administrador,Alfanumérico,varchar,https://dados.cvm.gov.br/dados/FIDC/DOC/INF_MENSAL/META/meta_inf_mensal_fidc_txt.zip,2026-10-07
I,CLASSE,Classe,Alfanumérico,varchar,https://dados.cvm.gov.br/dados/FIDC/DOC/INF_MENSAL/META/meta_inf_mensal_fidc_txt.zip,2026-10-07
I,CNPJ_ADMIN,CNPJ do Administrador,Alfanumérico,varchar,https://dados.cvm.gov.br/dados/FIDC/DOC/INF_MENSAL/META/meta_inf_mensal_fidc_txt.zip,2026-10-07
I,CNPJ_FUNDO_CLASSE,CNPJ do fundo/classe,Alfanumérico,varchar,https://dados.cvm.gov.br/dados/FIDC/DOC/INF_MENSAL/META/meta_inf_mensal_fidc_txt.zip,2026-10-07
I,CONDOM,Forma de condomínio,Aberto/Fechado,varchar,https://dados.cvm.gov.br/dados/FIDC/DOC/INF_MENSAL/META/meta_inf_mensal_fidc_txt.zip,2026-10-07
I,COTST_INTERESSE,Indica se todos os cotistas são vinculados por interesse único e indissociável,S/N,varchar,https://dados.cvm.gov.br/dados/FIDC/DOC/INF_MENSAL/META/meta_inf_mensal_fidc_txt.zip,2026-10-07
I,DENOM_SOCIAL,Denominação Social,Alfanumérico,varchar,https://dados.cvm.gov.br/dados/FIDC/DOC/INF_MENSAL/META/meta_inf_mensal_fidc_txt.zip,2026-10-07
I,DT_COMPTC,Data de competência do documento,AAAA-MM-DD,date,https://dados.cvm.gov.br/dados/FIDC/DOC/INF_MENSAL/META/meta_inf_mensal_fidc_txt.zip,2026-10-07
I,FUNDO_EXCLUSIVO,Indica se é fundo exclusivo,S/N,varchar,https://dados.cvm.gov.br/dados/FIDC/DOC/INF_MENSAL/META/meta_inf_mensal_fidc_txt.zip,2026-10-07
I,PRAZO_CONVERSAO_COTA,Prazo mínimo entre a data do pedido de resgate e a correspondente conversão em quantidade de cotas,Numérico,int,https://dados.cvm.gov.br/dados/FIDC/DOC/INF_MENSAL/META/meta_inf_mensal_fidc_txt.zip,2026-10-07
I,PRAZO_PAGTO_RESGATE,Prazo para o pagamento do resgate após a conversão em quantidade de cotas,Numérico,int,https://dados.cvm.gov.br/dados/FIDC/DOC/INF_MENSAL/META/meta_inf_mensal_fidc_txt.zip,2026-10-07
I,TAB_I_VL_ATIVO,(Tabela I) Ativo,Numérico,numeric,https://dados.cvm.gov.br/dados/FIDC/DOC/INF_MENSAL/META/meta_inf_mensal_fidc_txt.zip,2026-10-07
I,TAB_I1_VL_DISP,(I.1) Disponibilidades,Numérico,numeric,https://dados.cvm.gov.br/dados/FIDC/DOC/INF_MENSAL/META/meta_inf_mensal_fidc_txt.zip,2026-10-07
I,TAB_I2_COTA_FIDC,(I.2) (-) Provisões sobre Cotas de Fundos de Investimento em Direitos Creditórios,Numérico,numeric,https://dados.cvm.gov.br/dados/FIDC/DOC/INF_MENSAL/META/meta_inf_mensal_fidc_txt.zip,2026-10-07
I,TAB_I2_DEBENTURE_CRI,"(I.2) (-) Provisões sobre Debêntures, CRI, Notas Promissórias e Letras Financeiras",Numérico,numeric,https://dados.cvm.gov.br/dados/FIDC/DOC/INF_MENSAL/META/meta_inf_mensal_fidc_txt.zip,2026-10-07
I,TAB_I2_VL_CARTEIRA,(I.2) Carteira,Numérico,numeric,https://dados.cvm.gov.br/dados/FIDC/DOC/INF_MENSAL/META/meta_inf_mensal_fidc_txt.zip,2026-10-07
I,TAB_I2_VL_OUTRO_ATIVO,(I.2) (-) Provisões sobre outros ativos,Numérico,numeric,https://dados.cvm.gov.br/dados/FIDC/DOC/INF_MENSAL/META/meta_inf_mensal_fidc_txt.zip,2026-10-07
I,TAB_I2A_VL_DIRCRED_RISCO,(I.2.a) Direitos Creditórios com Aquisição Substancial dos Riscos e Benefícios,Numérico,numeric,https://dados.cvm.gov.br/dados/FIDC/DOC/INF_MENSAL/META/meta_inf_mensal_fidc_txt.zip,2026-10-07
I,TAB_I2A1_VL_CRED_VENC_AD,(I.2.a.1) Créditos Existentes a Vencer e Adimplentes,Numérico,numeric,https://dados.cvm.gov.br/dados/FIDC/DOC/INF_MENSAL/META/meta_inf_mensal_fidc_txt.zip,2026-10-07
I,TAB_I2A10_VL_CRED_DIVERSO,"(I.2.a.10) Outros créditos, de natureza diversa, não enquadráveis no disposto no inciso I do art. 2º da ICVM 356",Numérico,numeric,https://dados.cvm.gov.br/dados/FIDC/DOC/INF_MENSAL/META/meta_inf_mensal_fidc_txt.zip,2026-10-07
I,TAB_I2A11_VL_REDUCAO_RECUP,(I.2.a.11) Provisão para Redução no Valor de Recuperação (-),Numérico,numeric,https://dados.cvm.gov.br/dados/FIDC/DOC/INF_MENSAL/META/meta_inf_mensal_fidc_txt.zip,2026-10-07
I,TAB_I2A12_CPF_CNPJ_CEDENTE_1,(I.2.a.12) Direitos Creditórios: Cedente 1 - CPF ou CNPJ,Numérico,varchar,https://dados.cvm.gov.br/dados/FIDC/DOC/INF_MENSAL/META/meta_inf_mensal_fidc_txt.zip,2026-10-07
I,TAB_I2A12_CPF_CNPJ_CEDENTE_2,(I.2.a.12) Direitos Creditórios: Cedente 2 - CPF ou CNPJ,Numérico,varchar,https://dados.cvm.gov.br/dados/FIDC/DOC/INF_MENSAL/META/meta_inf_mensal_fidc_txt.zip,2026-10-07
I,TAB_I2A12_CPF_CNPJ_CEDENTE_3,(I.2.a.12) Direitos Creditórios: Cedente 3 - CPF ou CNPJ,Numérico,varchar,https://dados.cvm.gov.br/dados/FIDC/DOC/INF_MENSAL/META/meta_inf_mensal_fidc_txt.zip,2026-10-07
I,TAB_I2A12_CPF_CNPJ_CEDENTE_4,(I.2.a.12) Direitos Creditórios: Cedente 4 - CPF ou CNPJ,Numérico,varchar,https://dados.cvm.gov.br/dados/FIDC/DOC/INF_MENSAL/META/meta_inf_mensal_fidc_txt.zip,2026-10-07
I,TAB_I2A12_CPF_CNPJ_CEDENTE_5,(I.2.a.12) Direitos Creditórios: Cedente 5 - CPF ou CNPJ,Numérico,varchar,https://dados.cvm.gov.br/dados/FIDC/DOC/INF_MENSAL/META/meta_inf_mensal_fidc_txt.zip,2026-10-07
I,TAB_I2A12_CPF_CNPJ_CEDENTE_6,(I.2.a.12) Direitos Creditórios: Cedente 6 - CPF ou CNPJ,Numérico,varchar,https://dados.cvm.gov.br/dados/FIDC/DOC/INF_MENSAL/META/meta_inf_mensal_fidc_txt.zip,2026-10-07
I,TAB_I2A12_CPF_CNPJ_CEDENTE_7,(I.2.a.12) Direitos Creditórios: Cedente 7 - CPF ou CNPJ,Numérico,varchar,https://dados.cvm.gov.br/dados/FIDC/DOC/INF_MENSAL/META/meta_inf_mensal_fidc_txt.zip,2026-10-07
I,TAB_I2A12_CPF_CNPJ_CEDENTE_8,(I.2.a.12) Direitos Creditórios: Cedente 8 - CPF ou CNPJ,Numérico,varchar,https://dados.cvm.gov.br/dados/FIDC/DOC/INF_MENSAL/META/meta_inf_mensal_fidc_txt.zip,2026-10-07
I,TAB_I2A12_CPF_CNPJ_CEDENTE_9,(I.2.a.12) Direitos Creditórios: Cedente 9 - CPF ou CNPJ,Numérico,varchar,https://dados.cvm.gov.br/dados/FIDC/DOC/INF_MENSAL/META/meta_inf_mensal_fidc_txt.zip,2026-10-07
I,TAB_I2A12_PR_CEDENTE_1,(I.2.a.12) Direitos Creditórios: Cedente 1 - Valor do Percentual de Participação,Numérico,numeric,https://dados.cvm.gov.br/dados/FIDC/DOC/INF_MENSAL/META/meta_inf_mensal_fidc_txt.zip,2026-10-07
I,TAB_I2A12_PR_CEDENTE_2,(I.2.a.12) Direitos Creditórios: Cedente 2 - Valor do Percentual de Participação,Numérico,numeric,https://dados.cvm.gov.br/dados/FIDC/DOC/INF_MENSAL/META/meta_inf_mensal_fidc_txt.zip,2026-10-07
I,TAB_I2A12_PR_CEDENTE_3,(I.2.a.12) Direitos Creditórios: Cedente 3 - Valor do Percentual de Participação,Numérico,numeric,https://dados.cvm.gov.br/dados/FIDC/DOC/INF_MENSAL/META/meta_inf_mensal_fidc_txt.zip,2026-10-07
I,TAB_I2A12_PR_CEDENTE_4,(I.2.a.12) Direitos Creditórios: Cedente 4 - Valor do Percentual de Participação,Numérico,numeric,https://dados.cvm.gov.br/dados/FIDC/DOC/INF_MENSAL/META/meta_inf_mensal_fidc_txt.zip,2026-10-07
I,TAB_I2A12_PR_CEDENTE_5,(I.2.a.12) Direitos Creditórios: Cedente 5 - Valor do Percentual de Participação,Numérico,numeric,https://dados.cvm.gov.br/dados/FIDC/DOC/INF_MENSAL/META/meta_inf_mensal_fidc_txt.zip,2026-10-07
I,TAB_I2A12_PR_CEDENTE_6,(I.2.a.12) Direitos Creditórios: Cedente 6 - Valor do Percentual de Participação,Numérico,numeric,https://dados.cvm.gov.br/dados/FIDC/DOC/INF_MENSAL/META/meta_inf_mensal_fidc_txt.zip,2026-10-07
I,TAB_I2A12_PR_CEDENTE_7,(I.2.a.12) Direitos Creditórios: Cedente 7 - Valor do Percentual de Participação,Numérico,numeric,https://dados.cvm.gov.br/dados/FIDC/DOC/INF_MENSAL/META/meta_inf_mensal_fidc_txt.zip,2026-10-07
I,TAB_I2A12_PR_CEDENTE_8,(I.2.a.12) Direitos Creditórios: Cedente 8 - Valor do Percentual de Participação,Numérico,numeric,https://dados.cvm.gov.br/dados/FIDC/DOC/INF_MENSAL/META/meta_inf_mensal_fidc_txt.zip,2026-10-07
I,TAB_I2A12_PR_CEDENTE_9,(I.2.a.12) Direitos Creditórios: Cedente 9 - Valor do Percentual de Participação,Numérico,numeric,https://dados.cvm.gov.br/dados/FIDC/DOC/INF_MENSAL/META/meta_inf_mensal_fidc_txt.zip,2026-10-07
I,TAB_I2A2_VL_CRED_VENC_INAD,(I.2.a.2) Créditos Existentes a Vencer com Parcelas Inadimplentes,Numérico,numeric,https://dados.cvm.gov.br/dados/FIDC/DOC/INF_MENSAL/META/meta_inf_mensal_fidc_txt.zip,2026-10-07
I,TAB_I2A21_VL_TOTAL_PARCELA_INAD,(I.2.a.2.1) Valor Total das Parcelas Inadimplentes,Numérico,numeric,https://dados.cvm.gov.br/dados/FIDC/DOC/INF_MENSAL/META/meta_inf_mensal_fidc_txt.zip,2026-10-07
I,TAB_I2A3_VL_CRED_INAD,(I.2.a.3) Créditos Existentes Inadimplentes,Numérico,numeric,https://dados.cvm.gov.br/dados/FIDC/DOC/INF_MENSAL/META/meta_inf_mensal_fidc_txt.zip,2026-10-07
I,TAB_I2A4_VL_CRED_DIRCRED_PERFM,(I.2.a.4) Créditos Referentes a Direitos Creditórios a Performar,Numérico,numeric,https://dados.cvm.gov.br/dados/FIDC/DOC/INF_MENSAL/META/meta_inf_mensal_fidc_txt.zip,2026-10-07
I,TAB_I2A5_VL_CRED_VENCIDO_PENDENTE,(I.2.a.5) Créditos que estejam vencidos e pendentes de pagamento quando da sua cessão para o fundo,Numérico,numeric,https://dados.cvm.gov.br/dados/FIDC/DOC/INF_MENSAL/META/meta_inf_mensal_fidc_txt.zip,2026-10-07
I,TAB_I2A6_VL_CRED_EMP_RECUP,(I.2.a.6) Créditos Originados de Empresas em Processo de Recuperação Judicial ou Extrajudicial,Numérico,numeric,https://dados.cvm.gov.br/dados/FIDC/DOC/INF_MENSAL/META/meta_inf_mensal_fidc_txt.zip,2026-10-07
I,TAB_I2A7_VL_CRED_RECEITA_PUBLICA,"(I.2.a.7) Créditos decorrentes de receitas públicas originárias ou derivadas da União, Estados, Distrito Federal e Municípios, suas Autarquias e Fundações",Numérico,numeric,https://dados.cvm.gov.br/dados/FIDC/DOC/INF_MENSAL/META/meta_inf_mensal_fidc_txt.zip,2026-10-07
I,TAB_I2A8_VL_CRED_ACAO_JUDIC,"(I.2.a.8) Créditos que resultem de ações judiciais em curso, constituam seu objeto de litígio ou tenham sido judicialmente penhorados ou dados em garantia",Numérico,numeric,https://dados.cvm.gov.br/dados/FIDC/DOC/INF_MENSAL/META/meta_inf_mensal_fidc_txt.zip,2026-10-07
I,TAB_I2A9_VL_CRED_FATOR_RISCO,(I.2.a.9) Créditos cuja constituição ou validade jurídica da cessão para o fundo seja considerada um fator preponderante de risco,Numérico,numeric,https://dados.cvm.gov.br/dados/FIDC/DOC/INF_MENSAL/META/meta_inf_mensal_fidc_txt.zip,2026-10-07
I,TAB_I2B_VL_DIRCRED_SEM_RISCO,(I.2.b) Direitos Creditórios sem Aquisição Substancial dos Riscos e Benefícios,Numérico,numeric,https://dados.cvm.gov.br/dados/FIDC/DOC/INF_MENSAL/META/meta_inf_mensal_fidc_txt.zip,2026-10-07
I,TAB_I2B1_VL_CRED_VENC_AD,(I.2.b.1) Créditos Existentes a Vencer e Adimplentes (ICVM 576),Numérico,numeric,https://dados.cvm.gov.br/dados/FIDC/DOC/INF_MENSAL/META/meta_inf_mensal_fidc_txt.zip,2026-10-07
I,TAB_I2B10_VL_CRED_DIVERSO,"(I.2.b.10) Outros créditos, de natureza diversa, não enquadráveis no disposto no inciso I do art. 2º da ICVM 356",Numérico,numeric,https://dados.cvm.gov.br/dados/FIDC/DOC/INF_MENSAL/META/meta_inf_mensal_fidc_txt.zip,2026-10-07
I,TAB_I2B11_VL_REDUCAO_RECUP,(I.2.b.11) Provisão para Redução no Valor de Recuperação (-),Numérico,numeric,https://dados.cvm.gov.br/dados/FIDC/DOC/INF_MENSAL/META/meta_inf_mensal_fidc_txt.zip,2026-10-07
I,TAB_I2B12_CPF_CNPJ_CEDENTE_1,(I.2.b.12) Direitos Creditórios: Cedente 1 - CPF ou CNPJ,Numérico,varchar,https://dados.cvm.gov.br/dados/FIDC/DOC/INF_MENSAL/META/meta_inf_mensal_fidc_txt.zip,2026-10-07
I,TAB_I2B12_CPF_CNPJ_CEDENTE_2,(I.2.b.12) Direitos Creditórios: Cedente 2 - CPF ou CNPJ,Numérico,varchar,https://dados.cvm.gov.br/dados/FIDC/DOC/INF_MENSAL/META/meta_inf_mensal_fidc_txt.zip,2026-10-07
I,TAB_I2B12_CPF_CNPJ_CEDENTE_3,(I.2.b.12) Direitos Creditórios: Cedente 3 - CPF ou CNPJ,Numérico,varchar,https://dados.cvm.gov.br/dados/FIDC/DOC/INF_MENSAL/META/meta_inf_mensal_fidc_txt.zip,2026-10-07
I,TAB_I2B12_CPF_CNPJ_CEDENTE_4,(I.2.b.12) Direitos Creditórios: Cedente 4 - CPF ou CNPJ,Numérico,varchar,https://dados.cvm.gov.br/dados/FIDC/DOC/INF_MENSAL/META/meta_inf_mensal_fidc_txt.zip,2026-10-07
I,TAB_I2B12_CPF_CNPJ_CEDENTE_5,(I.2.b.12) Direitos Creditórios: Cedente 5 - CPF ou CNPJ,Numérico,varchar,https://dados.cvm.gov.br/dados/FIDC/DOC/INF_MENSAL/META/meta_inf_mensal_fidc_txt.zip,2026-10-07
I,TAB_I2B12_CPF_CNPJ_CEDENTE_6,(I.2.b.12) Direitos Creditórios: Cedente 6 - CPF ou CNPJ,Numérico,varchar,https://dados.cvm.gov.br/dados/FIDC/DOC/INF_MENSAL/META/meta_inf_mensal_fidc_txt.zip,2026-10-07
I,TAB_I2B12_CPF_CNPJ_CEDENTE_7,(I.2.b.12) Direitos Creditórios: Cedente 7 - CPF ou CNPJ,Numérico,varchar,https://dados.cvm.gov.br/dados/FIDC/DOC/INF_MENSAL/META/meta_inf_mensal_fidc_txt.zip,2026-10-07
I,TAB_I2B12_CPF_CNPJ_CEDENTE_8,(I.2.b.12) Direitos Creditórios: Cedente 8 - CPF ou CNPJ,Numérico,varchar,https://dados.cvm.gov.br/dados/FIDC/DOC/INF_MENSAL/META/meta_inf_mensal_fidc_txt.zip,2026-10-07
I,TAB_I2B12_CPF_CNPJ_CEDENTE_9,(I.2.b.12) Direitos Creditórios: Cedente 9 - CPF ou CNPJ,Numérico,varchar,https://dados.cvm.gov.br/dados/FIDC/DOC/INF_MENSAL/META/meta_inf_mensal_fidc_txt.zip,2026-10-07
I,TAB_I2B12_PR_CEDENTE_1,(I.2.b.12) Direitos Creditórios: Cedente 1 - Valor do Percentual de Participação,Numérico,numeric,https://dados.cvm.gov.br/dados/FIDC/DOC/INF_MENSAL/META/meta_inf_mensal_fidc_txt.zip,2026-10-07
I,TAB_I2B12_PR_CEDENTE_2,(I.2.b.12) Direitos Creditórios: Cedente 2 - Valor do Percentual de Participação,Numérico,numeric,https://dados.cvm.gov.br/dados/FIDC/DOC/INF_MENSAL/META/meta_inf_mensal_fidc_txt.zip,2026-10-07
I,TAB_I2B12_PR_CEDENTE_3,(I.2.b.12) Direitos Creditórios: Cedente 3 - Valor do Percentual de Participação,Numérico,numeric,https://dados.cvm.gov.br/dados/FIDC/DOC/INF_MENSAL/META/meta_inf_mensal_fidc_txt.zip,2026-10-07
I,TAB_I2B12_PR_CEDENTE_4,(I.2.b.12) Direitos Creditórios: Cedente 4 - Valor do Percentual de Participação,Numérico,numeric,https://dados.cvm.gov.br/dados/FIDC/DOC/INF_MENSAL/META/meta_inf_mensal_fidc_txt.zip,2026-10-07
I,TAB_I2B12_PR_CEDENTE_5,(I.2.b.12) Direitos Creditórios: Cedente 5 - Valor do Percentual de Participação,Numérico,numeric,https://dados.cvm.gov.br/dados/FIDC/DOC/INF_MENSAL/META/meta_inf_mensal_fidc_txt.zip,2026-10-07
I,TAB_I2B12_PR_CEDENTE_6,(I.2.b.12) Direitos Creditórios: Cedente 6 - Valor do Percentual de Participação,Numérico,numeric,https://dados.cvm.gov.br/dados/FIDC/DOC/INF_MENSAL/META/meta_inf_mensal_fidc_txt.zip,2026-10-07
I,TAB_I2B12_PR_CEDENTE_7,(I.2.b.12) Direitos Creditórios: Cedente 7 - Valor do Percentual de Participação,Numérico,numeric,https://dados.cvm.gov.br/dados/FIDC/DOC/INF_MENSAL/META/meta_inf_mensal_fidc_txt.zip,2026-10-07
I,TAB_I2B12_PR_CEDENTE_8,(I.2.b.12) Direitos Creditórios: Cedente 8 - Valor do Percentual de Participação,Numérico,numeric,https://dados.cvm.gov.br/dados/FIDC/DOC/INF_MENSAL/META/meta_inf_mensal_fidc_txt.zip,2026-10-07
I,TAB_I2B12_PR_CEDENTE_9,(I.2.b.12) Direitos Creditórios: Cedente 9 - Valor do Percentual de Participação,Numérico,numeric,https://dados.cvm.gov.br/dados/FIDC/DOC/INF_MENSAL/META/meta_inf_mensal_fidc_txt.zip,2026-10-07
I,TAB_I2B2_VL_CRED_VENC_INAD,(I.2.b.2) Créditos Existentes a Vencer com Parcelas Inadimplentes,Numérico,numeric,https://dados.cvm.gov.br/dados/FIDC/DOC/INF_MENSAL/META/meta_inf_mensal_fidc_txt.zip,2026-10-07
I,TAB_I2B21_VL_TOTAL_PARCELA_INAD,(I.2.b.2.1) Valor Total das Parcelas Inadimplentes,Numérico,numeric,https://dados.cvm.gov.br/dados/FIDC/DOC/INF_MENSAL/META/meta_inf_mensal_fidc_txt.zip,2026-10-07
I,TAB_I2B3_VL_CRED_INAD,(I.2.b.3) Créditos Existentes Inadimplentes,Numérico,numeric,https://dados.cvm.gov.br/dados/FIDC/DOC/INF_MENSAL/META/meta_inf_mensal_fidc_txt.zip,2026-10-07
I,TAB_I2B4_VL_CRED_DIRCRED_PERFM,(I.2.b.4) Créditos Referentes a Direitos Creditórios a Performar,Numérico,numeric,https://dados.cvm.gov.br/dados/FIDC/DOC/INF_MENSAL/META/meta_inf_mensal_fidc_txt.zip,2026-10-07
I,TAB_I2B5_VL_CRED_VENCIDO_PENDENTE,(I.2.b.5) Créditos que estejam vencidos e pendentes de pagamento quando da sua cessão para o fundo,Numérico,numeric,https://dados.cvm.gov.br/dados/FIDC/DOC/INF_MENSAL/META/meta_inf_mensal_fidc_txt.zip,2026-10-07
I,TAB_I2B6_VL_CRED_EMP_RECUP,(I.2.b.6) Créditos Originados de Empresas em Processo de Recuperação Judicial ou Extrajudicial,Numérico,numeric,https://dados.cvm.gov.br/dados/FIDC/DOC/INF_MENSAL/META/meta_inf_mensal_fidc_txt.zip,2026-10-07
I,TAB_I2B7_VL_CRED_RECEITA_PUBLICA,"(I.2.b.7) Créditos decorrentes de receitas públicas originárias ou derivadas da União, Estados, Distrito Federal e Municípios, suas Autarquias e Fundações",Numérico,numeric,https://dados.cvm.gov.br/dados/FIDC/DOC/INF_MENSAL/META/meta_inf_mensal_fidc_txt.zip,2026-10-07
I,TAB_I2B8_VL_CRED_ACAO_JUDIC,"(I.2.b.8) Créditos que resultem de ações judiciais em curso, constituam seu objeto de litígio ou tenham sido judicialmente penhorados ou dados em garantia",Numérico,numeric,https://dados.cvm.gov.br/dados/FIDC/DOC/INF_MENSAL/META/meta_inf_mensal_fidc_txt.zip,2026-10-07
I,TAB_I2B9_VL_CRED_FATOR_RISCO,(I.2.b.9) Créditos cuja constituição ou validade jurídica da cessão para o fundo seja considerada um fator preponderante de risco,Numérico,numeric,https://dados.cvm.gov.br/dados/FIDC/DOC/INF_MENSAL/META/meta_inf_mensal_fidc_txt.zip,2026-10-07
I,TAB_I2C_VL_VLMOB,(I.2.c) Valores Mobiliários,Numérico,numeric,https://dados.cvm.gov.br/dados/FIDC/DOC/INF_MENSAL/META/meta_inf_mensal_fidc_txt.zip,2026-10-07
I,TAB_I2C1_VL_DEBENTURE,(I.2.c.1) Debêntures,Numérico,numeric,https://dados.cvm.gov.br/dados/FIDC/DOC/INF_MENSAL/META/meta_inf_mensal_fidc_txt.zip,2026-10-07
I,TAB_I2C2_VL_CRI,(I.2.c.2) CRI,Numérico,numeric,https://dados.cvm.gov.br/dados/FIDC/DOC/INF_MENSAL/META/meta_inf_mensal_fidc_txt.zip,2026-10-07
I,TAB_I2C3_VL_NP_COMERC,(I.2.c.3) Notas Promissórias Comerciais,Numérico,numeric,https://dados.cvm.gov.br/dados/FIDC/DOC/INF_MENSAL/META/meta_inf_mensal_fidc_txt.zip,2026-10-07
I,TAB_I2C4_VL_LETRA_FINANC,(I.2.c.4) Letras Financeiras,Numérico,numeric,https://dados.cvm.gov.br/dados/FIDC/DOC/INF_MENSAL/META/meta_inf_mensal_fidc_txt.zip,2026-10-07
I,TAB_I2C5_VL_COTA_FIF,(I.2.c.5) Classes de Cotas dos FIF - Anexo I da RCVM 175,Numérico,numeric,https://dados.cvm.gov.br/dados/FIDC/DOC/INF_MENSAL/META/meta_inf_mensal_fidc_txt.zip,2026-10-07
I,TAB_I2C5_VL_COTA_FUNDO_ICVM555,(I.2.c.5) Cotas de Fundos da ICVM 555,Numérico,numeric,https://dados.cvm.gov.br/dados/FIDC/DOC/INF_MENSAL/META/meta_inf_mensal_fidc_txt.zip,2026-10-07
I,TAB_I2C6_VL_OUTRO,(I.2.c.6) Outros,Numérico,numeric,https://dados.cvm.gov.br/dados/FIDC/DOC/INF_MENSAL/META/meta_inf_mensal_fidc_txt.zip,2026-10-07
I,TAB_I2D_VL_TITPUB_FED,(I.2.d) Títulos Públicos Federais,Numérico,numeric,https://dados.cvm.gov.br/dados/FIDC/DOC/INF_MENSAL/META/meta_inf_mensal_fidc_txt.zip,2026-10-07
I,TAB_I2E_VL_CDB,(I.2.e) Certificados de Depósitos Bancários,Numérico,numeric,https://dados.cvm.gov.br/dados/FIDC/DOC/INF_MENSAL/META/meta_inf_mensal_fidc_txt.zip,2026-10-07
I,TAB_I2F_VL_OPER_COMPROM,(I.2.f) Aplicações em Operações Compromissadas,Numérico,numeric,https://dados.cvm.gov.br/dados/FIDC/DOC/INF_MENSAL/META/meta_inf_mensal_fidc_txt.zip,2026-10-07
I,TAB_I2G_VL_OUTRO_RF,(I.2.g) Outros Ativos Financeiros de Renda Fixa,Numérico,numeric,https://dados.cvm.gov.br/dados/FIDC/DOC/INF_MENSAL/META/meta_inf_mensal_fidc_txt.zip,2026-10-07
I,TAB_I2H_VL_COTA_FIDC,(I.2.h) Cotas de Fundos de Investimento em Direitos Creditórios,Numérico,numeric,https://dados.cvm.gov.br/dados/FIDC/DOC/INF_MENSAL/META/meta_inf_mensal_fidc_txt.zip,2026-10-07
I,TAB_I2I_VL_COTA_FIDC_NP,(I.2.i) Cotas de Fundos de Investimento em Direitos Creditórios Não Padronizados,Numérico,numeric,https://dados.cvm.gov.br/dados/FIDC/DOC/INF_MENSAL/META/meta_inf_mensal_fidc_txt.zip,2026-10-07
I,TAB_I2J_VL_CONTRATO_FUTURO,"(I.2.j) Warrants, Contrato de Compra e Venda de Produtos, Mercadorias e/ou Serviços para Entrega ou Prestação Futura",Numérico,numeric,https://dados.cvm.gov.br/dados/FIDC/DOC/INF_MENSAL/META/meta_inf_mensal_fidc_txt.zip,2026-10-07
I,TAB_I3_VL_POSICAO_DERIV,(I.3) Posições Mantidas em Mercados de Derivativos,Numérico,numeric,https://dados.cvm.gov.br/dados/FIDC/DOC/INF_MENSAL/META/meta_inf_mensal_fidc_txt.zip,2026-10-07
I,TAB_I3A_VL_MERCADO_TERMO,(I.3.a) Mercado a Termo - Posições Compradas,Numérico,numeric,https://dados.cvm.gov.br/dados/FIDC/DOC/INF_MENSAL/META/meta_inf_mensal_fidc_txt.zip,2026-10-07
I,TAB_I3B_VL_MERCADO_OPCAO,(I.3.b) Mercado de Opções - Posições Titulares,Numérico,numeric,https://dados.cvm.gov.br/dados/FIDC/DOC/INF_MENSAL/META/meta_inf_mensal_fidc_txt.zip,2026-10-07
I,TAB_I3C_VL_MERCADO_FUTURO,(I.3.c) Mercado Futuro - Ajustes Positivos,Numérico,numeric,https://dados.cvm.gov.br/dados/FIDC/DOC/INF_MENSAL/META/meta_inf_mensal_fidc_txt.zip,2026-10-07
I,TAB_I3D_VL_DIFER_SWAP,(I.3.d) Diferencial de Swap a Receber,Numérico,numeric,https://dados.cvm.gov.br/dados/FIDC/DOC/INF_MENSAL/META/meta_inf_mensal_fidc_txt.zip,2026-10-07
I,TAB_I3E_VL_COBERTURA,(I.3.e) Coberturas Prestadas,Numérico,numeric,https://dados.cvm.gov.br/dados/FIDC/DOC/INF_MENSAL/META/meta_inf_mensal_fidc_txt.zip,2026-10-07
I,TAB_I3F_VL_DEPOSITO_MARGEM,(I.3.f) Depósitos de Margem,Numérico,numeric,https://dados.cvm.gov.br/dados/FIDC/DOC/INF_MENSAL/META/meta_inf_mensal_fidc_txt.zip,2026-10-07
I,TAB_I4_VL_OUTRO_ATIVO,(I.4) Outros Ativos,Numérico,numeric,https://dados.cvm.gov.br/dados/FIDC/DOC/INF_MENSAL/META/meta_inf_mensal_fidc_txt.zip,2026-10-07
I,TAB_I4A_VL_CPRAZO,(I.4.a) Curto Prazo (realização em até 12 meses da data do informe),Numérico,numeric,https://dados.cvm.gov.br/dados/FIDC/DOC/INF_MENSAL/META/meta_inf_mensal_fidc_txt.zip,2026-10-07
I,TAB_I4B_VL_LPRAZO,(I.4.b) Longo Prazo (realização após 12 meses da data do informe),Numérico,numeric,https://dados.cvm.gov.br/dados/FIDC/DOC/INF_MENSAL/META/meta_inf_mensal_fidc_txt.zip,2026-10-07
I,TP_FUNDO_CLASSE,Tipo de fundo/classe,Alfanumérico,varchar,https://dados.cvm.gov.br/dados/FIDC/DOC/INF_MENSAL/META/meta_inf_mensal_fidc_txt.zip,2026-10-07
I,TP_PRAZO_CONVERSAO_COTA,Tipo do prazo para conversão em quantidade de cotas,Alfanumérico,varchar,https://dados.cvm.gov.br/dados/FIDC/DOC/INF_MENSAL/META/meta_inf_mensal_fidc_txt.zip,2026-10-07
I,TP_PRAZO_PAGTO_RESGATE,Tipo do prazo para o pagamento do resgate,Alfanumérico,varchar,https://dados.cvm.gov.br/dados/FIDC/DOC/INF_MENSAL/META/meta_inf_mensal_fidc_txt.zip,2026-10-07
I,CLASSE_UNICA,"","",varchar,https://dados.cvm.gov.br/dados/FIDC/DOC/INF_MENSAL/META/meta_inf_mensal_fidc_txt.zip,2026-10-07
I,CNPJ_CLASSE,"","",varchar,https://dados.cvm.gov.br/dados/FIDC/DOC/INF_MENSAL/META/meta_inf_mensal_fidc_txt.zip,2026-10-07
II,CNPJ_FUNDO_CLASSE,CNPJ do fundo/classe,Alfanumérico,varchar,https://dados.cvm.gov.br/dados/FIDC/DOC/INF_MENSAL/META/meta_inf_mensal_fidc_txt.zip,2026-10-07
II,DENOM_SOCIAL,Denominação Social,Alfanumérico,varchar,https://dados.cvm.gov.br/dados/FIDC/DOC/INF_MENSAL/META/meta_inf_mensal_fidc_txt.zip,2026-10-07
II,DT_COMPTC,Data de competência do documento,AAAA-MM-DD,date,https://dados.cvm.gov.br/dados/FIDC/DOC/INF_MENSAL/META/meta_inf_mensal_fidc_txt.zip,2026-10-07
II,TAB_II_A_VL_INDUST,(II.a) Industrial,Numérico,numeric,https://dados.cvm.gov.br/dados/FIDC/DOC/INF_MENSAL/META/meta_inf_mensal_fidc_txt.zip,2026-10-07
II,TAB_II_B_VL_IMOBIL,(II.b) Mercado Imobiliário (não financeiro - ver itens f6 e f7),Numérico,numeric,https://dados.cvm.gov.br/dados/FIDC/DOC/INF_MENSAL/META/meta_inf_mensal_fidc_txt.zip,2026-10-07
II,TAB_II_C_VL_COMERC,(II.c) Comercial,Numérico,numeric,https://dados.cvm.gov.br/dados/FIDC/DOC/INF_MENSAL/META/meta_inf_mensal_fidc_txt.zip,2026-10-07
II,TAB_II_C1_VL_COMERC,(II.c.1) Comercial,Numérico,numeric,https://dados.cvm.gov.br/dados/FIDC/DOC/INF_MENSAL/META/meta_inf_mensal_fidc_txt.zip,2026-10-07
II,TAB_II_C2_VL_VAREJO,(II.c.2) Comercial - Varejo,Numérico,numeric,https://dados.cvm.gov.br/dados/FIDC/DOC/INF_MENSAL/META/meta_inf_mensal_fidc_txt.zip,2026-10-07
II,TAB_II_C3_VL_ARREND,(II.c.3) Arrendamento Mercantil,Numérico,numeric,https://dados.cvm.gov.br/dados/FIDC/DOC/INF_MENSAL/META/meta_inf_mensal_fidc_txt.zip,2026-10-07
II,TAB_II_D_VL_SERV,(II.d) Serviços,Numérico,numeric,https://dados.cvm.gov.br/dados/FIDC/DOC/INF_MENSAL/META/meta_inf_mensal_fidc_txt.zip,2026-10-07
II,TAB_II_D1_VL_SERV,(II.d.1) Serviços,Numérico,numeric,https://dados.cvm.gov.br/dados/FIDC/DOC/INF_MENSAL/META/meta_inf_mensal_fidc_txt.zip,2026-10-07
II,TAB_II_D2_VL_SERV_PUBLICO,"(II.d.2) Serviços Públicos (eletricidade, telefonia, transporte, saneamento, etc)",Numérico,numeric,https://dados.cvm.gov.br/dados/FIDC/DOC/INF_MENSAL/META/meta_inf_mensal_fidc_txt.zip,2026-10-07
II,TAB_II_D3_VL_SERV_EDUC,(II.d.3) Serviços Educacionais,Numérico,numeric,https://dados.cvm.gov.br/dados/FIDC/DOC/INF_MENSAL/META/meta_inf_mensal_fidc_txt.zip,2026-10-07
II,TAB_II_D4_VL_ENTRET,(II.d.4) Entretenimento,Numérico,numeric,https://dados.cvm.gov.br/dados/FIDC/DOC/INF_MENSAL/META/meta_inf_mensal_fidc_txt.zip,2026-10-07
II,TAB_II_E_VL_AGRONEG,(II.e) Agronegócio,Numérico,numeric,https://dados.cvm.gov.br/dados/FIDC/DOC/INF_MENSAL/META/meta_inf_mensal_fidc_txt.zip,2026-10-07
II,TAB_II_F_VL_FINANC,(II.f) Financeiro,Numérico,numeric,https://dados.cvm.gov.br/dados/FIDC/DOC/INF_MENSAL/META/meta_inf_mensal_fidc_txt.zip,2026-10-07
II,TAB_II_F1_VL_CRED_PESSOA,(II.f.1) Crédito Pessoal,Numérico,numeric,https://dados.cvm.gov.br/dados/FIDC/DOC/INF_MENSAL/META/meta_inf_mensal_fidc_txt.zip,2026-10-07
II,TAB_II_F2_VL_CRED_PESSOA_CONSIG,(II.f.2) Crédito Pessoal Consignado,Numérico,numeric,https://dados.cvm.gov.br/dados/FIDC/DOC/INF_MENSAL/META/meta_inf_mensal_fidc_txt.zip,2026-10-07
II,TAB_II_F3_VL_CRED_CORP,(II.f.3) Direitos Crédito Corporativo,Numérico,numeric,https://dados.cvm.gov.br/dados/FIDC/DOC/INF_MENSAL/META/meta_inf_mensal_fidc_txt.zip,2026-10-07
II,TAB_II_F4_VL_MIDMARKET,(II.f.4) Middle Market,Numérico,numeric,https://dados.cvm.gov.br/dados/FIDC/DOC/INF_MENSAL/META/meta_inf_mensal_fidc_txt.zip,2026-10-07
II,TAB_II_F5_VL_VEICULO,(II.f.5) Veículos,Numérico,numeric,https://dados.cvm.gov.br/dados/FIDC/DOC/INF_MENSAL/META/meta_inf_mensal_fidc_txt.zip,2026-10-07
II,TAB_II_F6_VL_IMOBIL_EMPRESA,(II.f.6) Carteira Imobiliária - Empresarial,Numérico,numeric,https://dados.cvm.gov.br/dados/FIDC/DOC/INF_MENSAL/META/meta_inf_mensal_fidc_txt.zip,2026-10-07
II,TAB_II_F7_VL_IMOBIL_RESID,(II.f.7) Carteira Imobiliária - Residencial,Numérico,numeric,https://dados.cvm.gov.br/dados/FIDC/DOC/INF_MENSAL/META/meta_inf_mensal_fidc_txt.zip,2026-10-07
II,TAB_II_F8_VL_OUTRO,(II.f.8) Outros,Numérico,numeric,https://dados.cvm.gov.br/dados/FIDC/DOC/INF_MENSAL/META/meta_inf_mensal_fidc_txt.zip,2026-10-07
II,TAB_II_G_VL_CREDITO,(II.g) Cartão de Crédito,Numérico,numeric,https://dados.cvm.gov.br/dados/FIDC/DOC/INF_MENSAL/META/meta_inf_mensal_fidc_txt.zip,2026-10-07
II,TAB_II_H_VL_FACTOR,(II.h) Factoring,Numérico,numeric,https://dados.cvm.gov.br/dados/FIDC/DOC/INF_MENSAL/META/meta_inf_mensal_fidc_txt.zip,2026-10-07
II,TAB_II_H1_VL_PESSOA,(II.h.1) Factoring - Pessoal (Perfil do Sacado),Numérico,numeric,https://dados.cvm.gov.br/dados/FIDC/DOC/INF_MENSAL/META/meta_inf_mensal_fidc_txt.zip,2026-10-07
II,TAB_II_H2_VL_CORP,(II.h.2) Factoring - Corporativo (Perfil do Sacado),Numérico,numeric,https://dados.cvm.gov.br/dados/FIDC/DOC/INF_MENSAL/META/meta_inf_mensal_fidc_txt.zip,2026-10-07
II,TAB_II_I_VL_SETOR_PUBLICO,"(II.i) Setor Público (art. 1º, §1º, II, ICVM 444)",Numérico,numeric,https://dados.cvm.gov.br/dados/FIDC/DOC/INF_MENSAL/META/meta_inf_mensal_fidc_txt.zip,2026-10-07
II,TAB_II_I1_VL_PRECAT,(II.i.1) Precatórios,Numérico,numeric,https://dados.cvm.gov.br/dados/FIDC/DOC/INF_MENSAL/META/meta_inf_mensal_fidc_txt.zip,2026-10-07
II,TAB_II_I2_VL_TRIBUT,(II.i.2) Créditos Tributários,Numérico,numeric,https://dados.cvm.gov.br/dados/FIDC/DOC/INF_MENSAL/META/meta_inf_mensal_fidc_txt.zip,2026-10-07
II,TAB_II_I3_VL_ROYALTIES,(II.i.3) Royalties,Numérico,numeric,https://dados.cvm.gov.br/dados/FIDC/DOC/INF_MENSAL/META/meta_inf_mensal_fidc_txt.zip,2026-10-07
II,TAB_II_I4_VL_OUTRO,(II.i.4) Outros,Numérico,numeric,https://dados.cvm.gov.br/dados/FIDC/DOC/INF_MENSAL/META/meta_inf_mensal_fidc_txt.zip,2026-10-07
II,TAB_II_J_VL_JUDICIAL,"(II.j) Ações Judiciais (art. 1º, §1º, III, ICVM 444)",Numérico,numeric,https://dados.cvm.gov.br/dados/FIDC/DOC/INF_MENSAL/META/meta_inf_mensal_fidc_txt.zip,2026-10-07
II,TAB_II_K_VL_MARCA,(II.k) Propriedade Intelectual e Marcas & Patentes,Numérico,numeric,https://dados.cvm.gov.br/dados/FIDC/DOC/INF_MENSAL/META/meta_inf_mensal_fidc_txt.zip,2026-10-07
II,TAB_II_VL_CARTEIRA,(Tabela II) Carteira por Segmento,Numérico,numeric,https://dados.cvm.gov.br/dados/FIDC/DOC/INF_MENSAL/META/meta_inf_mensal_fidc_txt.zip,2026-10-07
II,TP_FUNDO_CLASSE,Tipo de fundo/classe,Alfanumérico,varchar,https://dados.cvm.gov.br/dados/FIDC/DOC/INF_MENSAL/META/meta_inf_mensal_fidc_txt.zip,2026-10-07
III,CNPJ_FUNDO_CLASSE,CNPJ do fundo/classe,Alfanumérico,varchar,https://dados.cvm.gov.br/dados/FIDC/DOC/INF_MENSAL/META/meta_inf_mensal_fidc_txt.zip,2026-10-07
III,DENOM_SOCIAL,Denominação Social,Alfanumérico,varchar,https://dados.cvm.gov.br/dados/FIDC/DOC/INF_MENSAL/META/meta_inf_mensal_fidc_txt.zip,2026-10-07
III,DT_COMPTC,Data de competência do documento,AAAA-MM-DD,date,https://dados.cvm.gov.br/dados/FIDC/DOC/INF_MENSAL/META/meta_inf_mensal_fidc_txt.zip,2026-10-07
III,TAB_III_A_VL_PAGAR,(III.a) Valores a pagar,Numérico,numeric,https://dados.cvm.gov.br/dados/FIDC/DOC/INF_MENSAL/META/meta_inf_mensal_fidc_txt.zip,2026-10-07
III,TAB_III_A1_VL_CPRAZO,(III.a.1) Curto Prazo,Numérico,numeric,https://dados.cvm.gov.br/dados/FIDC/DOC/INF_MENSAL/META/meta_inf_mensal_fidc_txt.zip,2026-10-07
III,TAB_III_A2_VL_LPRAZO,(III.a.2) Longo Prazo,Numérico,numeric,https://dados.cvm.gov.br/dados/FIDC/DOC/INF_MENSAL/META/meta_inf_mensal_fidc_txt.zip,2026-10-07
III,TAB_III_B_VL_POSICAO_DERIV,(III.b) Posições Mantidas em Mercado de Derivativos,Numérico,numeric,https://dados.cvm.gov.br/dados/FIDC/DOC/INF_MENSAL/META/meta_inf_mensal_fidc_txt.zip,2026-10-07
III,TAB_III_B1_VL_TERMO,(III.b.1) Mercado a termo (Posições vendidas),Numérico,numeric,https://dados.cvm.gov.br/dados/FIDC/DOC/INF_MENSAL/META/meta_inf_mensal_fidc_txt.zip,2026-10-07
III,TAB_III_B2_VL_OPCAO,(III.b.2) Mercado de Opções (Posições Lançadas),Numérico,numeric,https://dados.cvm.gov.br/dados/FIDC/DOC/INF_MENSAL/META/meta_inf_mensal_fidc_txt.zip,2026-10-07
III,TAB_III_B3_VL_FUTURO,(III.b.3) Mercado Futuro (Ajustes Negativos),Numérico,numeric,https://dados.cvm.gov.br/dados/FIDC/DOC/INF_MENSAL/META/meta_inf_mensal_fidc_txt.zip,2026-10-07
III,TAB_III_B4_VL_SWAP_PAGAR,(III.b.4) Diferencial de Swap a Pagar,Numérico,numeric,https://dados.cvm.gov.br/dados/FIDC/DOC/INF_MENSAL/META/meta_inf_mensal_fidc_txt.zip,2026-10-07
III,TAB_III_VL_PASSIVO,(Tabela III) Passivo,Numérico,numeric,https://dados.cvm.gov.br/dados/FIDC/DOC/INF_MENSAL/META/meta_inf_mensal_fidc_txt.zip,2026-10-07
III,TP_FUNDO_CLASSE,Tipo de fundo/classe,Alfanumérico,varchar,https://dados.cvm.gov.br/dados/FIDC/DOC/INF_MENSAL/META/meta_inf_mensal_fidc_txt.zip,2026-10-07
IV,CNPJ_FUNDO_CLASSE,CNPJ do fundo/classe,Alfanumérico,varchar,https://dados.cvm.gov.br/dados/FIDC/DOC/INF_MENSAL/META/meta_inf_mensal_fidc_txt.zip,2026-10-07
IV,DENOM_SOCIAL,Denominação Social,Alfanumérico,varchar,https://dados.cvm.gov.br/dados/FIDC/DOC/INF_MENSAL/META/meta_inf_mensal_fidc_txt.zip,2026-10-07
IV,DT_COMPTC,Data de competência do documento,AAAA-MM-DD,date,https://dados.cvm.gov.br/dados/FIDC/DOC/INF_MENSAL/META/meta_inf_mensal_fidc_txt.zip,2026-10-07
IV,TAB_IV_A_VL_PL,(IV.a) Valor do Patrimônio Líquido,Numérico,numeric,https://dados.cvm.gov.br/dados/FIDC/DOC/INF_MENSAL/META/meta_inf_mensal_fidc_txt.zip,2026-10-07
IV,TAB_IV_B_VL_PL_MEDIO,(IV.b) Valor do Patrimônio Líquido Médio (últimos três meses),Numérico,numeric,https://dados.cvm.gov.br/dados/FIDC/DOC/INF_MENSAL/META/meta_inf_mensal_fidc_txt.zip,2026-10-07
IV,TP_FUNDO_CLASSE,Tipo de fundo/classe,Alfanumérico,varchar,https://dados.cvm.gov.br/dados/FIDC/DOC/INF_MENSAL/META/meta_inf_mensal_fidc_txt.zip,2026-10-07
IX,CNPJ_FUNDO_CLASSE,CNPJ do fundo/classe,Alfanumérico,varchar,https://dados.cvm.gov.br/dados/FIDC/DOC/INF_MENSAL/META/meta_inf_mensal_fidc_txt.zip,2026-10-07
IX,DENOM_SOCIAL,Denominação Social,Alfanumérico,varchar,https://dados.cvm.gov.br/dados/FIDC/DOC/INF_MENSAL/META/meta_inf_mensal_fidc_txt.zip,2026-10-07
IX,DT_COMPTC,Data de competência do documento,AAAA-MM-DD,date,https://dados.cvm.gov.br/dados/FIDC/DOC/INF_MENSAL/META/meta_inf_mensal_fidc_txt.zip,2026-10-07
IX,TAB_IX_A1_1_1_COMPRA_MIN,(IX.a.1.1.1) Direitos Creditórios com Aquisição Substancial dos Riscos e Benefícios | Taxa desconto (da aquisição) | Compra | Mínina,Numérico,float,https://dados.cvm.gov.br/dados/FIDC/DOC/INF_MENSAL/META/meta_inf_mensal_fidc_txt.zip,2026-10-07
IX,TAB_IX_A1_1_2_COMPRA_MEDIA,(IX.a.1.1.2) Direitos Creditórios com Aquisição Substancial dos Riscos e Benefícios | Taxa desconto (da aquisição) | Compra | Média (Ponderada),Numérico,float,https://dados.cvm.gov.br/dados/FIDC/DOC/INF_MENSAL/META/meta_inf_mensal_fidc_txt.zip,2026-10-07
IX,TAB_IX_A1_1_3_COMPRA_MAX,(IX.a.1.1.3) Direitos Creditórios com Aquisição Substancial dos Riscos e Benefícios | Taxa desconto (da aquisição) | Compra | Máxima,Numérico,float,https://dados.cvm.gov.br/dados/FIDC/DOC/INF_MENSAL/META/meta_inf_mensal_fidc_txt.zip,2026-10-07
IX,TAB_IX_A1_2_1_VENDA_MIN,(IX.a.1.2.1) Direitos Creditórios com Aquisição Substancial dos Riscos e Benefícios | Taxa desconto (da aquisição) | Venda | Mínina,Numérico,float,https://dados.cvm.gov.br/dados/FIDC/DOC/INF_MENSAL/META/meta_inf_mensal_fidc_txt.zip,2026-10-07
IX,TAB_IX_A1_2_2_VENDA_MEDIA,(IX.a.1.2.2) Direitos Creditórios com Aquisição Substancial dos Riscos e Benefícios | Taxa desconto (da aquisição) | Venda | Média (Ponderada),Numérico,float,https://dados.cvm.gov.br/dados/FIDC/DOC/INF_MENSAL/META/meta_inf_mensal_fidc_txt.zip,2026-10-07
IX,TAB_IX_A1_2_3_VENDA_MAX,(IX.a.1.2.3) Direitos Creditórios com Aquisição Substancial dos Riscos e Benefícios | Taxa desconto (da aquisição) | Venda | Máxima,Numérico,float,https://dados.cvm.gov.br/dados/FIDC/DOC/INF_MENSAL/META/meta_inf_mensal_fidc_txt.zip,2026-10-07
IX,TAB_IX_A2_1_1_COMPRA_MIN,(IX.a.2.1.1) Direitos Creditórios com Aquisição Substancial dos Riscos e Benefícios | Taxa de Juros(dos direitos creditórios) | Compra | Mínina,Numérico,float,https://dados.cvm.gov.br/dados/FIDC/DOC/INF_MENSAL/META/meta_inf_mensal_fidc_txt.zip,2026-10-07
IX,TAB_IX_A2_1_2_COMPRA_MEDIA,(IX.a.2.1.2) Direitos Creditórios com Aquisição Substancial dos Riscos e Benefícios | Taxa de Juros(dos direitos creditórios) | Compra | Média (Ponderada),Numérico,float,https://dados.cvm.gov.br/dados/FIDC/DOC/INF_MENSAL/META/meta_inf_mensal_fidc_txt.zip,2026-10-07
IX,TAB_IX_A2_1_3_COMPRA_MAX,(IX.a.2.1.3) Direitos Creditórios com Aquisição Substancial dos Riscos e Benefícios | Taxa de Juros(dos direitos creditórios) | Compra | Máxima,Numérico,float,https://dados.cvm.gov.br/dados/FIDC/DOC/INF_MENSAL/META/meta_inf_mensal_fidc_txt.zip,2026-10-07
IX,TAB_IX_A2_2_1_VENDA_MIN,(IX.a.2.2.1) Direitos Creditórios com Aquisição Substancial dos Riscos e Benefícios | Taxa de Juros(dos direitos creditórios) | Venda | Mínina,Numérico,float,https://dados.cvm.gov.br/dados/FIDC/DOC/INF_MENSAL/META/meta_inf_mensal_fidc_txt.zip,2026-10-07
IX,TAB_IX_A2_2_2_VENDA_MEDIA,(IX.a.2.2.2) Direitos Creditórios com Aquisição Substancial dos Riscos e Benefícios | Taxa de Juros(dos direitos creditórios) | Venda | Média (Ponderada),Numérico,float,https://dados.cvm.gov.br/dados/FIDC/DOC/INF_MENSAL/META/meta_inf_mensal_fidc_txt.zip,2026-10-07
IX,TAB_IX_A2_2_3_VENDA_MAX,(IX.a.2.2.3) Direitos Creditórios com Aquisição Substancial dos Riscos e Benefícios | Taxa de Juros(dos direitos creditórios) | Venda | Máxima,Numérico,float,https://dados.cvm.gov.br/dados/FIDC/DOC/INF_MENSAL/META/meta_inf_mensal_fidc_txt.zip,2026-10-07
IX,TAB_IX_B1_1_1_COMPRA_MIN,(IX.b.1.1.1) Direitos Creditórios sem Aquisição Substancial dos Riscos e Benefícios | Taxa desconto (da aquisição) | Compra | Mínina,Numérico,float,https://dados.cvm.gov.br/dados/FIDC/DOC/INF_MENSAL/META/meta_inf_mensal_fidc_txt.zip,2026-10-07
IX,TAB_IX_B1_1_2_COMPRA_MEDIA,(IX.b.1.1.2) Direitos Creditórios sem Aquisição Substancial dos Riscos e Benefícios | Taxa desconto (da aquisição) | Compra | Média (Ponderada),Numérico,float,https://dados.cvm.gov.br/dados/FIDC/DOC/INF_MENSAL/META/meta_inf_mensal_fidc_txt.zip,2026-10-07
IX,TAB_IX_B1_1_3_COMPRA_MAX,(IX.b.1.1.3) Direitos Creditórios sem Aquisição Substancial dos Riscos e Benefícios | Taxa desconto (da aquisição) | Compra | Máxima,Numérico,float,https://dados.cvm.gov.br/dados/FIDC/DOC/INF_MENSAL/META/meta_inf_mensal_fidc_txt.zip,2026-10-07
IX,TAB_IX_B1_2_1_VENDA_MIN,(IX.b.1.2.1) Direitos Creditórios sem Aquisição Substancial dos Riscos e Benefícios | Taxa desconto (da aquisição) | Venda | Mínina,Numérico,float,https://dados.cvm.gov.br/dados/FIDC/DOC/INF_MENSAL/META/meta_inf_mensal_fidc_txt.zip,2026-10-07
IX,TAB_IX_B1_2_2_VENDA_MEDIA,(IX.b.1.2.2) Direitos Creditórios sem Aquisição Substancial dos Riscos e Benefícios | Taxa desconto (da aquisição) | Venda | Média (Ponderada),Numérico,float,https://dados.cvm.gov.br/dados/FIDC/DOC/INF_MENSAL/META/meta_inf_mensal_fidc_txt.zip,2026-10-07
IX,TAB_IX_B1_2_3_VENDA_MAX,(IX.b.1.2.3) Direitos Creditórios sem Aquisição Substancial dos Riscos e Benefícios | Taxa desconto (da aquisição) | Venda | Máxima,Numérico,float,https://dados.cvm.gov.br/dados/FIDC/DOC/INF_MENSAL/META/meta_inf_mensal_fidc_txt.zip,2026-10-07
IX,TAB_IX_B2_1_1_COMPRA_MIN,(IX.b.2.1.1) Direitos Creditórios sem Aquisição Substancial dos Riscos e Benefícios | Taxa de Juros(dos direitos creditórios) | Compra | Mínina,Numérico,float,https://dados.cvm.gov.br/dados/FIDC/DOC/INF_MENSAL/META/meta_inf_mensal_fidc_txt.zip,2026-10-07
IX,TAB_IX_B2_1_2_COMPRA_MEDIA,(IX.b.2.1.2) Direitos Creditórios sem Aquisição Substancial dos Riscos e Benefícios | Taxa de Juros(dos direitos creditórios) | Compra | Média (Ponderada),Numérico,float,https://dados.cvm.gov.br/dados/FIDC/DOC/INF_MENSAL/META/meta_inf_mensal_fidc_txt.zip,2026-10-07
IX,TAB_IX_B2_1_3_COMPRA_MAX,(IX.b.2.1.3) Direitos Creditórios sem Aquisição Substancial dos Riscos e Benefícios | Taxa de Juros(dos direitos creditórios) | Compra | Máxima,Numérico,float,https://dados.cvm.gov.br/dados/FIDC/DOC/INF_MENSAL/META/meta_inf_mensal_fidc_txt.zip,2026-10-07
IX,TAB_IX_B2_2_1_VENDA_MIN,(IX.b.2.2.1) Direitos Creditórios sem Aquisição Substancial dos Riscos e Benefícios | Taxa de Juros(dos direitos creditórios) | Venda | Mínina,Numérico,float,https://dados.cvm.gov.br/dados/FIDC/DOC/INF_MENSAL/META/meta_inf_mensal_fidc_txt.zip,2026-10-07
IX,TAB_IX_B2_2_2_VENDA_MEDIA,(IX.b.2.2.2) Direitos Creditórios sem Aquisição Substancial dos Riscos e Benefícios | Taxa de Juros(dos direitos creditórios) | Venda | Média (Ponderada),Numérico,float,https://dados.cvm.gov.br/dados/FIDC/DOC/INF_MENSAL/META/meta_inf_mensal_fidc_txt.zip,2026-10-07
IX,TAB_IX_B2_2_3_VENDA_MAX,(IX.b.2.2.3) Direitos Creditórios sem Aquisição Substancial dos Riscos e Benefícios | Taxa de Juros(dos direitos creditórios) | Venda | Máxima,Numérico,float,https://dados.cvm.gov.br/dados/FIDC/DOC/INF_MENSAL/META/meta_inf_mensal_fidc_txt.zip,2026-10-07
IX,TAB_IX_C1_1_1_COMPRA_MIN,(IX.c.1.1.1) Valores Mobiliários | Taxa desconto (da aquisição) | Compra | Mínina,Numérico,float,https://dados.cvm.gov.br/dados/FIDC/DOC/INF_MENSAL/META/meta_inf_mensal_fidc_txt.zip,2026-10-07
IX,TAB_IX_C1_1_2_COMPRA_MEDIA,(IX.c.1.1.2) Valores Mobiliários | Taxa desconto (da aquisição) | Compra | Média (Ponderada),Numérico,float,https://dados.cvm.gov.br/dados/FIDC/DOC/INF_MENSAL/META/meta_inf_mensal_fidc_txt.zip,2026-10-07
IX,TAB_IX_C1_1_3_COMPRA_MAX,(IX.c.1.1.3) Valores Mobiliários | Taxa desconto (da aquisição) | Compra | Máxima,Numérico,float,https://dados.cvm.gov.br/dados/FIDC/DOC/INF_MENSAL/META/meta_inf_mensal_fidc_txt.zip,2026-10-07
IX,TAB_IX_C1_2_1_VENDA_MIN,(IX.c.1.2.1) Valores Mobiliários | Taxa desconto (da aquisição) | Venda | Mínina,Numérico,float,https://dados.cvm.gov.br/dados/FIDC/DOC/INF_MENSAL/META/meta_inf_mensal_fidc_txt.zip,2026-10-07
IX,TAB_IX_C1_2_2_VENDA_MEDIA,(IX.c.1.2.2) Valores Mobiliários | Taxa desconto (da aquisição) | Venda | Média (Ponderada),Numérico,float,https://dados.cvm.gov.br/dados/FIDC/DOC/INF_MENSAL/META/meta_inf_mensal_fidc_txt.zip,2026-10-07
IX,TAB_IX_C1_2_3_VENDA_MAX,(IX.c.1.2.3) Valores Mobiliários | Taxa desconto (da aquisição) | Venda | Máxima,Numérico,float,https://dados.cvm.gov.br/dados/FIDC/DOC/INF_MENSAL/META/meta_inf_mensal_fidc_txt.zip,2026-10-07
IX,TAB_IX_C2_1_1_COMPRA_MIN,(IX.c.2.1.1) Valores Mobiliários | Taxa de Juros | Compra | Mínina,Numérico,float,https://dados.cvm.gov.br/dados/FIDC/DOC/INF_MENSAL/META/meta_inf_mensal_fidc_txt.zip,2026-10-07
IX,TAB_IX_C2_1_2_COMPRA_MEDIA,(IX.c.2.1.2) Valores Mobiliários | Taxa de Juros | Compra | Média (Ponderada),Numérico,float,https://dados.cvm.gov.br/dados/FIDC/DOC/INF_MENSAL/META/meta_inf_mensal_fidc_txt.zip,2026-10-07
IX,TAB_IX_C2_1_3_COMPRA_MAX,(IX.c.2.1.3) Valores Mobiliários | Taxa de Juros | Compra | Máxima,Numérico,float,https://dados.cvm.gov.br/dados/FIDC/DOC/INF_MENSAL/META/meta_inf_mensal_fidc_txt.zip,2026-10-07
IX,TAB_IX_C2_2_1_VENDA_MIN,(IX.c.2.2.1) Valores Mobiliários | Taxa de Juros | Venda | Mínina,Numérico,float,https://dados.cvm.gov.br/dados/FIDC/DOC/INF_MENSAL/META/meta_inf_mensal_fidc_txt.zip,2026-10-07
IX,TAB_IX_C2_2_2_VENDA_MEDIA,(IX.c.2.2.2) Valores Mobiliários | Taxa de Juros | Venda | Média (Ponderada),Numérico,float,https://dados.cvm.gov.br/dados/FIDC/DOC/INF_MENSAL/META/meta_inf_mensal_fidc_txt.zip,2026-10-07
IX,TAB_IX_C2_2_3_VENDA_MAX,(IX.c.2.2.3) Valores Mobiliários | Taxa de Juros | Venda | Máxima,Numérico,float,https://dados.cvm.gov.br/dados/FIDC/DOC/INF_MENSAL/META/meta_inf_mensal_fidc_txt.zip,2026-10-07
IX,TAB_IX_D1_1_1_COMPRA_MIN,(IX.d.1.1.1) Títulos Públicos Federais | Taxa desconto (da aquisição) | Compra | Mínina,Numérico,float,https://dados.cvm.gov.br/dados/FIDC/DOC/INF_MENSAL/META/meta_inf_mensal_fidc_txt.zip,2026-10-07
IX,TAB_IX_D1_1_2_COMPRA_MEDIA,(IX.d.1.1.2) Títulos Públicos Federais | Taxa desconto (da aquisição) | Compra | Média (Ponderada),Numérico,float,https://dados.cvm.gov.br/dados/FIDC/DOC/INF_MENSAL/META/meta_inf_mensal_fidc_txt.zip,2026-10-07
IX,TAB_IX_D1_1_3_COMPRA_MAX,(IX.d.1.1.3) Títulos Públicos Federais | Taxa desconto (da aquisição) | Compra | Máxima,Numérico,float,https://dados.cvm.gov.br/dados/FIDC/DOC/INF_MENSAL/META/meta_inf_mensal_fidc_txt.zip,2026-10-07
IX,TAB_IX_D1_2_1_VENDA_MIN,(IX.d.1.2.1) Títulos Públicos Federais | Taxa desconto (da aquisição) | Venda | Mínina,Numérico,float,https://dados.cvm.gov.br/dados/FIDC/DOC/INF_MENSAL/META/meta_inf_mensal_fidc_txt.zip,2026-10-07
IX,TAB_IX_D1_2_2_VENDA_MEDIA,(IX.d.1.2.2) Títulos Públicos Federais | Taxa desconto (da aquisição) | Venda | Média (Ponderada),Numérico,float,https://dados.cvm.gov.br/dados/FIDC/DOC/INF_MENSAL/META/meta_inf_mensal_fidc_txt.zip,2026-10-07
IX,TAB_IX_D1_2_3_VENDA_MAX,(IX.d.1.2.3) Títulos Públicos Federais | Taxa desconto (da aquisição) | Venda | Máxima,Numérico,float,https://dados.cvm.gov.br/dados/FIDC/DOC/INF_MENSAL/META/meta_inf_mensal_fidc_txt.zip,2026-10-07
IX,TAB_IX_D2_1_1_COMPRA_MIN,(IX.d.2.1.1) Títulos Públicos Federais | Taxa de Juros | Compra | Mínina,Numérico,float,https://dados.cvm.gov.br/dados/FIDC/DOC/INF_MENSAL/META/meta_inf_mensal_fidc_txt.zip,2026-10-07
IX,TAB_IX_D2_1_2_COMPRA_MEDIA,(IX.d.2.1.2) Títulos Públicos Federais | Taxa de Juros | Compra | Média (Ponderada),Numérico,float,https://dados.cvm.gov.br/dados/FIDC/DOC/INF_MENSAL/META/meta_inf_mensal_fidc_txt.zip,2026-10-07
IX,TAB_IX_D2_1_3_COMPRA_MAX,(IX.d.2.1.3) Títulos Públicos Federais | Taxa de Juros | Compra | Máxima,Numérico,float,https://dados.cvm.gov.br/dados/FIDC/DOC/INF_MENSAL/META/meta_inf_mensal_fidc_txt.zip,2026-10-07
IX,TAB_IX_D2_2_1_VENDA_MIN,(IX.d.2.2.1) Títulos Públicos Federais | Taxa de Juros | Venda | Mínina,Numérico,float,https://dados.cvm.gov.br/dados/FIDC/DOC/INF_MENSAL/META/meta_inf_mensal_fidc_txt.zip,2026-10-07
IX,TAB_IX_D2_2_2_VENDA_MEDIA,(IX.d.2.2.2) Títulos Públicos Federais | Taxa de Juros | Venda | Média (Ponderada),Numérico,float,https://dados.cvm.gov.br/dados/FIDC/DOC/INF_MENSAL/META/meta_inf_mensal_fidc_txt.zip,2026-10-07
IX,TAB_IX_D2_2_3_VENDA_MAX,(IX.d.2.2.3) Títulos Públicos Federais | Taxa de Juros | Venda | Máxima,Numérico,float,https://dados.cvm.gov.br/dados/FIDC/DOC/INF_MENSAL/META/meta_inf_mensal_fidc_txt.zip,2026-10-07
IX,TAB_IX_E1_1_1_COMPRA_MIN,(IX.e.1.1.1) Certificados de Depósitos Bancários | Taxa desconto (da aquisição) | Compra | Mínina,Numérico,float,https://dados.cvm.gov.br/dados/FIDC/DOC/INF_MENSAL/META/meta_inf_mensal_fidc_txt.zip,2026-10-07
IX,TAB_IX_E1_1_2_COMPRA_MEDIA,(IX.e.1.1.2) Certificados de Depósitos Bancários | Taxa desconto (da aquisição) | Compra | Média (Ponderada),Numérico,float,https://dados.cvm.gov.br/dados/FIDC/DOC/INF_MENSAL/META/meta_inf_mensal_fidc_txt.zip,2026-10-07
IX,TAB_IX_E1_1_3_COMPRA_MAX,(IX.e.1.1.3) Certificados de Depósitos Bancários | Taxa desconto (da aquisição) | Compra | Máxima,Numérico,float,https://dados.cvm.gov.br/dados/FIDC/DOC/INF_MENSAL/META/meta_inf_mensal_fidc_txt.zip,2026-10-07
IX,TAB_IX_E1_2_1_VENDA_MIN,(IX.e.1.2.1) Certificados de Depósitos Bancários | Taxa desconto (da aquisição) | Venda | Mínina,Numérico,float,https://dados.cvm.gov.br/dados/FIDC/DOC/INF_MENSAL/META/meta_inf_mensal_fidc_txt.zip,2026-10-07
IX,TAB_IX_E1_2_2_VENDA_MEDIA,(IX.e.1.2.2) Certificados de Depósitos Bancários | Taxa desconto (da aquisição) | Venda | Média (Ponderada),Numérico,float,https://dados.cvm.gov.br/dados/FIDC/DOC/INF_MENSAL/META/meta_inf_mensal_fidc_txt.zip,2026-10-07
IX,TAB_IX_E1_2_3_VENDA_MAX,(IX.e.1.2.3) Certificados de Depósitos Bancários | Taxa desconto (da aquisição) | Venda | Máxima,Numérico,float,https://dados.cvm.gov.br/dados/FIDC/DOC/INF_MENSAL/META/meta_inf_mensal_fidc_txt.zip,2026-10-07
IX,TAB_IX_E2_1_1_COMPRA_MIN,(IX.e.2.1.1) Certificados de Depósitos Bancários | Taxa de Juros | Compra | Mínina,Numérico,float,https://dados.cvm.gov.br/dados/FIDC/DOC/INF_MENSAL/META/meta_inf_mensal_fidc_txt.zip,2026-10-07
IX,TAB_IX_E2_1_2_COMPRA_MEDIA,(IX.e.2.1.2) Certificados de Depósitos Bancários | Taxa de Juros | Compra | Média (Ponderada),Numérico,float,https://dados.cvm.gov.br/dados/FIDC/DOC/INF_MENSAL/META/meta_inf_mensal_fidc_txt.zip,2026-10-07
IX,TAB_IX_E2_1_3_COMPRA_MAX,(IX.e.2.1.3) Certificados de Depósitos Bancários | Taxa de Juros | Compra | Máxima,Numérico,float,https://dados.cvm.gov.br/dados/FIDC/DOC/INF_MENSAL/META/meta_inf_mensal_fidc_txt.zip,2026-10-07
IX,TAB_IX_E2_2_1_VENDA_MIN,(IX.e.2.2.1) Certificados de Depósitos Bancários | Taxa de Juros | Venda | Mínina,Numérico,float,https://dados.cvm.gov.br/dados/FIDC/DOC/INF_MENSAL/META/meta_inf_mensal_fidc_txt.zip,2026-10-07
IX,TAB_IX_E2_2_2_VENDA_MEDIA,(IX.e.2.2.2) Certificados de Depósitos Bancários | Taxa de Juros | Venda | Média (Ponderada),Numérico,float,https://dados.cvm.gov.br/dados/FIDC/DOC/INF_MENSAL/META/meta_inf_mensal_fidc_txt.zip,2026-10-07
IX,TAB_IX_E2_2_3_VENDA_MAX,(IX.e.2.2.3) Certificados de Depósitos Bancários | Taxa de Juros | Venda | Máxima,Numérico,float,https://dados.cvm.gov.br/dados/FIDC/DOC/INF_MENSAL/META/meta_inf_mensal_fidc_txt.zip,2026-10-07
IX,TAB_IX_F1_1_1_COMPRA_MIN,(IX.f.1.1.1) Outros Ativos Financeiros de Renda Fixa | Taxa desconto (da aquisição) | Compra | Mínina,Numérico,float,https://dados.cvm.gov.br/dados/FIDC/DOC/INF_MENSAL/META/meta_inf_mensal_fidc_txt.zip,2026-10-07
IX,TAB_IX_F1_1_2_COMPRA_MEDIA,(IX.f.1.1.2) Outros Ativos Financeiros de Renda Fixa | Taxa desconto (da aquisição) | Compra | Média (Ponderada),Numérico,float,https://dados.cvm.gov.br/dados/FIDC/DOC/INF_MENSAL/META/meta_inf_mensal_fidc_txt.zip,2026-10-07
IX,TAB_IX_F1_1_3_COMPRA_MAX,(IX.f.1.1.3) Outros Ativos Financeiros de Renda Fixa | Taxa desconto (da aquisição) | Compra | Máxima,Numérico,float,https://dados.cvm.gov.br/dados/FIDC/DOC/INF_MENSAL/META/meta_inf_mensal_fidc_txt.zip,2026-10-07
IX,TAB_IX_F1_2_1_VENDA_MIN,(IX.f.1.2.1) Outros Ativos Financeiros de Renda Fixa | Taxa desconto (da aquisição) | Venda | Mínina,Numérico,float,https://dados.cvm.gov.br/dados/FIDC/DOC/INF_MENSAL/META/meta_inf_mensal_fidc_txt.zip,2026-10-07
IX,TAB_IX_F1_2_2_VENDA_MEDIA,(IX.f.1.2.2) Outros Ativos Financeiros de Renda Fixa | Taxa desconto (da aquisição) | Venda | Média (Ponderada),Numérico,float,https://dados.cvm.gov.br/dados/FIDC/DOC/INF_MENSAL/META/meta_inf_mensal_fidc_txt.zip,2026-10-07
IX,TAB_IX_F1_2_3_VENDA_MAX,(IX.f.1.2.3) Outros Ativos Financeiros de Renda Fixa | Taxa desconto (da aquisição) | Venda | Máxima,Numérico,float,https://dados.cvm.gov.br/dados/FIDC/DOC/INF_MENSAL/META/meta_inf_mensal_fidc_txt.zip,2026-10-07
IX,TAB_IX_F2_1_1_COMPRA_MIN,(IX.f.2.1.1) Outros Ativos Financeiros de Renda Fixa | Taxa de Juros | Compra | Mínina,Numérico,float,https://dados.cvm.gov.br/dados/FIDC/DOC/INF_MENSAL/META/meta_inf_mensal_fidc_txt.zip,2026-10-07
IX,TAB_IX_F2_1_2_COMPRA_MEDIA,(IX.f.2.1.2) Outros Ativos Financeiros de Renda Fixa | Taxa de Juros | Compra | Média (Ponderada),Numérico,float,https://dados.cvm.gov.br/dados/FIDC/DOC/INF_MENSAL/META/meta_inf_mensal_fidc_txt.zip,2026-10-07
IX,TAB_IX_F2_1_3_COMPRA_MAX,(IX.f.2.1.3) Outros Ativos Financeiros de Renda Fixa | Taxa de Juros | Compra | Máxima,Numérico,float,https://dados.cvm.gov.br/dados/FIDC/DOC/INF_MENSAL/META/meta_inf_mensal_fidc_txt.zip,2026-10-07
IX,TAB_IX_F2_2_1_VENDA_MIN,(IX.f.2.2.1) Outros Ativos Financeiros de Renda Fixa | Taxa de Juros | Venda | Mínina,Numérico,float,https://dados.cvm.gov.br/dados/FIDC/DOC/INF_MENSAL/META/meta_inf_mensal_fidc_txt.zip,2026-10-07
IX,TAB_IX_F2_2_2_VENDA_MEDIA,(IX.f.2.2.2) Outros Ativos Financeiros de Renda Fixa | Taxa de Juros | Venda | Média (Ponderada),Numérico,float,https://dados.cvm.gov.br/dados/FIDC/DOC/INF_MENSAL/META/meta_inf_mensal_fidc_txt.zip,2026-10-07
IX,TAB_IX_F2_2_3_VENDA_MAX,(IX.f.2.2.3) Outros Ativos Financeiros de Renda Fixa | Taxa de Juros | Venda | Máxima,Numérico,float,https://dados.cvm.gov.br/dados/FIDC/DOC/INF_MENSAL/META/meta_inf_mensal_fidc_txt.zip,2026-10-07
IX,TP_FUNDO_CLASSE,Tipo de fundo/classe,Alfanumérico,varchar,https://dados.cvm.gov.br/dados/FIDC/DOC/INF_MENSAL/META/meta_inf_mensal_fidc_txt.zip,2026-10-07
V,CNPJ_FUNDO_CLASSE,CNPJ do fundo/classe,Alfanumérico,varchar,https://dados.cvm.gov.br/dados/FIDC/DOC/INF_MENSAL/META/meta_inf_mensal_fidc_txt.zip,2026-10-07
V,DENOM_SOCIAL,Denominação Social,Alfanumérico,varchar,https://dados.cvm.gov.br/dados/FIDC/DOC/INF_MENSAL/META/meta_inf_mensal_fidc_txt.zip,2026-10-07
V,DT_COMPTC,Data de competência do documento,AAAA-MM-DD,date,https://dados.cvm.gov.br/dados/FIDC/DOC/INF_MENSAL/META/meta_inf_mensal_fidc_txt.zip,2026-10-07
V,TAB_V_A_VL_DIRCRED_PRAZO,(V.a) Por Prazo de Vencimento (R$),Numérico,numeric,https://dados.cvm.gov.br/dados/FIDC/DOC/INF_MENSAL/META/meta_inf_mensal_fidc_txt.zip,2026-10-07
V,TAB_V_A1_VL_PRAZO_VENC_30,(V.a.1) Até 30 dias,Numérico,numeric,https://dados.cvm.gov.br/dados/FIDC/DOC/INF_MENSAL/META/meta_inf_mensal_fidc_txt.zip,2026-10-07
V,TAB_V_A10_VL_PRAZO_VENC_MAIOR_1080,(V.a.10) Acima de 1080 dias,Numérico,numeric,https://dados.cvm.gov.br/dados/FIDC/DOC/INF_MENSAL/META/meta_inf_mensal_fidc_txt.zip,2026-10-07
V,TAB_V_A2_VL_PRAZO_VENC_60,(V.a.2) De 31 a 60 dias,Numérico,numeric,https://dados.cvm.gov.br/dados/FIDC/DOC/INF_MENSAL/META/meta_inf_mensal_fidc_txt.zip,2026-10-07
V,TAB_V_A3_VL_PRAZO_VENC_90,(V.a.3)  De 61 a 90 dias,Numérico,numeric,https://dados.cvm.gov.br/dados/FIDC/DOC/INF_MENSAL/META/meta_inf_mensal_fidc_txt.zip,2026-10-07
V,TAB_V_A4_VL_PRAZO_VENC_120,(V.a.4) De 91 a 120 dias,Numérico,numeric,https://dados.cvm.gov.br/dados/FIDC/DOC/INF_MENSAL/META/meta_inf_mensal_fidc_txt.zip,2026-10-07
V,TAB_V_A5_VL_PRAZO_VENC_150,(V.a.5) De 121 a 150 dias,Numérico,numeric,https://dados.cvm.gov.br/dados/FIDC/DOC/INF_MENSAL/META/meta_inf_mensal_fidc_txt.zip,2026-10-07
V,TAB_V_A6_VL_PRAZO_VENC_180,(V.a.6) De 151 a 180 dias,Numérico,numeric,https://dados.cvm.gov.br/dados/FIDC/DOC/INF_MENSAL/META/meta_inf_mensal_fidc_txt.zip,2026-10-07
V,TAB_V_A7_VL_PRAZO_VENC_360,(V.a.7) De 181 a 360 dias,Numérico,numeric,https://dados.cvm.gov.br/dados/FIDC/DOC/INF_MENSAL/META/meta_inf_mensal_fidc_txt.zip,2026-10-07
V,TAB_V_A8_VL_PRAZO_VENC_720,(V.a.8) De 361 a 720 dias,Numérico,numeric,https://dados.cvm.gov.br/dados/FIDC/DOC/INF_MENSAL/META/meta_inf_mensal_fidc_txt.zip,2026-10-07
V,TAB_V_A9_VL_PRAZO_VENC_1080,(V.a.9) De 721 a 1080 dias,Numérico,numeric,https://dados.cvm.gov.br/dados/FIDC/DOC/INF_MENSAL/META/meta_inf_mensal_fidc_txt.zip,2026-10-07
V,TAB_V_B_VL_DIRCRED_INAD,"(V.b) Inadimplentes (Valor das Parcelas Inadimplentes, em R$)",Numérico,numeric,https://dados.cvm.gov.br/dados/FIDC/DOC/INF_MENSAL/META/meta_inf_mensal_fidc_txt.zip,2026-10-07
V,TAB_V_B1_VL_INAD_30,(V.b.1) Vencidos e não Pagos entre 1 e 30 dias,Numérico,numeric,https://dados.cvm.gov.br/dados/FIDC/DOC/INF_MENSAL/META/meta_inf_mensal_fidc_txt.zip,2026-10-07
V,TAB_V_B10_VL_INAD_MAIOR_1080,(V.b.10) Vencidos e não Pagos acima de 1080 dias,Numérico,numeric,https://dados.cvm.gov.br/dados/FIDC/DOC/INF_MENSAL/META/meta_inf_mensal_fidc_txt.zip,2026-10-07
V,TAB_V_B2_VL_INAD_60,(V.b.2) Vencidos e não Pagos entre 31 e 60 dias,Numérico,numeric,https://dados.cvm.gov.br/dados/FIDC/DOC/INF_MENSAL/META/meta_inf_mensal_fidc_txt.zip,2026-10-07
V,TAB_V_B3_VL_INAD_90,(V.b.3) Vencidos e não Pagos entre 61 e 90 dias,Numérico,numeric,https://dados.cvm.gov.br/dados/FIDC/DOC/INF_MENSAL/META/meta_inf_mensal_fidc_txt.zip,2026-10-07
V,TAB_V_B4_VL_INAD_120,(V.b.4) Vencidos e não Pagos entre 91 e 120 dias,Numérico,numeric,https://dados.cvm.gov.br/dados/FIDC/DOC/INF_MENSAL/META/meta_inf_mensal_fidc_txt.zip,2026-10-07
V,TAB_V_B5_VL_INAD_150,(V.b.5) Vencidos e não Pagos entre 121 e 150 dias,Numérico,numeric,https://dados.cvm.gov.br/dados/FIDC/DOC/INF_MENSAL/META/meta_inf_mensal_fidc_txt.zip,2026-10-07
V,TAB_V_B6_VL_INAD_180,(V.b.6) Vencidos e não Pagos entre 151 e 180 dias,Numérico,numeric,https://dados.cvm.gov.br/dados/FIDC/DOC/INF_MENSAL/META/meta_inf_mensal_fidc_txt.zip,2026-10-07
V,TAB_V_B7_VL_INAD_360,(V.b.7) Vencidos e não Pagos entre 181 e 360 dias,Numérico,numeric,https://dados.cvm.gov.br/dados/FIDC/DOC/INF_MENSAL/META/meta_inf_mensal_fidc_txt.zip,2026-10-07
V,TAB_V_B8_VL_INAD_720,(V.b.8) Vencidos e não Pagos entre 361 e 720 dias,Numérico,numeric,https://dados.cvm.gov.br/dados/FIDC/DOC/INF_MENSAL/META/meta_inf_mensal_fidc_txt.zip,2026-10-07
V,TAB_V_B9_VL_INAD_1080,(V.b.9) Vencidos e não Pagos entre 721 e 1080 dias,Numérico,numeric,https://dados.cvm.gov.br/dados/FIDC/DOC/INF_MENSAL/META/meta_inf_mensal_fidc_txt.zip,2026-10-07
V,TAB_V_C_VL_DIRCRED_ANTECIPADO,(V.c) Pagos Antecipadamente (R$),Numérico,numeric,https://dados.cvm.gov.br/dados/FIDC/DOC/INF_MENSAL/META/meta_inf_mensal_fidc_txt.zip,2026-10-07
V,TAB_V_C1_VL_ANTECIPADO_30,(V.c.1) Pagos Antecipadamente entre 1 e 30 dias do vencimento,Numérico,numeric,https://dados.cvm.gov.br/dados/FIDC/DOC/INF_MENSAL/META/meta_inf_mensal_fidc_txt.zip,2026-10-07
V,TAB_V_C10_VL_ANTECIPADO_MAIOR_1080,(V.c.10) Pagos Antecipadamente acima de 1080 dias do vencimento,Numérico,numeric,https://dados.cvm.gov.br/dados/FIDC/DOC/INF_MENSAL/META/meta_inf_mensal_fidc_txt.zip,2026-10-07
V,TAB_V_C2_VL_ANTECIPADO_60,(V.c.2) Pagos Antecipadamente entre 31 e 60 dias do vencimento,Numérico,numeric,https://dados.cvm.gov.br/dados/FIDC/DOC/INF_MENSAL/META/meta_inf_mensal_fidc_txt.zip,2026-10-07
V,TAB_V_C3_VL_ANTECIPADO_90,(V.c.3) Pagos Antecipadamente entre 61 e 90 dias do vencimento,Numérico,numeric,https://dados.cvm.gov.br/dados/FIDC/DOC/INF_MENSAL/META/meta_inf_mensal_fidc_txt.zip,2026-10-07
V,TAB_V_C4_VL_ANTECIPADO_120,(V.c.4) Pagos Antecipadamente entre 91 e 120 dias do vencimento,Numérico,numeric,https://dados.cvm.gov.br/dados/FIDC/DOC/INF_MENSAL/META/meta_inf_mensal_fidc_txt.zip,2026-10-07
V,TAB_V_C5_VL_ANTECIPADO_150,(V.c.5) Pagos Antecipadamente entre 121 e 150 dias do vencimento,Numérico,numeric,https://dados.cvm.gov.br/dados/FIDC/DOC/INF_MENSAL/META/meta_inf_mensal_fidc_txt.zip,2026-10-07
V,TAB_V_C6_VL_ANTECIPADO_180,(V.c.6) Pagos Antecipadamente entre 151 e 180 dias do vencimento,Numérico,numeric,https://dados.cvm.gov.br/dados/FIDC/DOC/INF_MENSAL/META/meta_inf_mensal_fidc_txt.zip,2026-10-07
V,TAB_V_C7_VL_ANTECIPADO_360,(V.c.7) Pagos Antecipadamente entre 181 e 360 dias do vencimento,Numérico,numeric,https://dados.cvm.gov.br/dados/FIDC/DOC/INF_MENSAL/META/meta_inf_mensal_fidc_txt.zip,2026-10-07
V,TAB_V_C8_VL_ANTECIPADO_720,(V.c.8) Pagos Antecipadamente entre 361 e 720 dias do vencimento,Numérico,numeric,https://dados.cvm.gov.br/dados/FIDC/DOC/INF_MENSAL/META/meta_inf_mensal_fidc_txt.zip,2026-10-07
V,TAB_V_C9_VL_ANTECIPADO_1080,(V.c.9) Pagos Antecipadamente entre 721 e 1080 dias do vencimento,Numérico,numeric,https://dados.cvm.gov.br/dados/FIDC/DOC/INF_MENSAL/META/meta_inf_mensal_fidc_txt.zip,2026-10-07
V,TP_FUNDO_CLASSE,Tipo de fundo/classe,Alfanumérico,varchar,https://dados.cvm.gov.br/dados/FIDC/DOC/INF_MENSAL/META/meta_inf_mensal_fidc_txt.zip,2026-10-07
VI,CNPJ_FUNDO_CLASSE,CNPJ do fundo/classe,Alfanumérico,varchar,https://dados.cvm.gov.br/dados/FIDC/DOC/INF_MENSAL/META/meta_inf_mensal_fidc_txt.zip,2026-10-07
VI,DENOM_SOCIAL,Denominação Social,Alfanumérico,varchar,https://dados.cvm.gov.br/dados/FIDC/DOC/INF_MENSAL/META/meta_inf_mensal_fidc_txt.zip,2026-10-07
VI,DT_COMPTC,Data de competência do documento,AAAA-MM-DD,date,https://dados.cvm.gov.br/dados/FIDC/DOC/INF_MENSAL/META/meta_inf_mensal_fidc_txt.zip,2026-10-07
VI,TAB_VI_A_VL_DIRCRED_PRAZO,(VI.a) Por Prazo de Vencimento (R$),Numérico,numeric,https://dados.cvm.gov.br/dados/FIDC/DOC/INF_MENSAL/META/meta_inf_mensal_fidc_txt.zip,2026-10-07
VI,TAB_VI_A1_VL_PRAZO_VENC_30,(VI.a.1) Até 30 dias,Numérico,numeric,https://dados.cvm.gov.br/dados/FIDC/DOC/INF_MENSAL/META/meta_inf_mensal_fidc_txt.zip,2026-10-07
VI,TAB_VI_A10_VL_PRAZO_VENC_MAIOR_1080,(VI.a.10) Acima de 1080 dias,Numérico,numeric,https://dados.cvm.gov.br/dados/FIDC/DOC/INF_MENSAL/META/meta_inf_mensal_fidc_txt.zip,2026-10-07
VI,TAB_VI_A2_VL_PRAZO_VENC_60,(VI.a.2) De 31 a 60 dias,Numérico,numeric,https://dados.cvm.gov.br/dados/FIDC/DOC/INF_MENSAL/META/meta_inf_mensal_fidc_txt.zip,2026-10-07
VI,TAB_VI_A3_VL_PRAZO_VENC_90,(VI.a.3)  De 61 a 90 dias,Numérico,numeric,https://dados.cvm.gov.br/dados/FIDC/DOC/INF_MENSAL/META/meta_inf_mensal_fidc_txt.zip,2026-10-07
VI,TAB_VI_A4_VL_PRAZO_VENC_120,(VI.a.4) De 91 a 120 dias,Numérico,numeric,https://dados.cvm.gov.br/dados/FIDC/DOC/INF_MENSAL/META/meta_inf_mensal_fidc_txt.zip,2026-10-07
VI,TAB_VI_A5_VL_PRAZO_VENC_150,(VI.a.5) De 121 a 150 dias,Numérico,numeric,https://dados.cvm.gov.br/dados/FIDC/DOC/INF_MENSAL/META/meta_inf_mensal_fidc_txt.zip,2026-10-07
VI,TAB_VI_A6_VL_PRAZO_VENC_180,(VI.a.6) De 151 a 180 dias,Numérico,numeric,https://dados.cvm.gov.br/dados/FIDC/DOC/INF_MENSAL/META/meta_inf_mensal_fidc_txt.zip,2026-10-07
VI,TAB_VI_A7_VL_PRAZO_VENC_360,(VI.a.7) De 181 a 360 dias,Numérico,numeric,https://dados.cvm.gov.br/dados/FIDC/DOC/INF_MENSAL/META/meta_inf_mensal_fidc_txt.zip,2026-10-07
VI,TAB_VI_A8_VL_PRAZO_VENC_720,(VI.a.8) De 361 a 720 dias,Numérico,numeric,https://dados.cvm.gov.br/dados/FIDC/DOC/INF_MENSAL/META/meta_inf_mensal_fidc_txt.zip,2026-10-07
VI,TAB_VI_A9_VL_PRAZO_VENC_1080,(VI.a.9) De 721 a 1080 dias,Numérico,numeric,https://dados.cvm.gov.br/dados/FIDC/DOC/INF_MENSAL/META/meta_inf_mensal_fidc_txt.zip,2026-10-07
VI,TAB_VI_B_VL_DIRCRED_INAD,"(VI.b) Inadimplentes (Valor das Parcelas Inadimplentes, em R$)",Numérico,numeric,https://dados.cvm.gov.br/dados/FIDC/DOC/INF_MENSAL/META/meta_inf_mensal_fidc_txt.zip,2026-10-07
VI,TAB_VI_B1_VL_INAD_30,(VI.b.1) Vencidos e não Pagos entre 1 e 30 dias,Numérico,numeric,https://dados.cvm.gov.br/dados/FIDC/DOC/INF_MENSAL/META/meta_inf_mensal_fidc_txt.zip,2026-10-07
VI,TAB_VI_B10_VL_INAD_MAIOR_1080,(VI.b.10) Vencidos e não Pagos acima de 1080 dias,Numérico,numeric,https://dados.cvm.gov.br/dados/FIDC/DOC/INF_MENSAL/META/meta_inf_mensal_fidc_txt.zip,2026-10-07
VI,TAB_VI_B2_VL_INAD_60,(VI.b.2) Vencidos e não Pagos entre 31 e 60 dias,Numérico,numeric,https://dados.cvm.gov.br/dados/FIDC/DOC/INF_MENSAL/META/meta_inf_mensal_fidc_txt.zip,2026-10-07
VI,TAB_VI_B3_VL_INAD_90,(VI.b.3) Vencidos e não Pagos entre 61 e 90 dias,Numérico,numeric,https://dados.cvm.gov.br/dados/FIDC/DOC/INF_MENSAL/META/meta_inf_mensal_fidc_txt.zip,2026-10-07
VI,TAB_VI_B4_VL_INAD_120,(VI.b.4) Vencidos e não Pagos entre 91 e 120 dias,Numérico,numeric,https://dados.cvm.gov.br/dados/FIDC/DOC/INF_MENSAL/META/meta_inf_mensal_fidc_txt.zip,2026-10-07
VI,TAB_VI_B5_VL_INAD_150,(VI.b.5) Vencidos e não Pagos entre 121 e 150 dias,Numérico,numeric,https://dados.cvm.gov.br/dados/FIDC/DOC/INF_MENSAL/META/meta_inf_mensal_fidc_txt.zip,2026-10-07
VI,TAB_VI_B6_VL_INAD_180,(VI.b.6) Vencidos e não Pagos entre 151 e 180 dias,Numérico,numeric,https://dados.cvm.gov.br/dados/FIDC/DOC/INF_MENSAL/META/meta_inf_mensal_fidc_txt.zip,2026-10-07
VI,TAB_VI_B7_VL_INAD_360,(VI.b.7) Vencidos e não Pagos entre 181 e 360 dias,Numérico,numeric,https://dados.cvm.gov.br/dados/FIDC/DOC/INF_MENSAL/META/meta_inf_mensal_fidc_txt.zip,2026-10-07
VI,TAB_VI_B8_VL_INAD_720,(VI.b.8) Vencidos e não Pagos entre 361 e 720 dias,Numérico,numeric,https://dados.cvm.gov.br/dados/FIDC/DOC/INF_MENSAL/META/meta_inf_mensal_fidc_txt.zip,2026-10-07
VI,TAB_VI_B9_VL_INAD_1080,(VI.b.9) Vencidos e não Pagos entre 721 e 1080 dias,Numérico,numeric,https://dados.cvm.gov.br/dados/FIDC/DOC/INF_MENSAL/META/meta_inf_mensal_fidc_txt.zip,2026-10-07
VI,TAB_VI_C_VL_DIRCRED_ANTECIPADO,(VI.c) Pagos Antecipadamente (R$),Numérico,numeric,https://dados.cvm.gov.br/dados/FIDC/DOC/INF_MENSAL/META/meta_inf_mensal_fidc_txt.zip,2026-10-07
VI,TAB_VI_C1_VL_ANTECIPADO_30,(VI.c.1) Pagos Antecipadamente entre 1 e 30 dias do vencimento,Numérico,numeric,https://dados.cvm.gov.br/dados/FIDC/DOC/INF_MENSAL/META/meta_inf_mensal_fidc_txt.zip,2026-10-07
VI,TAB_VI_C10_VL_ANTECIPADO_MAIOR_1080,(VI.c.10) Pagos Antecipadamente acima de 1080 dias do vencimento,Numérico,numeric,https://dados.cvm.gov.br/dados/FIDC/DOC/INF_MENSAL/META/meta_inf_mensal_fidc_txt.zip,2026-10-07
VI,TAB_VI_C2_VL_ANTECIPADO_60,(VI.c.2) Pagos Antecipadamente entre 31 e 60 dias do vencimento,Numérico,numeric,https://dados.cvm.gov.br/dados/FIDC/DOC/INF_MENSAL/META/meta_inf_mensal_fidc_txt.zip,2026-10-07
VI,TAB_VI_C3_VL_ANTECIPADO_90,(VI.c.3) Pagos Antecipadamente entre 61 e 90 dias do vencimento,Numérico,numeric,https://dados.cvm.gov.br/dados/FIDC/DOC/INF_MENSAL/META/meta_inf_mensal_fidc_txt.zip,2026-10-07
VI,TAB_VI_C4_VL_ANTECIPADO_120,(VI.c.4) Pagos Antecipadamente entre 91 e 120 dias do vencimento,Numérico,numeric,https://dados.cvm.gov.br/dados/FIDC/DOC/INF_MENSAL/META/meta_inf_mensal_fidc_txt.zip,2026-10-07
VI,TAB_VI_C5_VL_ANTECIPADO_150,(VI.c.5) Pagos Antecipadamente entre 121 e 150 dias do vencimento,Numérico,numeric,https://dados.cvm.gov.br/dados/FIDC/DOC/INF_MENSAL/META/meta_inf_mensal_fidc_txt.zip,2026-10-07
VI,TAB_VI_C6_VL_ANTECIPADO_180,(VI.c.6) Pagos Antecipadamente entre 151 e 180 dias do vencimento,Numérico,numeric,https://dados.cvm.gov.br/dados/FIDC/DOC/INF_MENSAL/META/meta_inf_mensal_fidc_txt.zip,2026-10-07
VI,TAB_VI_C7_VL_ANTECIPADO_360,(VI.c.7) Pagos Antecipadamente entre 181 e 360 dias do vencimento,Numérico,numeric,https://dados.cvm.gov.br/dados/FIDC/DOC/INF_MENSAL/META/meta_inf_mensal_fidc_txt.zip,2026-10-07
VI,TAB_VI_C8_VL_ANTECIPADO_720,(VI.c.8) Pagos Antecipadamente entre 361 e 720 dias do vencimento,Numérico,numeric,https://dados.cvm.gov.br/dados/FIDC/DOC/INF_MENSAL/META/meta_inf_mensal_fidc_txt.zip,2026-10-07
VI,TAB_VI_C9_VL_ANTECIPADO_1080,(VI.c.9) Pagos Antecipadamente entre 721 e 1080 dias do vencimento,Numérico,numeric,https://dados.cvm.gov.br/dados/FIDC/DOC/INF_MENSAL/META/meta_inf_mensal_fidc_txt.zip,2026-10-07
VI,TP_FUNDO_CLASSE,Tipo de fundo/classe,Alfanumérico,varchar,https://dados.cvm.gov.br/dados/FIDC/DOC/INF_MENSAL/META/meta_inf_mensal_fidc_txt.zip,2026-10-07
VII,CNPJ_FUNDO_CLASSE,CNPJ do fundo/classe,Alfanumérico,varchar,https://dados.cvm.gov.br/dados/FIDC/DOC/INF_MENSAL/META/meta_inf_mensal_fidc_txt.zip,2026-10-07
VII,DENOM_SOCIAL,Denominação Social,Alfanumérico,varchar,https://dados.cvm.gov.br/dados/FIDC/DOC/INF_MENSAL/META/meta_inf_mensal_fidc_txt.zip,2026-10-07
VII,DT_COMPTC,Data de competência do documento,AAAA-MM-DD,date,https://dados.cvm.gov.br/dados/FIDC/DOC/INF_MENSAL/META/meta_inf_mensal_fidc_txt.zip,2026-10-07
VII,TAB_VII_A1_1_QT_DIRCRED_RISCO,(VII.a.1.1) Aquisições | Direitos Creditórios com Aquisição Substancial dos Riscos e Benefícios | Quantidade,Numérico,numeric,https://dados.cvm.gov.br/dados/FIDC/DOC/INF_MENSAL/META/meta_inf_mensal_fidc_txt.zip,2026-10-07
VII,TAB_VII_A1_2_VL_DIRCRED_RISCO,(VII.a.1.2) Aquisições | Direitos Creditórios com Aquisição Substancial dos Riscos e Benefícios | Valor,Numérico,numeric,https://dados.cvm.gov.br/dados/FIDC/DOC/INF_MENSAL/META/meta_inf_mensal_fidc_txt.zip,2026-10-07
VII,TAB_VII_A2_1_QT_DIRCRED_SEM_RISCO,(VII.a.2.1) Aquisições | Direitos Creditórios sem Aquisição Substancial dos Riscos e Benefícios | Quantidade,Numérico,numeric,https://dados.cvm.gov.br/dados/FIDC/DOC/INF_MENSAL/META/meta_inf_mensal_fidc_txt.zip,2026-10-07
VII,TAB_VII_A2_2_VL_DIRCRED_SEM_RISCO,(VII.a.2.2) Aquisições | Direitos Creditórios sem Aquisição Substancial dos Riscos e Benefícios | Valor,Numérico,numeric,https://dados.cvm.gov.br/dados/FIDC/DOC/INF_MENSAL/META/meta_inf_mensal_fidc_txt.zip,2026-10-07
VII,TAB_VII_A3_1_QT_DIRCRED_VENC_AD,(VII.a.3.1) Aquisições | Direitos Creditórios a Vencer e com parcela(s) Adimplentes | Quantidade,Numérico,numeric,https://dados.cvm.gov.br/dados/FIDC/DOC/INF_MENSAL/META/meta_inf_mensal_fidc_txt.zip,2026-10-07
VII,TAB_VII_A3_2_VL_DIRCRED_VENC_AD,(VII.a.3.2) Aquisições | Direitos Creditórios a Vencer e com parcela(s) Adimplentes | Valor,Numérico,numeric,https://dados.cvm.gov.br/dados/FIDC/DOC/INF_MENSAL/META/meta_inf_mensal_fidc_txt.zip,2026-10-07
VII,TAB_VII_A4_1_QT_DIRCRED_VENC_INAD,(VII.a.4.1) Aquisições | Direitos Creditórios a Vencer com Parcelas Inadimplentes | Quantidade,Numérico,numeric,https://dados.cvm.gov.br/dados/FIDC/DOC/INF_MENSAL/META/meta_inf_mensal_fidc_txt.zip,2026-10-07
VII,TAB_VII_A4_2_VL_DIRCRED_VENC_INAD,(VII.a.4.2) Aquisições | Direitos Creditórios a Vencer com Parcelas Inadimplentes | Valor,Numérico,numeric,https://dados.cvm.gov.br/dados/FIDC/DOC/INF_MENSAL/META/meta_inf_mensal_fidc_txt.zip,2026-10-07
VII,TAB_VII_A5_1_QT_DIRCRED_INAD,(VII.a.5.1) Aquisições | Direitos Creditórios Inadimplentes | Quantidade,Numérico,numeric,https://dados.cvm.gov.br/dados/FIDC/DOC/INF_MENSAL/META/meta_inf_mensal_fidc_txt.zip,2026-10-07
VII,TAB_VII_A5_2_VL_DIRCRED_INAD,(VII.a.5.2) Aquisições | Direitos Creditórios Inadimplentes | Valor,Numérico,numeric,https://dados.cvm.gov.br/dados/FIDC/DOC/INF_MENSAL/META/meta_inf_mensal_fidc_txt.zip,2026-10-07
VII,TAB_VII_B1_1_QT_CEDENTE,(VII.b.1.1) Alienações | Para o Cedente e Partes Relacionadas aos Cedentes | Quantidade,Numérico,numeric,https://dados.cvm.gov.br/dados/FIDC/DOC/INF_MENSAL/META/meta_inf_mensal_fidc_txt.zip,2026-10-07
VII,TAB_VII_B1_2_VL_CEDENTE,(VII.b.1.2) Alienações | Para o Cedente e Partes Relacionadas aos Cedentes | Valor,Numérico,numeric,https://dados.cvm.gov.br/dados/FIDC/DOC/INF_MENSAL/META/meta_inf_mensal_fidc_txt.zip,2026-10-07
VII,TAB_VII_B1_3_VL_CONTAB_CEDENTE,(VII.b.1.3) Alienações | Para o Cedente e Partes Relacionadas aos Cedentes | Valor Contábil,Numérico,numeric,https://dados.cvm.gov.br/dados/FIDC/DOC/INF_MENSAL/META/meta_inf_mensal_fidc_txt.zip,2026-10-07
VII,TAB_VII_B2_1_QT_PREST,(VII.b.2.1) Alienações | Para os Prestadores de Serviços e Partes Relacionadas aos Prestadores de Serviços | Quantidade,Numérico,numeric,https://dados.cvm.gov.br/dados/FIDC/DOC/INF_MENSAL/META/meta_inf_mensal_fidc_txt.zip,2026-10-07
VII,TAB_VII_B2_2_VL_PREST,(VII.b.2.2) Alienações | Para os Prestadores de Serviços e Partes Relacionadas aos Prestadores de Serviços | Valor,Numérico,numeric,https://dados.cvm.gov.br/dados/FIDC/DOC/INF_MENSAL/META/meta_inf_mensal_fidc_txt.zip,2026-10-07
VII,TAB_VII_B2_3_VL_CONTAB_PREST,(VII.b.2.3) Alienações | Para os Prestadores de Serviços e Partes Relacionadas aos Prestadores de Serviços | Valor Contábil,Numérico,numeric,https://dados.cvm.gov.br/dados/FIDC/DOC/INF_MENSAL/META/meta_inf_mensal_fidc_txt.zip,2026-10-07
VII,TAB_VII_B3_1_QT_TERCEIRO,(VII.b.3.1) Alienações | Para Terceiros | Quantidade,Numérico,numeric,https://dados.cvm.gov.br/dados/FIDC/DOC/INF_MENSAL/META/meta_inf_mensal_fidc_txt.zip,2026-10-07
VII,TAB_VII_B3_2_VL_TERCEIRO,(VII.b.3.2) Alienações | Para Terceiros | Valor,Numérico,numeric,https://dados.cvm.gov.br/dados/FIDC/DOC/INF_MENSAL/META/meta_inf_mensal_fidc_txt.zip,2026-10-07
VII,TAB_VII_B3_3_VL_CONTAB_TERCEIRO,(VII.b.3.3) Alienações | Para Terceiros | Valor Contábil,Numérico,numeric,https://dados.cvm.gov.br/dados/FIDC/DOC/INF_MENSAL/META/meta_inf_mensal_fidc_txt.zip,2026-10-07
VII,TAB_VII_C_1_QT_SUBST,(VII.c.1) Substituições | Quantidade,Numérico,numeric,https://dados.cvm.gov.br/dados/FIDC/DOC/INF_MENSAL/META/meta_inf_mensal_fidc_txt.zip,2026-10-07
VII,TAB_VII_C_2_VL_SUBST,(VII.c.2) Substituições | Valor,Numérico,numeric,https://dados.cvm.gov.br/dados/FIDC/DOC/INF_MENSAL/META/meta_inf_mensal_fidc_txt.zip,2026-10-07
VII,TAB_VII_C_3_VL_CONTAB_SUBST,(VII.c.3) Substituições | Valor Contábil,Numérico,numeric,https://dados.cvm.gov.br/dados/FIDC/DOC/INF_MENSAL/META/meta_inf_mensal_fidc_txt.zip,2026-10-07
VII,TAB_VII_D_1_QT_RECOMPRA,(VII.d.1) Recompras | Quantidade,Numérico,numeric,https://dados.cvm.gov.br/dados/FIDC/DOC/INF_MENSAL/META/meta_inf_mensal_fidc_txt.zip,2026-10-07
VII,TAB_VII_D_2_VL_RECOMPRA,(VII.d.2) Recompras | Valor,Numérico,numeric,https://dados.cvm.gov.br/dados/FIDC/DOC/INF_MENSAL/META/meta_inf_mensal_fidc_txt.zip,2026-10-07
VII,TAB_VII_D_3_VL_CONTAB_RECOMPRA,(VII.d.3) Recompras | Valor Contábil,Numérico,numeric,https://dados.cvm.gov.br/dados/FIDC/DOC/INF_MENSAL/META/meta_inf_mensal_fidc_txt.zip,2026-10-07
VII,TP_FUNDO_CLASSE,Tipo de fundo/classe,Alfanumérico,varchar,https://dados.cvm.gov.br/dados/FIDC/DOC/INF_MENSAL/META/meta_inf_mensal_fidc_txt.zip,2026-10-07
VIII,CNPJ_FUNDO_CLASSE,CNPJ do fundo/classe,Alfanumérico,varchar,https://dados.cvm.gov.br/dados/FIDC/DOC/INF_MENSAL/META/meta_inf_mensal_fidc_txt.zip,2026-10-07
VIII,DENOM_SOCIAL,Denominação Social,Alfanumérico,varchar,https://dados.cvm.gov.br/dados/FIDC/DOC/INF_MENSAL/META/meta_inf_mensal_fidc_txt.zip,2026-10-07
VIII,DT_COMPTC,Data de competência do documento,AAAA-MM-DD,date,https://dados.cvm.gov.br/dados/FIDC/DOC/INF_MENSAL/META/meta_inf_mensal_fidc_txt.zip,2026-10-07
VIII,TP_FUNDO_CLASSE,Tipo de fundo/classe,Alfanumérico,varchar,https://dados.cvm.gov.br/dados/FIDC/DOC/INF_MENSAL/META/meta_inf_mensal_fidc_txt.zip,2026-10-07
VIII,VALOR,"","",numeric,https://dados.cvm.gov.br/dados/FIDC/DOC/INF_MENSAL/META/meta_inf_mensal_fidc_txt.zip,2026-10-07
VIII,SEQUENCIAL,"","",bigint,https://dados.cvm.gov.br/dados/FIDC/DOC/INF_MENSAL/META/meta_inf_mensal_fidc_txt.zip,2026-10-07
X,CNPJ_FUNDO_CLASSE,CNPJ do fundo/classe,Alfanumérico,varchar,https://dados.cvm.gov.br/dados/FIDC/DOC/INF_MENSAL/META/meta_inf_mensal_fidc_txt.zip,2026-10-07
X,DENOM_SOCIAL,Denominação Social,Alfanumérico,varchar,https://dados.cvm.gov.br/dados/FIDC/DOC/INF_MENSAL/META/meta_inf_mensal_fidc_txt.zip,2026-10-07
X,DT_COMPTC,Data de competência do documento,AAAA-MM-DD,date,https://dados.cvm.gov.br/dados/FIDC/DOC/INF_MENSAL/META/meta_inf_mensal_fidc_txt.zip,2026-10-07
X,TAB_X_DEBITO_TRIBUT,(X.9.1) Valor total dos direitos creditórios cedidos por cedentes que possuem débitos tributários inscritos em dívida Ativa da União,Numérico,numeric,https://dados.cvm.gov.br/dados/FIDC/DOC/INF_MENSAL/META/meta_inf_mensal_fidc_txt.zip,2026-10-07
X,TAB_X_SCR_RISCO_DEVEDOR_A,(X.8.1) Valor Total dos direitos creditórios reportados ao SCR com base nas classificações de riscos dos devedores - A,Numérico,numeric,https://dados.cvm.gov.br/dados/FIDC/DOC/INF_MENSAL/META/meta_inf_mensal_fidc_txt.zip,2026-10-07
X,TAB_X_SCR_RISCO_DEVEDOR_AA,(X.8.1) Valor Total dos direitos creditórios reportados ao SCR com base nas classificações de riscos dos devedores - AA,Numérico,numeric,https://dados.cvm.gov.br/dados/FIDC/DOC/INF_MENSAL/META/meta_inf_mensal_fidc_txt.zip,2026-10-07
X,TAB_X_SCR_RISCO_DEVEDOR_B,(X.8.1) Valor Total dos direitos creditórios reportados ao SCR com base nas classificações de riscos dos devedores - B,Numérico,numeric,https://dados.cvm.gov.br/dados/FIDC/DOC/INF_MENSAL/META/meta_inf_mensal_fidc_txt.zip,2026-10-07
X,TAB_X_SCR_RISCO_DEVEDOR_C,(X.8.1) Valor Total dos direitos creditórios reportados ao SCR com base nas classificações de riscos dos devedores - C,Numérico,numeric,https://dados.cvm.gov.br/dados/FIDC/DOC/INF_MENSAL/META/meta_inf_mensal_fidc_txt.zip,2026-10-07
X,TAB_X_SCR_RISCO_DEVEDOR_D,(X.8.1) Valor Total dos direitos creditórios reportados ao SCR com base nas classificações de riscos dos devedores - D,Numérico,numeric,https://dados.cvm.gov.br/dados/FIDC/DOC/INF_MENSAL/META/meta_inf_mensal_fidc_txt.zip,2026-10-07
X,TAB_X_SCR_RISCO_DEVEDOR_E,(X.8.1) Valor Total dos direitos creditórios reportados ao SCR com base nas classificações de riscos dos devedores - E,Numérico,numeric,https://dados.cvm.gov.br/dados/FIDC/DOC/INF_MENSAL/META/meta_inf_mensal_fidc_txt.zip,2026-10-07
X,TAB_X_SCR_RISCO_DEVEDOR_F,(X.8.1) Valor Total dos direitos creditórios reportados ao SCR com base nas classificações de riscos dos devedores - F,Numérico,numeric,https://dados.cvm.gov.br/dados/FIDC/DOC/INF_MENSAL/META/meta_inf_mensal_fidc_txt.zip,2026-10-07
X,TAB_X_SCR_RISCO_DEVEDOR_G,(X.8.1) Valor Total dos direitos creditórios reportados ao SCR com base nas classificações de riscos dos devedores - G,Numérico,numeric,https://dados.cvm.gov.br/dados/FIDC/DOC/INF_MENSAL/META/meta_inf_mensal_fidc_txt.zip,2026-10-07
X,TAB_X_SCR_RISCO_DEVEDOR_H,(X.8.1) Valor Total dos direitos creditórios reportados ao SCR com base nas classificações de riscos dos devedores - H,Numérico,numeric,https://dados.cvm.gov.br/dados/FIDC/DOC/INF_MENSAL/META/meta_inf_mensal_fidc_txt.zip,2026-10-07
X,TAB_X_SCR_RISCO_OPER_A,(X.8.2) Valor total dos direitos creditórios reportados ao SCR com base nas classificações de risco das operações - A,Numérico,numeric,https://dados.cvm.gov.br/dados/FIDC/DOC/INF_MENSAL/META/meta_inf_mensal_fidc_txt.zip,2026-10-07
X,TAB_X_SCR_RISCO_OPER_AA,(X.8.2) Valor total dos direitos creditórios reportados ao SCR com base nas classificações de risco das operações - AA,Numérico,numeric,https://dados.cvm.gov.br/dados/FIDC/DOC/INF_MENSAL/META/meta_inf_mensal_fidc_txt.zip,2026-10-07
X,TAB_X_SCR_RISCO_OPER_B,(X.8.2) Valor total dos direitos creditórios reportados ao SCR com base nas classificações de risco das operações - B,Numérico,numeric,https://dados.cvm.gov.br/dados/FIDC/DOC/INF_MENSAL/META/meta_inf_mensal_fidc_txt.zip,2026-10-07
X,TAB_X_SCR_RISCO_OPER_C,(X.8.2) Valor total dos direitos creditórios reportados ao SCR com base nas classificações de risco das operações - C,Numérico,numeric,https://dados.cvm.gov.br/dados/FIDC/DOC/INF_MENSAL/META/meta_inf_mensal_fidc_txt.zip,2026-10-07
X,TAB_X_SCR_RISCO_OPER_D,(X.8.2) Valor total dos direitos creditórios reportados ao SCR com base nas classificações de risco das operações - D,Numérico,numeric,https://dados.cvm.gov.br/dados/FIDC/DOC/INF_MENSAL/META/meta_inf_mensal_fidc_txt.zip,2026-10-07
X,TAB_X_SCR_RISCO_OPER_E,(X.8.2) Valor total dos direitos creditórios reportados ao SCR com base nas classificações de risco das operações - E,Numérico,numeric,https://dados.cvm.gov.br/dados/FIDC/DOC/INF_MENSAL/META/meta_inf_mensal_fidc_txt.zip,2026-10-07
X,TAB_X_SCR_RISCO_OPER_F,(X.8.2) Valor total dos direitos creditórios reportados ao SCR com base nas classificações de risco das operações - F,Numérico,numeric,https://dados.cvm.gov.br/dados/FIDC/DOC/INF_MENSAL/META/meta_inf_mensal_fidc_txt.zip,2026-10-07
X,TAB_X_SCR_RISCO_OPER_G,(X.8.2) Valor total dos direitos creditórios reportados ao SCR com base nas classificações de risco das operações - G,Numérico,numeric,https://dados.cvm.gov.br/dados/FIDC/DOC/INF_MENSAL/META/meta_inf_mensal_fidc_txt.zip,2026-10-07
X,TAB_X_SCR_RISCO_OPER_H,(X.8.2) Valor total dos direitos creditórios reportados ao SCR com base nas classificações de risco das operações - H,Numérico,numeric,https://dados.cvm.gov.br/dados/FIDC/DOC/INF_MENSAL/META/meta_inf_mensal_fidc_txt.zip,2026-10-07
X,TP_FUNDO_CLASSE,Tipo de fundo/classe,Alfanumérico,varchar,https://dados.cvm.gov.br/dados/FIDC/DOC/INF_MENSAL/META/meta_inf_mensal_fidc_txt.zip,2026-10-07
X_1,CNPJ_FUNDO,CNPJ do fundo,Alfanumérico,varchar,https://dados.cvm.gov.br/dados/FIDC/DOC/INF_MENSAL/META/meta_inf_mensal_fidc_txt.zip,2026-10-07
X_1,DENOM_SOCIAL,Denominação Social,Alfanumérico,varchar,https://dados.cvm.gov.br/dados/FIDC/DOC/INF_MENSAL/META/meta_inf_mensal_fidc_txt.zip,2026-10-07
X_1,DT_COMPTC,Data de competência do documento,AAAA-MM-DD,date,https://dados.cvm.gov.br/dados/FIDC/DOC/INF_MENSAL/META/meta_inf_mensal_fidc_txt.zip,2026-10-07
X_1,TAB_X_CLASSE_SERIE,(X) Classe/Série,Alfanumérico,varchar,https://dados.cvm.gov.br/dados/FIDC/DOC/INF_MENSAL/META/meta_inf_mensal_fidc_txt.zip,2026-10-07
X_1,TAB_X_NR_COTST,(X.1) Número de Cotistas,Numérico,numeric,https://dados.cvm.gov.br/dados/FIDC/DOC/INF_MENSAL/META/meta_inf_mensal_fidc_txt.zip,2026-10-07
X_1_1,CNPJ_FUNDO_CLASSE,CNPJ do fundo/classe,Alfanumérico,varchar,https://dados.cvm.gov.br/dados/FIDC/DOC/INF_MENSAL/META/meta_inf_mensal_fidc_txt.zip,2026-10-07
X_1_1,DENOM_SOCIAL,Denominação Social,Alfanumérico,varchar,https://dados.cvm.gov.br/dados/FIDC/DOC/INF_MENSAL/META/meta_inf_mensal_fidc_txt.zip,2026-10-07
X_1_1,DT_COMPTC,Data de competência do documento,AAAA-MM-DD,date,https://dados.cvm.gov.br/dados/FIDC/DOC/INF_MENSAL/META/meta_inf_mensal_fidc_txt.zip,2026-10-07
X_1_1,TAB_X_NR_COTST_SENIOR_BANCO,(X.1.1) Número de Cotistas (Classe Sênior) - Banco comercial,Numérico,numeric,https://dados.cvm.gov.br/dados/FIDC/DOC/INF_MENSAL/META/meta_inf_mensal_fidc_txt.zip,2026-10-07
X_1_1,TAB_X_NR_COTST_SENIOR_CAPITALIZ,(X.1.1) Número de Cotistas (Classe Sênior) - Sociedade de capitalização e de arrendamento mercantil,Numérico,numeric,https://dados.cvm.gov.br/dados/FIDC/DOC/INF_MENSAL/META/meta_inf_mensal_fidc_txt.zip,2026-10-07
X_1_1,TAB_X_NR_COTST_SENIOR_CLUBE,(X.1.1) Número de Cotistas (Classe Sênior) - Clubes de investimento,Numérico,numeric,https://dados.cvm.gov.br/dados/FIDC/DOC/INF_MENSAL/META/meta_inf_mensal_fidc_txt.zip,2026-10-07
X_1_1,TAB_X_NR_COTST_SENIOR_CORRETORA_DISTRIB,(X.1.1) Número de Cotistas (Classe Sênior) - Corretora ou distribuidora,Numérico,numeric,https://dados.cvm.gov.br/dados/FIDC/DOC/INF_MENSAL/META/meta_inf_mensal_fidc_txt.zip,2026-10-07
X_1_1,TAB_X_NR_COTST_SENIOR_COTA_FIDC,(X.1.1) Número de Cotistas (Classe Sênior) - Fundos de investimento em cotas de FIDC,Numérico,numeric,https://dados.cvm.gov.br/dados/FIDC/DOC/INF_MENSAL/META/meta_inf_mensal_fidc_txt.zip,2026-10-07
X_1_1,TAB_X_NR_COTST_SENIOR_EAPC,(X.1.1) Número de Cotistas (Classe Sênior) - Entidade aberta de previdência complementar,Numérico,numeric,https://dados.cvm.gov.br/dados/FIDC/DOC/INF_MENSAL/META/meta_inf_mensal_fidc_txt.zip,2026-10-07
X_1_1,TAB_X_NR_COTST_SENIOR_EFPC,(X.1.1) Número de Cotistas (Classe Sênior) - Entidade fechada de previdência complementar,Numérico,numeric,https://dados.cvm.gov.br/dados/FIDC/DOC/INF_MENSAL/META/meta_inf_mensal_fidc_txt.zip,2026-10-07
X_1_1,TAB_X_NR_COTST_SENIOR_FII,(X.1.1) Número de Cotistas (Classe Sênior) - Fundos de investimento imobiliário,Numérico,numeric,https://dados.cvm.gov.br/dados/FIDC/DOC/INF_MENSAL/META/meta_inf_mensal_fidc_txt.zip,2026-10-07
X_1_1,TAB_X_NR_COTST_SENIOR_INVNR,(X.1.1) Número de Cotistas (Classe Sênior) - Investidores não residentes,Numérico,numeric,https://dados.cvm.gov.br/dados/FIDC/DOC/INF_MENSAL/META/meta_inf_mensal_fidc_txt.zip,2026-10-07
X_1_1,TAB_X_NR_COTST_SENIOR_OUTRO,(X.1.1) Número de Cotistas (Classe Sênior) - Outros,Numérico,numeric,https://dados.cvm.gov.br/dados/FIDC/DOC/INF_MENSAL/META/meta_inf_mensal_fidc_txt.zip,2026-10-07
X_1_1,TAB_X_NR_COTST_SENIOR_OUTRO_FI,(X.1.1) Número de Cotistas (Classe Sênior) - Outros fundos de investimento,Numérico,numeric,https://dados.cvm.gov.br/dados/FIDC/DOC/INF_MENSAL/META/meta_inf_mensal_fidc_txt.zip,2026-10-07
X_1_1,TAB_X_NR_COTST_SENIOR_PF,(X.1.1) Número de Cotistas (Classe Sênior) - Pessoa física,Numérico,numeric,https://dados.cvm.gov.br/dados/FIDC/DOC/INF_MENSAL/META/meta_inf_mensal_fidc_txt.zip,2026-10-07
X_1_1,TAB_X_NR_COTST_SENIOR_PJ_FINANC,(X.1.1) Número de Cotistas (Classe Sênior) - Outras pessoas jurídicas financeiras,Numérico,numeric,https://dados.cvm.gov.br/dados/FIDC/DOC/INF_MENSAL/META/meta_inf_mensal_fidc_txt.zip,2026-10-07
X_1_1,TAB_X_NR_COTST_SENIOR_PJ_NAO_FINANC,(X.1.1) Número de Cotistas (Classe Sênior) - Pessoa jurídica não-financeira,Numérico,numeric,https://dados.cvm.gov.br/dados/FIDC/DOC/INF_MENSAL/META/meta_inf_mensal_fidc_txt.zip,2026-10-07
X_1_1,TAB_X_NR_COTST_SENIOR_RPPS,(X.1.1) Número de Cotistas (Classe Sênior) - Regime próprio de previdência dos servidores públicos,Numérico,numeric,https://dados.cvm.gov.br/dados/FIDC/DOC/INF_MENSAL/META/meta_inf_mensal_fidc_txt.zip,2026-10-07
X_1_1,TAB_X_NR_COTST_SENIOR_SEGUR,(X.1.1) Número de Cotistas (Classe Sênior) - Sociedade seguradora ou resseguradora,Numérico,numeric,https://dados.cvm.gov.br/dados/FIDC/DOC/INF_MENSAL/META/meta_inf_mensal_fidc_txt.zip,2026-10-07
X_1_1,TAB_X_NR_COTST_SUBORD_BANCO,(X.1.2) Número de Cotistas (Classe Subordinada) - Banco comercial,Numérico,numeric,https://dados.cvm.gov.br/dados/FIDC/DOC/INF_MENSAL/META/meta_inf_mensal_fidc_txt.zip,2026-10-07
X_1_1,TAB_X_NR_COTST_SUBORD_CAPITALIZ,(X.1.2) Número de Cotistas (Classe Subordinada) - Sociedade de capitalização e de arrendamento mercantil,Numérico,numeric,https://dados.cvm.gov.br/dados/FIDC/DOC/INF_MENSAL/META/meta_inf_mensal_fidc_txt.zip,2026-10-07
X_1_1,TAB_X_NR_COTST_SUBORD_CLUBE,(X.1.2) Número de Cotistas (Classe Subordinada) - Clubes de investimento,Numérico,numeric,https://dados.cvm.gov.br/dados/FIDC/DOC/INF_MENSAL/META/meta_inf_mensal_fidc_txt.zip,2026-10-07
X_1_1,TAB_X_NR_COTST_SUBORD_CORRETORA_DISTRIB,(X.1.2) Número de Cotistas (Classe Subordinada) - Corretora ou distribuidora,Numérico,numeric,https://dados.cvm.gov.br/dados/FIDC/DOC/INF_MENSAL/META/meta_inf_mensal_fidc_txt.zip,2026-10-07
X_1_1,TAB_X_NR_COTST_SUBORD_COTA_FIDC,(X.1.2) Número de Cotistas (Classe Subordinada) - Fundos de investimento em cotas de FIDC,Numérico,numeric,https://dados.cvm.gov.br/dados/FIDC/DOC/INF_MENSAL/META/meta_inf_mensal_fidc_txt.zip,2026-10-07
X_1_1,TAB_X_NR_COTST_SUBORD_EAPC,(X.1.2) Número de Cotistas (Classe Subordinada) - Entidade aberta de previdência complementar,Numérico,numeric,https://dados.cvm.gov.br/dados/FIDC/DOC/INF_MENSAL/META/meta_inf_mensal_fidc_txt.zip,2026-10-07
X_1_1,TAB_X_NR_COTST_SUBORD_EFPC,(X.1.2) Número de Cotistas (Classe Subordinada) - Entidade fechada de previdência complementar,Numérico,numeric,https://dados.cvm.gov.br/dados/FIDC/DOC/INF_MENSAL/META/meta_inf_mensal_fidc_txt.zip,2026-10-07
X_1_1,TAB_X_NR_COTST_SUBORD_FII,(X.1.2) Número de Cotistas (Classe Subordinada) - Fundos de investimento imobiliário,Numérico,numeric,https://dados.cvm.gov.br/dados/FIDC/DOC/INF_MENSAL/META/meta_inf_mensal_fidc_txt.zip,2026-10-07
X_1_1,TAB_X_NR_COTST_SUBORD_INVNR,(X.1.2) Número de Cotistas (Classe Subordinada) - Investidores não residentes,Numérico,numeric,https://dados.cvm.gov.br/dados/FIDC/DOC/INF_MENSAL/META/meta_inf_mensal_fidc_txt.zip,2026-10-07
X_1_1,TAB_X_NR_COTST_SUBORD_OUTRO,(X.1.2) Número de Cotistas (Classe Subordinada) - Outros,Numérico,numeric,https://dados.cvm.gov.br/dados/FIDC/DOC/INF_MENSAL/META/meta_inf_mensal_fidc_txt.zip,2026-10-07
X_1_1,TAB_X_NR_COTST_SUBORD_OUTRO_FI,(X.1.2) Número de Cotistas (Classe Subordinada) - Outros fundos de investimento,Numérico,numeric,https://dados.cvm.gov.br/dados/FIDC/DOC/INF_MENSAL/META/meta_inf_mensal_fidc_txt.zip,2026-10-07
X_1_1,TAB_X_NR_COTST_SUBORD_PF,(X.1.2) Número de Cotistas (Classe Subordinada) - Pessoa física,Numérico,numeric,https://dados.cvm.gov.br/dados/FIDC/DOC/INF_MENSAL/META/meta_inf_mensal_fidc_txt.zip,2026-10-07
X_1_1,TAB_X_NR_COTST_SUBORD_PJ_FINANC,(X.1.2) Número de Cotistas (Classe Subordinada) - Outras pessoas jurídicas financeiras,Numérico,numeric,https://dados.cvm.gov.br/dados/FIDC/DOC/INF_MENSAL/META/meta_inf_mensal_fidc_txt.zip,2026-10-07
X_1_1,TAB_X_NR_COTST_SUBORD_PJ_NAO_FINANC,(X.1.2) Número de Cotistas (Classe Subordinada) - Pessoa jurídica não-financeira,Numérico,numeric,https://dados.cvm.gov.br/dados/FIDC/DOC/INF_MENSAL/META/meta_inf_mensal_fidc_txt.zip,2026-10-07
X_1_1,TAB_X_NR_COTST_SUBORD_RPPS,(X.1.2) Número de Cotistas (Classe Subordinada) - Regime próprio de previdência dos servidores públicos,Numérico,numeric,https://dados.cvm.gov.br/dados/FIDC/DOC/INF_MENSAL/META/meta_inf_mensal_fidc_txt.zip,2026-10-07
X_1_1,TAB_X_NR_COTST_SUBORD_SEGUR,(X.1.2) Número de Cotistas (Classe Subordinada) - Sociedade seguradora ou resseguradora,Numérico,numeric,https://dados.cvm.gov.br/dados/FIDC/DOC/INF_MENSAL/META/meta_inf_mensal_fidc_txt.zip,2026-10-07
X_1_1,TP_FUNDO_CLASSE,Tipo de fundo/classe,Alfanumérico,varchar,https://dados.cvm.gov.br/dados/FIDC/DOC/INF_MENSAL/META/meta_inf_mensal_fidc_txt.zip,2026-10-07
X_2,CNPJ_FUNDO,CNPJ do fundo,Alfanumérico,varchar,https://dados.cvm.gov.br/dados/FIDC/DOC/INF_MENSAL/META/meta_inf_mensal_fidc_txt.zip,2026-10-07
X_2,DENOM_SOCIAL,Denominação Social,Alfanumérico,varchar,https://dados.cvm.gov.br/dados/FIDC/DOC/INF_MENSAL/META/meta_inf_mensal_fidc_txt.zip,2026-10-07
X_2,DT_COMPTC,Data de competência do documento,AAAA-MM-DD,date,https://dados.cvm.gov.br/dados/FIDC/DOC/INF_MENSAL/META/meta_inf_mensal_fidc_txt.zip,2026-10-07
X_2,TAB_X_CLASSE_SERIE,(X) Classe/Série,Alfanumérico,varchar,https://dados.cvm.gov.br/dados/FIDC/DOC/INF_MENSAL/META/meta_inf_mensal_fidc_txt.zip,2026-10-07
X_2,TAB_X_QT_COTA,(X) Quantidade de Cotas,Numérico,numeric,https://dados.cvm.gov.br/dados/FIDC/DOC/INF_MENSAL/META/meta_inf_mensal_fidc_txt.zip,2026-10-07
X_2,TAB_X_VL_COTA,(X.2) Valor da Cota,Numérico,numeric,https://dados.cvm.gov.br/dados/FIDC/DOC/INF_MENSAL/META/meta_inf_mensal_fidc_txt.zip,2026-10-07
X_3,CNPJ_FUNDO,CNPJ do fundo,Alfanumérico,varchar,https://dados.cvm.gov.br/dados/FIDC/DOC/INF_MENSAL/META/meta_inf_mensal_fidc_txt.zip,2026-10-07
X_3,DENOM_SOCIAL,Denominação Social,Alfanumérico,varchar,https://dados.cvm.gov.br/dados/FIDC/DOC/INF_MENSAL/META/meta_inf_mensal_fidc_txt.zip,2026-10-07
X_3,DT_COMPTC,Data de competência do documento,AAAA-MM-DD,date,https://dados.cvm.gov.br/dados/FIDC/DOC/INF_MENSAL/META/meta_inf_mensal_fidc_txt.zip,2026-10-07
X_3,TAB_X_CLASSE_SERIE,(X) Classe/Série,Alfanumérico,varchar,https://dados.cvm.gov.br/dados/FIDC/DOC/INF_MENSAL/META/meta_inf_mensal_fidc_txt.zip,2026-10-07
X_3,TAB_X_VL_RENTAB_MES,(X.3) Rentabilidade Apurada no Mês,Numérico,numeric,https://dados.cvm.gov.br/dados/FIDC/DOC/INF_MENSAL/META/meta_inf_mensal_fidc_txt.zip,2026-10-07
X_4,CNPJ_FUNDO,CNPJ do fundo,Alfanumérico,varchar,https://dados.cvm.gov.br/dados/FIDC/DOC/INF_MENSAL/META/meta_inf_mensal_fidc_txt.zip,2026-10-07
X_4,DENOM_SOCIAL,Denominação Social,Alfanumérico,varchar,https://dados.cvm.gov.br/dados/FIDC/DOC/INF_MENSAL/META/meta_inf_mensal_fidc_txt.zip,2026-10-07
X_4,DT_COMPTC,Data de competência do documento,AAAA-MM-DD,date,https://dados.cvm.gov.br/dados/FIDC/DOC/INF_MENSAL/META/meta_inf_mensal_fidc_txt.zip,2026-10-07
X_4,TAB_X_CLASSE_SERIE,(X) Classe/Série,Alfanumérico,varchar,https://dados.cvm.gov.br/dados/FIDC/DOC/INF_MENSAL/META/meta_inf_mensal_fidc_txt.zip,2026-10-07
X_4,TAB_X_QT_COTA,(X) Quantidade de Cotas,Numérico,numeric,https://dados.cvm.gov.br/dados/FIDC/DOC/INF_MENSAL/META/meta_inf_mensal_fidc_txt.zip,2026-10-07
X_4,TAB_X_TP_OPER,(X.4) Tipo de Operação,Alfanumérico,varchar,https://dados.cvm.gov.br/dados/FIDC/DOC/INF_MENSAL/META/meta_inf_mensal_fidc_txt.zip,2026-10-07
X_4,TAB_X_VL_TOTAL,(X.4) Valor Total,Numérico,numeric,https://dados.cvm.gov.br/dados/FIDC/DOC/INF_MENSAL/META/meta_inf_mensal_fidc_txt.zip,2026-10-07
X_5,CNPJ_FUNDO_CLASSE,CNPJ do fundo/classe,Alfanumérico,varchar,https://dados.cvm.gov.br/dados/FIDC/DOC/INF_MENSAL/META/meta_inf_mensal_fidc_txt.zip,2026-10-07
X_5,DENOM_SOCIAL,Denominação Social,Alfanumérico,varchar,https://dados.cvm.gov.br/dados/FIDC/DOC/INF_MENSAL/META/meta_inf_mensal_fidc_txt.zip,2026-10-07
X_5,DT_COMPTC,Data de competência do documento,AAAA-MM-DD,date,https://dados.cvm.gov.br/dados/FIDC/DOC/INF_MENSAL/META/meta_inf_mensal_fidc_txt.zip,2026-10-07
X_5,TAB_X_VL_LIQUIDEZ_0,(X.5) Ativos com liquidez imediata,Numérico,numeric,https://dados.cvm.gov.br/dados/FIDC/DOC/INF_MENSAL/META/meta_inf_mensal_fidc_txt.zip,2026-10-07
X_5,TAB_X_VL_LIQUIDEZ_180,(X.5) Ativos que podem ser liquidados em até 180 dias,Numérico,numeric,https://dados.cvm.gov.br/dados/FIDC/DOC/INF_MENSAL/META/meta_inf_mensal_fidc_txt.zip,2026-10-07
X_5,TAB_X_VL_LIQUIDEZ_30,(X.5) Ativos que podem ser liquidados em até 30 dias,Numérico,numeric,https://dados.cvm.gov.br/dados/FIDC/DOC/INF_MENSAL/META/meta_inf_mensal_fidc_txt.zip,2026-10-07
X_5,TAB_X_VL_LIQUIDEZ_360,(X.5) Ativos que podem ser liquidados em até 360 dias,Numérico,numeric,https://dados.cvm.gov.br/dados/FIDC/DOC/INF_MENSAL/META/meta_inf_mensal_fidc_txt.zip,2026-10-07
X_5,TAB_X_VL_LIQUIDEZ_60,(X.5) Ativos que podem ser liquidados em até 60 dias,Numérico,numeric,https://dados.cvm.gov.br/dados/FIDC/DOC/INF_MENSAL/META/meta_inf_mensal_fidc_txt.zip,2026-10-07
X_5,TAB_X_VL_LIQUIDEZ_90,(X.5)  Ativos que podem ser liquidados em até 90 dias,Numérico,numeric,https://dados.cvm.gov.br/dados/FIDC/DOC/INF_MENSAL/META/meta_inf_mensal_fidc_txt.zip,2026-10-07
X_5,TAB_X_VL_LIQUIDEZ_MAIOR_360,(X.5) Ativos que podem ser liquidados em mais de 360 dias,Numérico,numeric,https://dados.cvm.gov.br/dados/FIDC/DOC/INF_MENSAL/META/meta_inf_mensal_fidc_txt.zip,2026-10-07
X_5,TP_FUNDO_CLASSE,Tipo de fundo/classe,Alfanumérico,varchar,https://dados.cvm.gov.br/dados/FIDC/DOC/INF_MENSAL/META/meta_inf_mensal_fidc_txt.zip,2026-10-07
X_6,CNPJ_FUNDO,CNPJ do fundo,Alfanumérico,varchar,https://dados.cvm.gov.br/dados/FIDC/DOC/INF_MENSAL/META/meta_inf_mensal_fidc_txt.zip,2026-10-07
X_6,DENOM_SOCIAL,Denominação Social,Alfanumérico,varchar,https://dados.cvm.gov.br/dados/FIDC/DOC/INF_MENSAL/META/meta_inf_mensal_fidc_txt.zip,2026-10-07
X_6,DT_COMPTC,Data de competência do documento,AAAA-MM-DD,date,https://dados.cvm.gov.br/dados/FIDC/DOC/INF_MENSAL/META/meta_inf_mensal_fidc_txt.zip,2026-10-07
X_6,TAB_X_CLASSE_SERIE,(X) Classe/Série,Alfanumérico,varchar,https://dados.cvm.gov.br/dados/FIDC/DOC/INF_MENSAL/META/meta_inf_mensal_fidc_txt.zip,2026-10-07
X_6,TAB_X_PR_DESEMP_REAL,"","",numeric,https://dados.cvm.gov.br/dados/FIDC/DOC/INF_MENSAL/META/meta_inf_mensal_fidc_txt.zip,2026-10-07
X_6,TAB_X_PR_DESEMP_ESPERADO,"","",numeric,https://dados.cvm.gov.br/dados/FIDC/DOC/INF_MENSAL/META/meta_inf_mensal_fidc_txt.zip,2026-10-07
X_7,CNPJ_FUNDO_CLASSE,CNPJ do fundo/classe,Alfanumérico,varchar,https://dados.cvm.gov.br/dados/FIDC/DOC/INF_MENSAL/META/meta_inf_mensal_fidc_txt.zip,2026-10-07
X_7,DENOM_SOCIAL,Denominação Social,Alfanumérico,varchar,https://dados.cvm.gov.br/dados/FIDC/DOC/INF_MENSAL/META/meta_inf_mensal_fidc_txt.zip,2026-10-07
X_7,DT_COMPTC,Data de competência do documento,AAAA-MM-DD,date,https://dados.cvm.gov.br/dados/FIDC/DOC/INF_MENSAL/META/meta_inf_mensal_fidc_txt.zip,2026-10-07
X_7,TP_FUNDO_CLASSE,Tipo de fundo/classe,Alfanumérico,varchar,https://dados.cvm.gov.br/dados/FIDC/DOC/INF_MENSAL/META/meta_inf_mensal_fidc_txt.zip,2026-10-07
X_7,TAB_X_PR_GARANTIA_DIRCRED,"","",numeric,https://dados.cvm.gov.br/dados/FIDC/DOC/INF_MENSAL/META/meta_inf_mensal_fidc_txt.zip,2026-10-07
X_7,TAB_X_VL_GARANTIA_DIRCRED,"","",numeric,https://dados.cvm.gov.br/dados/FIDC/DOC/INF_MENSAL/META/meta_inf_mensal_fidc_txt.zip,2026-10-07
