"item","valor","unidade"
"linhas_I_2026-07",4386,"linhas"
"linhas_I_2026-08",4397,"linhas"
"linhas_II_2026-07",4386,"linhas"
"linhas_II_2026-08",4397,"linhas"
"linhas_III_2026-07",4386,"linhas"
"linhas_III_2026-08",4397,"linhas"
"linhas_IV_2026-07",4386,"linhas"
"linhas_IV_2026-08",4397,"linhas"
"linhas_IX_2026-07",4386,"linhas"
"linhas_IX_2026-08",4397,"linhas"
"linhas_V_2026-07",4386,"linhas"
"linhas_V_2026-08",4397,"linhas"
"linhas_VI_2026-07",4386,"linhas"
"linhas_VI_2026-08",4397,"linhas"
"linhas_VII_2026-07",4386,"linhas"
"linhas_VII_2026-08",4397,"linhas"
"linhas_VIII_2026-07",41248,"linhas"
"linhas_VIII_2026-08",42796,"linhas"
"linhas_X_2026-07",4386,"linhas"
"linhas_X_2026-08",4397,"linhas"
"linhas_X_1_2026-07",11790,"linhas"
"linhas_X_1_2026-08",12021,"linhas"
"linhas_X_1_1_2026-07",4386,"linhas"
"linhas_X_1_1_2026-08",4397,"linhas"
"linhas_X_2_2026-07",12375,"linhas"
"linhas_X_2_2026-08",12534,"linhas"
"linhas_X_3_2026-07",12378,"linhas"
"linhas_X_3_2026-08",12534,"linhas"
"linhas_X_4_2026-07",46976,"linhas"
"linhas_X_4_2026-08",47939,"linhas"
"linhas_X_5_2026-07",4386,"linhas"
"linhas_X_5_2026-08",4397,"linhas"
"linhas_X_6_2026-07",12178,"linhas"
"linhas_X_6_2026-08",12287,"linhas"
"linhas_X_7_2026-07",4386,"linhas"
"linhas_X_7_2026-08",4397,"linhas"
"zip_validos",2,"ZIP"
"membros_csv",36,"CSV"
"linhas_flat",8783,"linhas"
"colunas_flat",14749,"colunas"
"linhas_cedentes",7004,"linhas"
"uniao_chaves",8783,"pares"
