"tabela","competencia","registros","fundos_cnpj"
"I","2026-07",4386,4386
"I","2026-08",4397,4397
"II","2026-07",4386,4386
"II","2026-08",4397,4397
"III","2026-07",4386,4386
"III","2026-08",4397,4397
"IV","2026-07",4386,4386
"IV","2026-08",4397,4397
"IX","2026-07",4386,4386
"IX","2026-08",4397,4397
"V","2026-07",4386,4386
"V","2026-08",4397,4397
"VI","2026-07",4386,4386
"VI","2026-08",4397,4397
"VII","2026-07",4386,4386
"VII","2026-08",4397,4397
"VIII","2026-07",41248,3044
"VIII","2026-08",42796,3090
"X","2026-07",4386,4386
"X","2026-08",4397,4397
"X_1","2026-07",11790,4386
"X_1","2026-08",12021,4397
"X_1_1","2026-07",4386,4386
"X_1_1","2026-08",4397,4397
"X_2","2026-07",12375,4386
"X_2","2026-08",12534,4397
"X_3","2026-07",12378,4386
"X_3","2026-08",12534,4397
"X_4","2026-07",46976,4386
"X_4","2026-08",47939,4397
"X_5","2026-07",4386,4386
"X_5","2026-08",4397,4397
"X_6","2026-07",12178,4386
"X_6","2026-08",12287,4321
"X_7","2026-07",4386,4386
"X_7","2026-08",4397,4397
